"","Year","section","plot","Crop","Yield.t.ha","Yield.tDM.ha","Straw.t.ha","Straw.tDM.ha","N.offtake.kg.ha","P.offtake.kg.ha","K.offtake.kg.ha","Grain.N.offtake.kg.ha","Grain.P.offtake.kg.ha","Grain.K.offtake.kg.ha","Straw.N.offtake.kg.ha","Straw.P.offtake.kg.ha","Straw.K.offtake.kg.ha","Trt","Treatment","N.rate.kg.ha","P.rate.kg.ha","K.rate.kg.ha","FYM.tFM.ha","FYMN.rate.kg.ha","FYMP.rate.kg.ha","FYMK.rate.kg.ha"
"1",1970,2,1,"potato",29.92,6.1336,NA,NA,87.09712,10.059104,170.268736,NA,NA,NA,NA,NA,NA,"FYM+NPK","FYM N2 PK",96,35,90,35,273.028,55.7375,356.97725
"2",1973,2,1,"potato",38.88,8.47584,NA,NA,114.42384,20.0029824,216.981504,NA,NA,NA,NA,NA,NA,"FYM+NPK","FYM N2 PK",96,35,90,35,263.9952,28.5768,330.9768
"3",1976,2,1,"potato",30.27,5.69076,NA,NA,93.89754,NA,NA,NA,NA,NA,NA,NA,NA,"FYM+NPK","FYM N2 PK",96,35,90,35,189,43.64885,466.42225
"4",1980,2,1,"potato",52.88,10.576,NA,NA,132.2,NA,NA,NA,NA,NA,NA,NA,NA,"FYM+NPK","FYM N2 PK",96,35,90,35,259,34.9209,352.2456
"5",1983,2,1,"potato",16.87,3.91384,NA,NA,65.752512,NA,NA,NA,NA,NA,NA,NA,NA,"FYM+NPK","FYM N2 PK",96,35,90,35,231,43.086925,349.0403
"6",1988,2,1,"potato",51.97,11.01764,NA,NA,172.976948,19.64445212,277.84284552,NA,NA,NA,NA,NA,NA,"FYM+NPK","FYM N4 PK",192,35,90,35,213.5,28.2744,218.988
"7",1993,2,1,"potato",22.12,5.06548,NA,NA,74.0573176,9.1685188,115.746218,NA,NA,NA,NA,NA,NA,"FYM+NPK","FYM N4 PK",192,35,90,35,287,54.77374,428.0332
"8",1987,3,1,"potato",38.27,7.654,NA,NA,117.8716,21.132694,194.350368,NA,NA,NA,NA,NA,NA,"FYM+NPK","FYM N4 PK",192,35,90,35,227.5,35.21175,332.1024
"9",1992,3,1,"potato",53.97,10.74003,NA,NA,175.062489,26.48491398,278.44601778,NA,NA,NA,NA,NA,NA,"FYM+NPK","FYM N4 PK",192,35,90,35,192.5,52.4832,390.642
"10",1969,4,1,"potato",36.54,8.80614,NA,NA,132.972714,16.3794204,196.1127378,NA,NA,NA,NA,NA,NA,"FYM+NPK","FYM N2 PK",96,35,90,35,221.99492,46.1888,302.03145
"11",1972,4,1,"potato",34.98,8.53512,NA,NA,126.319776,13.8268944,213.6340536,NA,NA,NA,NA,NA,NA,"FYM+NPK","FYM N2 PK",96,35,90,35,300.993525,46.404225,365.99325
"12",1975,4,1,"potato",11.91,2.51301,NA,NA,43.977675,5.02602,69.359076,NA,NA,NA,NA,NA,NA,"FYM+NPK","FYM N2 PK",96,35,90,35,228.01996,39.92814,269.0044
"13",1978,4,1,"potato",29.06,6.62568,NA,NA,75.532752,NA,NA,NA,NA,NA,NA,NA,NA,"FYM+NPK","FYM N2 PK",96,35,90,35,283.5,44.10994,370.9048
"14",1979,4,1,"potato",25.58,5.14158,NA,NA,64.783908,NA,NA,NA,NA,NA,NA,NA,NA,"FYM+NPK","FYM N2 PK",96,35,90,35,210,29.80061,285.2248
"15",1982,4,1,"potato",41.02,9.51664,NA,NA,119.909664,NA,NA,NA,NA,NA,NA,NA,NA,"FYM+NPK","FYM N2 PK",96,35,90,35,273,57.56625,410.2875
"16",1985,4,1,"potato",44.57,9.04771,NA,NA,101.334352,NA,NA,NA,NA,NA,NA,NA,NA,"FYM+NPK","FYM N2 PK",96,35,90,35,255.5,44.31392,379.4
"17",1990,4,1,"potato",14.5,3.277,NA,NA,60.6245,6.901362,90.405876,NA,NA,NA,NA,NA,NA,"FYM+NPK","FYM N4 PK",192,35,90,35,290.5,48.64552,419.5268
"18",1995,4,1,"potato",8.91,1.96911,NA,NA,37.0980324,4.8440106,46.864818,NA,NA,NA,NA,NA,NA,"FYM+NPK","FYM N4 PK",192,35,90,35,273,66.51876,402.2676
"19",1986,5,1,"potato",46.07,8.20046,NA,NA,140.227866,21.0751822,238.7973952,NA,NA,NA,NA,NA,NA,"FYM+NPK","FYM N4 PK",192,35,90,35,262.5,36.392825,376.1793
"20",1991,5,1,"potato",41.94,8.68158,NA,NA,130.2237,20.75765778,223.55936658,NA,NA,NA,NA,NA,NA,"FYM+NPK","FYM N4 PK",192,35,90,35,280,57.155,477.96875
"21",1996,5,1,"potato",35.11,7.19755,NA,NA,112.2098045,14.683002,175.044416,NA,NA,NA,NA,NA,NA,"FYM+NPK","FYM N4 PK",192,35,90,35,287,66.4664,397.8688
"22",1968,7,1,"potato",34.57,7.77825,NA,NA,90.2277,17.73441,130.6746,NA,NA,NA,NA,NA,NA,"FYM+NPK","FYM N2 PK",96,35,90,35,217.00875,46.029375,324.043125
"23",1971,7,1,"potato",36.16,8.28064,NA,NA,120.897344,16.7268928,209.6658048,NA,NA,NA,NA,NA,NA,"FYM+NPK","FYM N2 PK",96,35,90,35,236.001675,41.936475,343.022925
"24",1974,7,1,"potato",58.52,12.40624,NA,NA,137.709264,24.81248,295.268512,NA,NA,NA,NA,NA,NA,"FYM+NPK","FYM N2 PK",96,35,90,35,245.00112,37.4738,307.99587
"25",1977,7,1,"potato",25.03,5.006,NA,NA,65.5786,NA,NA,NA,NA,NA,NA,NA,NA,"FYM+NPK","FYM N2 PK",96,35,90,35,287,44.15649,383.8338
"26",1981,7,1,"potato",27.74,5.04868,NA,NA,65.63284,NA,NA,NA,NA,NA,NA,NA,NA,"FYM+NPK","FYM N2 PK",96,35,90,35,238,39.4002,298.1034
"27",1984,7,1,"potato",21.8,4.8614,NA,NA,71.94872,NA,NA,NA,NA,NA,NA,NA,NA,"FYM+NPK","FYM N2 PK",96,35,90,35,252,49.774725,336.336
"28",1989,7,1,"potato",21.54,5.1696,NA,NA,89.95104,8.452296,139.4189424,NA,NA,NA,NA,NA,NA,"FYM+NPK","FYM N4 PK",192,35,90,35,224,34.19094,243.6441
"29",1994,7,1,"potato",15.57,3.17628,NA,NA,49.6134936,5.6220156,71.3392488,NA,NA,NA,NA,NA,NA,"FYM+NPK","FYM N4 PK",192,35,90,35,196,46.70575,308.25795
"30",1970,2,10,"potato",10.68,2.76612,NA,NA,39.555516,4.0385352,34.6318224,NA,NA,NA,NA,NA,NA,"N","N2",96,0,0,0,0,0,0
"31",1973,2,10,"potato",14.52,3.51384,NA,NA,56.572824,6.324912,40.057776,NA,NA,NA,NA,NA,NA,"N","N2",96,0,0,0,0,0,0
"32",1976,2,10,"potato",10.6,2.5122,NA,NA,46.72692,NA,NA,NA,NA,NA,NA,NA,NA,"N","N2",96,0,0,0,0,0,0
"33",1980,2,10,"potato",10.83,2.41509,NA,NA,35.018805,NA,NA,NA,NA,NA,NA,NA,NA,"N","N2",96,0,0,0,0,0,0
"34",1983,2,10,"potato",4.65,1.1253,NA,NA,18.11733,NA,NA,NA,NA,NA,NA,NA,NA,"N","N2",96,0,0,0,0,0,0
"35",1988,2,10,"potato",8.38,2.06148,NA,NA,29.479164,2.22433692,24.46564464,NA,NA,NA,NA,NA,NA,"N","N2",96,0,0,0,0,0,0
"36",1993,2,10,"potato",6.45,1.5351,NA,NA,24.070368,2.225895,21.122976,NA,NA,NA,NA,NA,NA,"N","N2",96,0,0,0,0,0,0
"37",1987,3,10,"potato",5.54,1.25758,NA,NA,18.486426,1.7668999,18.28018288,NA,NA,NA,NA,NA,NA,"N","N2",96,0,0,0,0,0,0
"38",1992,3,10,"potato",7.34,1.77628,NA,NA,25.75606,2.50810736,26.93018108,NA,NA,NA,NA,NA,NA,"N","N2",96,0,0,0,0,0,0
"39",1969,4,10,"potato",7.59,1.83678,NA,NA,32.14365,3.2327328,24.7597944,NA,NA,NA,NA,NA,NA,"N","N2",96,0,0,0,0,0,0
"40",1972,4,10,"potato",8.06,2.0553,NA,NA,37.40646,3.49401,24.786918,NA,NA,NA,NA,NA,NA,"N","N2",96,0,0,0,0,0,0
"41",1975,4,10,"potato",5.28,1.39392,NA,NA,23.836032,2.648448,19.793664,NA,NA,NA,NA,NA,NA,"N","N2",96,0,0,0,0,0,0
"42",1978,4,10,"potato",11.65,2.7727,NA,NA,40.20415,NA,NA,NA,NA,NA,NA,NA,NA,"N","N2",96,0,0,0,0,0,0
"43",1979,4,10,"potato",7.74,1.8576,NA,NA,24.52032,NA,NA,NA,NA,NA,NA,NA,NA,"N","N2",96,0,0,0,0,0,0
"44",1982,4,10,"potato",8.46,1.8612,NA,NA,28.29024,NA,NA,NA,NA,NA,NA,NA,NA,"N","N2",96,0,0,0,0,0,0
"45",1985,4,10,"potato",10.43,2.45105,NA,NA,36.520645,NA,NA,NA,NA,NA,NA,NA,NA,"N","N2",96,0,0,0,0,0,0
"46",1990,4,10,"potato",5.07,1.18131,NA,NA,20.200401,1.63729566,18.05159811,NA,NA,NA,NA,NA,NA,"N","N2",96,0,0,0,0,0,0
"47",1995,4,10,"potato",2.36,0.58292,NA,NA,8.131734,0.699504,7.9393704,NA,NA,NA,NA,NA,NA,"N","N2",96,0,0,0,0,0,0
"48",1986,5,10,"potato",16.09,3.42717,NA,NA,48.665814,6.78922377,54.89640906,NA,NA,NA,NA,NA,NA,"N","N2",96,0,0,0,0,0,0
"49",1991,5,10,"potato",8.69,2.04215,NA,NA,26.752165,2.86513645,30.19727205,NA,NA,NA,NA,NA,NA,"N","N2",96,0,0,0,0,0,0
"50",1996,5,10,"potato",5.18,1.20176,NA,NA,16.6924464,1.6103584,15.8872672,NA,NA,NA,NA,NA,NA,"N","N2",96,0,0,0,0,0,0
"51",1968,7,10,"potato",7.42,1.58046,NA,NA,27.65805,3.3505752,21.020118,NA,NA,NA,NA,NA,NA,"N","N2",96,0,0,0,0,0,0
"52",1971,7,10,"potato",9.22,2.305,NA,NA,38.9545,4.0107,28.8586,NA,NA,NA,NA,NA,NA,"N","N2",96,0,0,0,0,0,0
"53",1974,7,10,"potato",12.76,3.02412,NA,NA,45.3618,5.141004,37.8015,NA,NA,NA,NA,NA,NA,"N","N2",96,0,0,0,0,0,0
"54",1977,7,10,"potato",6.43,1.44032,NA,NA,23.909312,NA,NA,NA,NA,NA,NA,NA,NA,"N","N2",96,0,0,0,0,0,0
"55",1981,7,10,"potato",5.63,1.18793,NA,NA,16.155848,NA,NA,NA,NA,NA,NA,NA,NA,"N","N2",96,0,0,0,0,0,0
"56",1984,7,10,"potato",8.35,2.004,NA,NA,27.2544,NA,NA,NA,NA,NA,NA,NA,NA,"N","N2",96,0,0,0,0,0,0
"57",1989,7,10,"potato",5.55,1.28205,NA,NA,21.153825,2.13461325,21.62177325,NA,NA,NA,NA,NA,NA,"N","N2",96,0,0,0,0,0,0
"58",1994,7,10,"potato",3.71,0.86443,NA,NA,12.447792,1.0546046,11.3586102,NA,NA,NA,NA,NA,NA,"N","N2",96,0,0,0,0,0,0
"59",1970,2,11,"potato",8.56,2.03728,NA,NA,35.6524,4.482016,27.1773152,NA,NA,NA,NA,NA,NA,"NP","N2 P",96,35,0,0,0,0,0
"60",1973,2,11,"potato",12.2,2.806,NA,NA,51.0692,6.22932,29.7436,NA,NA,NA,NA,NA,NA,"NP","N2 P",96,35,0,0,0,0,0
"61",1976,2,11,"potato",8.27,2.00961,NA,NA,40.1922,NA,NA,NA,NA,NA,NA,NA,NA,"NP","N2 P",96,35,0,0,0,0,0
"62",1980,2,11,"potato",16.1,3.3488,NA,NA,60.2784,NA,NA,NA,NA,NA,NA,NA,NA,"NP","N2 P",96,35,0,0,0,0,0
"63",1983,2,11,"potato",4.81,1.18326,NA,NA,20.470398,NA,NA,NA,NA,NA,NA,NA,NA,"NP","N2 P",96,35,0,0,0,0,0
"64",1988,2,11,"potato",8.46,1.89504,NA,NA,35.626752,5.12418816,22.7973312,NA,NA,NA,NA,NA,NA,"NP","N2 P",96,35,0,0,0,0,0
"65",1993,2,11,"potato",8.29,2.03934,NA,NA,31.1203284,5.5673982,26.1647322,NA,NA,NA,NA,NA,NA,"NP","N2 P",96,35,0,0,0,0,0
"66",1987,3,11,"potato",6.56,1.38416,NA,NA,25.745376,4.12341264,17.41826944,NA,NA,NA,NA,NA,NA,"NP","N2 P",96,35,0,0,0,0,0
"67",1992,3,11,"potato",7.25,1.70375,NA,NA,29.815625,4.42804625,20.5233725,NA,NA,NA,NA,NA,NA,"NP","N2 P",96,35,0,0,0,0,0
"68",1969,4,11,"potato",6.13,1.4099,NA,NA,29.04394,3.52475,16.35484,NA,NA,NA,NA,NA,NA,"NP","N2 P",96,35,0,0,0,0,0
"69",1972,4,11,"potato",6.63,1.56468,NA,NA,28.16424,3.6300576,18.5101644,NA,NA,NA,NA,NA,NA,"NP","N2 P",96,35,0,0,0,0,0
"70",1975,4,11,"potato",5.83,1.48665,NA,NA,27.35436,3.56796,21.11043,NA,NA,NA,NA,NA,NA,"NP","N2 P",96,35,0,0,0,0,0
"71",1978,4,11,"potato",12.16,3.04,NA,NA,48.032,NA,NA,NA,NA,NA,NA,NA,NA,"NP","N2 P",96,35,0,0,0,0,0
"72",1979,4,11,"potato",7.94,1.91354,NA,NA,30.233932,NA,NA,NA,NA,NA,NA,NA,NA,"NP","N2 P",96,35,0,0,0,0,0
"73",1982,4,11,"potato",18.09,4.32351,NA,NA,70.040862,NA,NA,NA,NA,NA,NA,NA,NA,"NP","N2 P",96,35,0,0,0,0,0
"74",1985,4,11,"potato",13.02,3.28104,NA,NA,39.044376,NA,NA,NA,NA,NA,NA,NA,NA,"NP","N2 P",96,35,0,0,0,0,0
"75",1990,4,11,"potato",5.99,1.42562,NA,NA,26.659094,3.11640532,18.8324402,NA,NA,NA,NA,NA,NA,"NP","N2 P",96,35,0,0,0,0,0
"76",1995,4,11,"potato",3.47,0.81198,NA,NA,15.0865884,1.8756738,8.7044256,NA,NA,NA,NA,NA,NA,"NP","N2 P",96,35,0,0,0,0,0
"77",1986,5,11,"potato",15.61,3.66835,NA,NA,55.75892,9.4129861,44.44206025,NA,NA,NA,NA,NA,NA,"NP","N2 P",96,35,0,0,0,0,0
"78",1991,5,11,"potato",9.99,2.35764,NA,NA,35.128836,6.28075296,30.41827128,NA,NA,NA,NA,NA,NA,"NP","N2 P",96,35,0,0,0,0,0
"79",1996,5,11,"potato",6.85,1.6303,NA,NA,25.497892,3.58666,18.438693,NA,NA,NA,NA,NA,NA,"NP","N2 P",96,35,0,0,0,0,0
"80",1968,7,11,"potato",7.68,1.63584,NA,NA,26.99136,5.1038208,21.593088,NA,NA,NA,NA,NA,NA,"NP","N2 P",96,35,0,0,0,0,0
"81",1971,7,11,"potato",6.24,1.38528,NA,NA,30.47616,4.0450176,15.7090752,NA,NA,NA,NA,NA,NA,"NP","N2 P",96,35,0,0,0,0,0
"82",1974,7,11,"potato",11,2.442,NA,NA,45.4212,7.22832,25.3968,NA,NA,NA,NA,NA,NA,"NP","N2 P",96,35,0,0,0,0,0
"83",1977,7,11,"potato",4.28,0.97584,NA,NA,19.711968,NA,NA,NA,NA,NA,NA,NA,NA,"NP","N2 P",96,35,0,0,0,0,0
"84",1981,7,11,"potato",7.97,1.78528,NA,NA,28.028896,NA,NA,NA,NA,NA,NA,NA,NA,"NP","N2 P",96,35,0,0,0,0,0
"85",1984,7,11,"potato",9.45,2.3436,NA,NA,38.20068,NA,NA,NA,NA,NA,NA,NA,NA,"NP","N2 P",96,35,0,0,0,0,0
"86",1989,7,11,"potato",6.45,1.5738,NA,NA,30.6891,4.1752914,23.079777,NA,NA,NA,NA,NA,NA,"NP","N2 P",96,35,0,0,0,0,0
"87",1994,7,11,"potato",3.2,0.7488,NA,NA,12.370176,1.467648,7.944768,NA,NA,NA,NA,NA,NA,"NP","N2 P",96,35,0,0,0,0,0
"117",1970,2,13,"potato",19.37,3.83526,NA,NA,60.980634,8.437572,110.7623088,NA,NA,NA,NA,NA,NA,"NPK","N2 PK",96,35,90,0,0,0,0
"118",1973,2,13,"potato",33.28,8.12032,NA,NA,89.32352,19.9759872,196.511744,NA,NA,NA,NA,NA,NA,"NPK","N2 PK",96,35,90,0,0,0,0
"119",1976,2,13,"potato",22.36,4.49436,NA,NA,79.550172,NA,NA,NA,NA,NA,NA,NA,NA,"NPK","N2 PK",96,35,90,0,0,0,0
"120",1980,2,13,"potato",35.38,7.11138,NA,NA,97.425906,NA,NA,NA,NA,NA,NA,NA,NA,"NPK","N2 PK",96,35,90,0,0,0,0
"121",1983,2,13,"potato",9.73,1.89735,NA,NA,34.53177,NA,NA,NA,NA,NA,NA,NA,NA,"NPK","N2 PK",96,35,90,0,0,0,0
"122",1988,2,13,"potato",26.97,5.42097,NA,NA,85.109229,10.87988679,132.19035345,NA,NA,NA,NA,NA,NA,"NPK","N2 PK",96,35,90,0,0,0,0
"123",1993,2,13,"potato",10.22,2.12576,NA,NA,33.0343104,5.3356576,51.5284224,NA,NA,NA,NA,NA,NA,"NPK","N2 PK",96,35,90,0,0,0,0
"124",1987,3,13,"potato",22.29,4.14594,NA,NA,62.603694,11.99005848,103.36243014,NA,NA,NA,NA,NA,NA,"NPK","N2 PK",96,35,90,0,0,0,0
"125",1992,3,13,"potato",15.55,3.1722,NA,NA,46.63134,7.9019502,76.9956384,NA,NA,NA,NA,NA,NA,"NPK","N2 PK",96,35,90,0,0,0,0
"126",1969,4,13,"potato",25.46,5.57574,NA,NA,83.6361,13.1587464,147.0322638,NA,NA,NA,NA,NA,NA,"NPK","N2 PK",96,35,90,0,0,0,0
"127",1972,4,13,"potato",22.26,5.18658,NA,NA,73.649436,11.929134,142.3197552,NA,NA,NA,NA,NA,NA,"NPK","N2 PK",96,35,90,0,0,0,0
"128",1975,4,13,"potato",9.64,2.05332,NA,NA,35.9331,5.0511672,57.49296,NA,NA,NA,NA,NA,NA,"NPK","N2 PK",96,35,90,0,0,0,0
"129",1978,4,13,"potato",19.96,4.33132,NA,NA,57.173424,NA,NA,NA,NA,NA,NA,NA,NA,"NPK","N2 PK",96,35,90,0,0,0,0
"130",1979,4,13,"potato",15.86,3.172,NA,NA,48.2144,NA,NA,NA,NA,NA,NA,NA,NA,"NPK","N2 PK",96,35,90,0,0,0,0
"131",1982,4,13,"potato",32.24,7.12504,NA,NA,103.31308,NA,NA,NA,NA,NA,NA,NA,NA,"NPK","N2 PK",96,35,90,0,0,0,0
"132",1985,4,13,"potato",19.84,3.968,NA,NA,61.504,NA,NA,NA,NA,NA,NA,NA,NA,"NPK","N2 PK",96,35,90,0,0,0,0
"133",1990,4,13,"potato",9.44,1.89744,NA,NA,38.707776,4.44190704,51.92154816,NA,NA,NA,NA,NA,NA,"NPK","N2 PK",96,35,90,0,0,0,0
"134",1995,4,13,"potato",7.66,1.51668,NA,NA,27.3305736,3.5793648,36.02115,NA,NA,NA,NA,NA,NA,"NPK","N2 PK",96,35,90,0,0,0,0
"135",1986,5,13,"potato",29.86,6.1213,NA,NA,83.86181,14.7278478,147.4866022,NA,NA,NA,NA,NA,NA,"NPK","N2 PK",96,35,90,0,0,0,0
"136",1991,5,13,"potato",18.32,3.59072,NA,NA,54.219872,9.93911296,90.4502368,NA,NA,NA,NA,NA,NA,"NPK","N2 PK",96,35,90,0,0,0,0
"137",1996,5,13,"potato",11.43,2.19456,NA,NA,37.2416832,5.1352704,53.108352,NA,NA,NA,NA,NA,NA,"NPK","N2 PK",96,35,90,0,0,0,0
"138",1968,7,13,"potato",22.97,4.98449,NA,NA,55.327839,13.1590536,110.655678,NA,NA,NA,NA,NA,NA,"NPK","N2 PK",96,35,90,0,0,0,0
"139",1971,7,13,"potato",25.75,5.8195,NA,NA,87.2925,12.22095,153.98397,NA,NA,NA,NA,NA,NA,"NPK","N2 PK",96,35,90,0,0,0,0
"140",1974,7,13,"potato",39.37,8.6614,NA,NA,84.88172,19.05508,204.40904,NA,NA,NA,NA,NA,NA,"NPK","N2 PK",96,35,90,0,0,0,0
"141",1977,7,13,"potato",14.82,3.02328,NA,NA,46.256184,NA,NA,NA,NA,NA,NA,NA,NA,"NPK","N2 PK",96,35,90,0,0,0,0
"142",1981,7,13,"potato",14.44,2.62808,NA,NA,36.267504,NA,NA,NA,NA,NA,NA,NA,NA,"NPK","N2 PK",96,35,90,0,0,0,0
"143",1984,7,13,"potato",17.33,3.62197,NA,NA,60.124702,NA,NA,NA,NA,NA,NA,NA,NA,"NPK","N2 PK",96,35,90,0,0,0,0
"144",1989,7,13,"potato",14.01,3.02616,NA,NA,53.563032,7.035822,81.68513688,NA,NA,NA,NA,NA,NA,"NPK","N2 PK",96,35,90,0,0,0,0
"145",1994,7,13,"potato",8.72,1.7004,NA,NA,25.999116,3.077724,40.588548,NA,NA,NA,NA,NA,NA,"NPK","N2 PK",96,35,90,0,0,0,0
"146",1970,2,14,"potato",20.99,4.86968,NA,NA,79.375784,9.73936,72.6556256,NA,NA,NA,NA,NA,NA,"N4PKMg","N2 PKMg*",96,35,90,0,0,0,0
"147",1973,2,14,"potato",32.34,8.66712,NA,NA,104.00544,17.8542672,128.273376,NA,NA,NA,NA,NA,NA,"N4PKMg","N2 PKMg*",96,35,90,0,0,0,0
"148",1976,2,14,"potato",22.43,4.97946,NA,NA,77.679576,NA,NA,NA,NA,NA,NA,NA,NA,"N4PKMg","N2 PKMg*",96,35,90,0,0,0,0
"149",1980,2,14,"potato",41.21,9.4783,NA,NA,107.10479,NA,NA,NA,NA,NA,NA,NA,NA,"N4PKMg","N2 PKMg*",96,35,90,0,0,0,0
"150",1983,2,14,"potato",11.74,2.8763,NA,NA,36.52901,NA,NA,NA,NA,NA,NA,NA,NA,"N4PKMg","N2 PKMg*",96,35,90,0,0,0,0
"151",1988,2,14,"potato",43.53,11.01309,NA,NA,121.14399,15.26414274,198.97349703,NA,NA,NA,NA,NA,NA,"N4PKMg","N2 PKMg*",96,35,90,0,0,0,0
"152",1993,2,14,"potato",22.65,5.4813,NA,NA,64.569714,8.934519,108.036423,NA,NA,NA,NA,NA,NA,"N4PKMg","N2 PKMg*",96,35,90,0,0,0,0
"153",1987,3,14,"potato",35.29,8.08141,NA,NA,76.773395,17.87607892,165.98407999,NA,NA,NA,NA,NA,NA,"N4PKMg","N2 PKMg*",96,35,90,0,0,0,0
"154",1992,3,14,"potato",32.36,7.70168,NA,NA,90.879824,14.91815416,155.40449904,NA,NA,NA,NA,NA,NA,"N4PKMg","N2 PKMg*",96,35,90,0,0,0,0
"155",1969,4,14,"potato",24.09,5.73342,NA,NA,100.33485,12.8428608,84.6826134,NA,NA,NA,NA,NA,NA,"N4PKMg","N2 PKMg*",96,35,90,0,0,0,0
"156",1972,4,14,"potato",22.62,6.17526,NA,NA,86.45364,11.3624784,85.4655984,NA,NA,NA,NA,NA,NA,"N4PKMg","N2 PKMg*",96,35,90,0,0,0,0
"157",1975,4,14,"potato",12.42,3.14226,NA,NA,50.27616,6.0959844,57.189132,NA,NA,NA,NA,NA,NA,"N4PKMg","N2 PKMg*",96,35,90,0,0,0,0
"158",1978,4,14,"potato",30.67,7.69817,NA,NA,69.28353,NA,NA,NA,NA,NA,NA,NA,NA,"N4PKMg","N2 PKMg*",96,35,90,0,0,0,0
"159",1979,4,14,"potato",22.88,5.3768,NA,NA,57.53176,NA,NA,NA,NA,NA,NA,NA,NA,"N4PKMg","N2 PKMg*",96,35,90,0,0,0,0
"160",1982,4,14,"potato",41.34,10.29366,NA,NA,112.200894,NA,NA,NA,NA,NA,NA,NA,NA,"N4PKMg","N2 PKMg*",96,35,90,0,0,0,0
"161",1985,4,14,"potato",37.46,9.10278,NA,NA,138.362256,NA,NA,NA,NA,NA,NA,NA,NA,"N4PKMg","N2 PKMg*",96,35,90,0,0,0,0
"162",1990,4,14,"potato",16.87,4.08254,NA,NA,71.852704,7.60577202,100.42231892,NA,NA,NA,NA,NA,NA,"N4PKMg","N2 PKMg*",96,35,90,0,0,0,0
"163",1995,4,14,"potato",10.93,2.60134,NA,NA,41.9336008,4.422278,45.2893294,NA,NA,NA,NA,NA,NA,"N4PKMg","N2 PKMg*",96,35,90,0,0,0,0
"164",1986,5,14,"potato",35.99,7.30597,NA,NA,65.023133,17.86309665,157.26831022,NA,NA,NA,NA,NA,NA,"N4PKMg","N2 PKMg*",96,35,90,0,0,0,0
"165",1991,5,14,"potato",31.06,7.6097,NA,NA,68.4873,14.1388226,153.9061825,NA,NA,NA,NA,NA,NA,"N4PKMg","N2 PKMg*",96,35,90,0,0,0,0
"166",1996,5,14,"potato",28.26,6.83892,NA,NA,94.3087068,9.9848232,119.0655972,NA,NA,NA,NA,NA,NA,"N4PKMg","N2 PKMg*",96,35,90,0,0,0,0
"167",1968,7,14,"potato",16.01,3.79437,NA,NA,41.73807,10.5483486,52.362306,NA,NA,NA,NA,NA,NA,"N4PKMg","N2 PKMg*",96,35,90,0,0,0,0
"168",1971,7,14,"potato",22.79,6.08493,NA,NA,97.35888,13.1434488,94.8032094,NA,NA,NA,NA,NA,NA,"N4PKMg","N2 PKMg*",96,35,90,0,0,0,0
"169",1974,7,14,"potato",35.05,8.51715,NA,NA,86.023215,19.589445,126.05382,NA,NA,NA,NA,NA,NA,"N4PKMg","N2 PKMg*",96,35,90,0,0,0,0
"170",1977,7,14,"potato",20.09,4.66088,NA,NA,55.464472,NA,NA,NA,NA,NA,NA,NA,NA,"N4PKMg","N2 PKMg*",96,35,90,0,0,0,0
"171",1981,7,14,"potato",17.97,3.62994,NA,NA,39.92934,NA,NA,NA,NA,NA,NA,NA,NA,"N4PKMg","N2 PKMg*",96,35,90,0,0,0,0
"172",1984,7,14,"potato",20.79,5.07276,NA,NA,63.4095,NA,NA,NA,NA,NA,NA,NA,NA,"N4PKMg","N2 PKMg*",96,35,90,0,0,0,0
"173",1989,7,14,"potato",18.35,4.31225,NA,NA,66.839875,8.762492,102.66173575,NA,NA,NA,NA,NA,NA,"N4PKMg","N2 PKMg*",96,35,90,0,0,0,0
"174",1994,7,14,"potato",29.41,6.11728,NA,NA,86.0089568,9.8488208,114.699,NA,NA,NA,NA,NA,NA,"N4PKMg","N2 PKMg*",96,35,90,0,0,0,0
"204",1970,2,16,"potato",28.07,6.09119,NA,NA,70.048685,11.573261,170.1878486,NA,NA,NA,NA,NA,NA,"N5PKMg","N3 PK(Na)Mg",144,35,90,0,0,0,0
"205",1973,2,16,"potato",37,9.287,NA,NA,92.87,22.66028,228.4602,NA,NA,NA,NA,NA,NA,"N5PKMg","N3 PK(Na)Mg",144,35,90,0,0,0,0
"206",1976,2,16,"potato",27.95,5.61795,NA,NA,91.01079,NA,NA,NA,NA,NA,NA,NA,NA,"N5PKMg","N3 PK(Na)Mg",144,35,90,0,0,0,0
"207",1980,2,16,"potato",42.49,8.9229,NA,NA,140.98182,NA,NA,NA,NA,NA,NA,NA,NA,"N5PKMg","N3 PK(Na)Mg",144,35,90,0,0,0,0
"208",1983,2,16,"potato",13.27,2.87959,NA,NA,45.209563,NA,NA,NA,NA,NA,NA,NA,NA,"N5PKMg","N3 PK(Na)Mg",144,35,90,0,0,0,0
"209",1988,2,16,"potato",51.63,11.30697,NA,NA,165.081762,15.72799527,263.19234069,NA,NA,NA,NA,NA,NA,"N5PKMg","N5 PKMg",240,35,90,0,0,0,0
"210",1993,2,16,"potato",27.59,6.37329,NA,NA,83.4263661,9.2412705,135.6236112,NA,NA,NA,NA,NA,NA,"N5PKMg","N5 PKMg",240,35,90,0,0,0,0
"211",1987,3,16,"potato",40.07,8.014,NA,NA,119.4086,17.638814,185.556156,NA,NA,NA,NA,NA,NA,"N5PKMg","N5 PKMg",240,35,90,0,0,0,0
"212",1992,3,16,"potato",46.17,9.88038,NA,NA,136.349244,16.4508327,225.23314248,NA,NA,NA,NA,NA,NA,"N5PKMg","N5 PKMg",240,35,90,0,0,0,0
"213",1969,4,16,"potato",35.62,8.12136,NA,NA,105.57768,17.7045648,197.9987568,NA,NA,NA,NA,NA,NA,"N5PKMg","N3 PK(Na)Mg",144,35,90,0,0,0,0
"214",1972,4,16,"potato",32.7,8.502,NA,NA,100.3236,14.96352,202.85772,NA,NA,NA,NA,NA,NA,"N5PKMg","N3 PK(Na)Mg",144,35,90,0,0,0,0
"215",1975,4,16,"potato",12.33,2.76192,NA,NA,44.466912,6.076224,72.362304,NA,NA,NA,NA,NA,NA,"N5PKMg","N3 PK(Na)Mg",144,35,90,0,0,0,0
"216",1978,4,16,"potato",29.68,7.21224,NA,NA,69.958728,NA,NA,NA,NA,NA,NA,NA,NA,"N5PKMg","N3 PK(Na)Mg",144,35,90,0,0,0,0
"217",1979,4,16,"potato",23.35,5.1837,NA,NA,53.91048,NA,NA,NA,NA,NA,NA,NA,NA,"N5PKMg","N3 PK(Na)Mg",144,35,90,0,0,0,0
"218",1982,4,16,"potato",41.62,10.03042,NA,NA,115.34983,NA,NA,NA,NA,NA,NA,NA,NA,"N5PKMg","N3 PK(Na)Mg",144,35,90,0,0,0,0
"219",1985,4,16,"potato",48.5,10.3305,NA,NA,144.627,NA,NA,NA,NA,NA,NA,NA,NA,"N5PKMg","N3 PK(Na)Mg",144,35,90,0,0,0,0
"220",1990,4,16,"potato",20.88,4.78152,NA,NA,79.851384,6.22075752,117.63495504,NA,NA,NA,NA,NA,NA,"N5PKMg","N5 PKMg",240,35,90,0,0,0,0
"221",1995,4,16,"potato",11.74,2.66498,NA,NA,47.703142,4.0507696,58.0166146,NA,NA,NA,NA,NA,NA,"N5PKMg","N5 PKMg",240,35,90,0,0,0,0
"222",1986,5,16,"potato",39.05,6.9509,NA,NA,113.29967,14.4092157,177.4842806,NA,NA,NA,NA,NA,NA,"N5PKMg","N5 PKMg",240,35,90,0,0,0,0
"223",1991,5,16,"potato",35.27,7.93575,NA,NA,101.5776,13.01463,180.331983,NA,NA,NA,NA,NA,NA,"N5PKMg","N5 PKMg",240,35,90,0,0,0,0
"224",1996,5,16,"potato",23.59,5.23698,NA,NA,69.1805058,6.022527,101.335563,NA,NA,NA,NA,NA,NA,"N5PKMg","N5 PKMg",240,35,90,0,0,0,0
"225",1968,7,16,"potato",27.59,5.93185,NA,NA,59.3185,14.592351,135.24618,NA,NA,NA,NA,NA,NA,"N5PKMg","N3 PK(Na)Mg",144,35,90,0,0,0,0
"226",1971,7,16,"potato",35.8,8.3414,NA,NA,120.11616,15.348176,204.864784,NA,NA,NA,NA,NA,NA,"N5PKMg","N3 PK(Na)Mg",144,35,90,0,0,0,0
"227",1974,7,16,"potato",49.55,11.6938,NA,NA,97.05854,25.024732,261.94112,NA,NA,NA,NA,NA,NA,"N5PKMg","N3 PK(Na)Mg",144,35,90,0,0,0,0
"228",1977,7,16,"potato",23.97,5.12958,NA,NA,64.11975,NA,NA,NA,NA,NA,NA,NA,NA,"N5PKMg","N3 PK(Na)Mg",144,35,90,0,0,0,0
"229",1981,7,16,"potato",20.33,3.67973,NA,NA,45.996625,NA,NA,NA,NA,NA,NA,NA,NA,"N5PKMg","N3 PK(Na)Mg",144,35,90,0,0,0,0
"230",1984,7,16,"potato",24.19,5.61208,NA,NA,76.324288,NA,NA,NA,NA,NA,NA,NA,NA,"N5PKMg","N3 PK(Na)Mg",144,35,90,0,0,0,0
"231",1989,7,16,"potato",20.78,4.55082,NA,NA,83.735088,7.04011854,124.52863848,NA,NA,NA,NA,NA,NA,"N5PKMg","N5 PKMg",240,35,90,0,0,0,0
"232",1994,7,16,"potato",23.69,4.85645,NA,NA,68.5245095,5.0992725,99.07158,NA,NA,NA,NA,NA,NA,"N5PKMg","N5 PKMg",240,35,90,0,0,0,0
"349",1970,2,22,"potato",43.96,9.4514,NA,NA,111.52652,21.927248,280.139496,NA,NA,NA,NA,NA,NA,"FYM","FYM",0,0,0,35,273.028,55.7375,356.97725
"350",1973,2,22,"potato",47.14,10.27652,NA,NA,133.59476,25.2802392,281.576648,NA,NA,NA,NA,NA,NA,"FYM","FYM",0,0,0,35,263.9952,28.5768,330.9768
"351",1976,2,22,"potato",37.52,7.01624,NA,NA,121.380952,NA,NA,NA,NA,NA,NA,NA,NA,"FYM","FYM",0,0,0,35,189,43.64885,466.42225
"352",1980,2,22,"potato",52.51,10.502,NA,NA,115.522,NA,NA,NA,NA,NA,NA,NA,NA,"FYM","FYM",0,0,0,35,259,34.9209,352.2456
"353",1983,2,22,"potato",15.7,3.4226,NA,NA,46.54736,NA,NA,NA,NA,NA,NA,NA,NA,"FYM","FYM",0,0,0,35,231,43.086925,349.0403
"354",1988,2,22,"potato",37.02,8.3295,NA,NA,84.12795,21.15693,192.794607,NA,NA,NA,NA,NA,NA,"FYM","FYM",0,0,0,35,213.5,28.2744,218.988
"355",1993,2,22,"potato",34.22,7.93904,NA,NA,100.5876368,21.038456,177.5963248,NA,NA,NA,NA,NA,NA,"FYM","FYM",0,0,0,35,287,54.77374,428.0332
"356",1987,3,22,"potato",35.87,7.24574,NA,NA,79.70314,21.46912762,181.38260942,NA,NA,NA,NA,NA,NA,"FYM","FYM",0,0,0,35,227.5,35.21175,332.1024
"357",1992,3,22,"potato",56.52,11.92572,NA,NA,147.878928,30.00511152,320.84957088,NA,NA,NA,NA,NA,NA,"FYM","FYM",0,0,0,35,192.5,52.4832,390.642
"358",1969,4,22,"potato",40.18,8.35744,NA,NA,112.82544,23.0665344,228.158112,NA,NA,NA,NA,NA,NA,"FYM","FYM",0,0,0,35,221.99492,46.1888,302.03145
"359",1972,4,22,"potato",40.24,9.93928,NA,NA,112.313864,19.6797744,267.366632,NA,NA,NA,NA,NA,NA,"FYM","FYM",0,0,0,35,300.993525,46.404225,365.99325
"360",1975,4,22,"potato",13.2,2.9304,NA,NA,49.23072,7.677648,81.46512,NA,NA,NA,NA,NA,NA,"FYM","FYM",0,0,0,35,228.01996,39.92814,269.0044
"361",1978,4,22,"potato",32.59,7.13721,NA,NA,67.803495,NA,NA,NA,NA,NA,NA,NA,NA,"FYM","FYM",0,0,0,35,283.5,44.10994,370.9048
"362",1979,4,22,"potato",23.99,5.01391,NA,NA,49.136318,NA,NA,NA,NA,NA,NA,NA,NA,"FYM","FYM",0,0,0,35,210,29.80061,285.2248
"363",1982,4,22,"potato",39.85,9.20535,NA,NA,97.57671,NA,NA,NA,NA,NA,NA,NA,NA,"FYM","FYM",0,0,0,35,273,57.56625,410.2875
"364",1985,4,22,"potato",41.05,8.7847,NA,NA,98.38864,NA,NA,NA,NA,NA,NA,NA,NA,"FYM","FYM",0,0,0,35,255.5,44.31392,379.4
"365",1990,4,22,"potato",19.63,4.3186,NA,NA,70.82504,9.3886364,118.739907,NA,NA,NA,NA,NA,NA,"FYM","FYM",0,0,0,35,290.5,48.64552,419.5268
"366",1995,4,22,"potato",10.13,2.17795,NA,NA,36.328206,6.228937,55.145694,NA,NA,NA,NA,NA,NA,"FYM","FYM",0,0,0,35,273,66.51876,402.2676
"367",1986,5,22,"potato",39.85,7.3324,NA,NA,107.05304,21.81389,206.2530796,NA,NA,NA,NA,NA,NA,"FYM","FYM",0,0,0,35,262.5,36.392825,376.1793
"368",1991,5,22,"potato",34.25,7.672,NA,NA,89.7624,21.374192,198.489984,NA,NA,NA,NA,NA,NA,"FYM","FYM",0,0,0,35,280,57.155,477.96875
"369",1996,5,22,"potato",38.55,8.21115,NA,NA,126.3695985,16.8328575,188.1174465,NA,NA,NA,NA,NA,NA,"FYM","FYM",0,0,0,35,287,66.4664,397.8688
"370",1968,7,22,"potato",33.05,6.70915,NA,NA,75.14248,20.798365,167.72875,NA,NA,NA,NA,NA,NA,"FYM","FYM",0,0,0,35,217.00875,46.029375,324.043125
"371",1971,7,22,"potato",36.25,8.73625,NA,NA,100.466875,20.442825,229.413925,NA,NA,NA,NA,NA,NA,"FYM","FYM",0,0,0,35,236.001675,41.936475,343.022925
"372",1974,7,22,"potato",57.67,12.05303,NA,NA,119.324997,28.2040902,303.736356,NA,NA,NA,NA,NA,NA,"FYM","FYM",0,0,0,35,245.00112,37.4738,307.99587
"373",1977,7,22,"potato",26.9,5.7566,NA,NA,65.04958,NA,NA,NA,NA,NA,NA,NA,NA,"FYM","FYM",0,0,0,35,287,44.15649,383.8338
"374",1981,7,22,"potato",21.9,3.9201,NA,NA,46.64919,NA,NA,NA,NA,NA,NA,NA,NA,"FYM","FYM",0,0,0,35,238,39.4002,298.1034
"375",1984,7,22,"potato",29.09,6.63252,NA,NA,85.559508,NA,NA,NA,NA,NA,NA,NA,NA,"FYM","FYM",0,0,0,35,252,49.774725,336.336
"376",1989,7,22,"potato",23.92,5.23848,NA,NA,79.624896,13.68814824,145.44115872,NA,NA,NA,NA,NA,NA,"FYM","FYM",0,0,0,35,224,34.19094,243.6441
"377",1994,7,22,"potato",17.6,3.6432,NA,NA,53.91936,8.670816,87.108912,NA,NA,NA,NA,NA,NA,"FYM","FYM",0,0,0,35,196,46.70575,308.25795
"378",1970,2,3,"potato",12.54,3.28548,NA,NA,31.21206,5.8481544,60.6828156,NA,NA,NA,NA,NA,NA,"Control","Nil",0,0,0,0,0,0,0
"379",1973,2,3,"potato",13.52,3.47464,NA,NA,38.915968,5.21196,59.763808,NA,NA,NA,NA,NA,NA,"Control","Nil",0,0,0,0,0,0,0
"380",1976,2,3,"potato",11.61,2.73996,NA,NA,38.35944,NA,NA,NA,NA,NA,NA,NA,NA,"Control","Nil",0,0,0,0,0,0,0
"381",1980,2,3,"potato",10.81,2.42144,NA,NA,25.667264,NA,NA,NA,NA,NA,NA,NA,NA,"Control","Nil",0,0,0,0,0,0,0
"382",1983,2,3,"potato",4.43,0.99675,NA,NA,13.5558,NA,NA,NA,NA,NA,NA,NA,NA,"Control","Nil",0,0,0,0,0,0,0
"383",1988,2,3,"potato",11.37,2.69469,NA,NA,30.180528,3.14200854,42.39286308,NA,NA,NA,NA,NA,NA,"Control","Nil",0,0,0,0,0,0,0
"384",1993,2,3,"potato",7.11,1.61397,NA,NA,22.5310212,2.3241168,27.2599533,NA,NA,NA,NA,NA,NA,"Control","Nil",0,0,0,0,0,0,0
"385",1987,3,3,"potato",9.51,2.22534,NA,NA,22.030866,4.36389174,40.55904684,NA,NA,NA,NA,NA,NA,"Control","Nil",0,0,0,0,0,0,0
"386",1992,3,3,"potato",10.65,2.5134,NA,NA,35.94162,3.983739,40.3425834,NA,NA,NA,NA,NA,NA,"Control","Nil",0,0,0,0,0,0,0
"387",1969,4,3,"potato",12.98,3.53056,NA,NA,43.072832,7.6260096,57.0891552,NA,NA,NA,NA,NA,NA,"Control","Nil",0,0,0,0,0,0,0
"388",1972,4,3,"potato",10.77,3.19869,NA,NA,34.865721,6.39738,50.1554592,NA,NA,NA,NA,NA,NA,"Control","Nil",0,0,0,0,0,0,0
"389",1975,4,3,"potato",5.01,1.28757,NA,NA,18.798522,3.1674222,24.206316,NA,NA,NA,NA,NA,NA,"Control","Nil",0,0,0,0,0,0,0
"390",1978,4,3,"potato",11.06,2.7097,NA,NA,24.11633,NA,NA,NA,NA,NA,NA,NA,NA,"Control","Nil",0,0,0,0,0,0,0
"391",1979,4,3,"potato",6.13,1.50185,NA,NA,12.765725,NA,NA,NA,NA,NA,NA,NA,NA,"Control","Nil",0,0,0,0,0,0,0
"392",1982,4,3,"potato",9.18,2.18484,NA,NA,24.03324,NA,NA,NA,NA,NA,NA,NA,NA,"Control","Nil",0,0,0,0,0,0,0
"393",1985,4,3,"potato",6.38,1.55034,NA,NA,20.774556,NA,NA,NA,NA,NA,NA,NA,NA,"Control","Nil",0,0,0,0,0,0,0
"394",1990,4,3,"potato",3.68,0.81328,NA,NA,14.151072,1.27522304,16.78935232,NA,NA,NA,NA,NA,NA,"Control","Nil",0,0,0,0,0,0,0
"395",1995,4,3,"potato",1.76,0.40128,NA,NA,4.9999488,0.4574592,6.92208,NA,NA,NA,NA,NA,NA,"Control","Nil",0,0,0,0,0,0,0
"396",1986,5,3,"potato",10.76,2.421,NA,NA,21.789,5.510196,50.38101,NA,NA,NA,NA,NA,NA,"Control","Nil",0,0,0,0,0,0,0
"397",1991,5,3,"potato",5.47,1.29639,NA,NA,15.167763,2.24923665,28.43501826,NA,NA,NA,NA,NA,NA,"Control","Nil",0,0,0,0,0,0,0
"398",1996,5,3,"potato",6.3,1.4364,NA,NA,18.730656,1.608768,23.930424,NA,NA,NA,NA,NA,NA,"Control","Nil",0,0,0,0,0,0,0
"399",1968,7,3,"potato",10.16,2.35712,NA,NA,23.5712,5.185664,37.242496,NA,NA,NA,NA,NA,NA,"Control","Nil",0,0,0,0,0,0,0
"400",1971,7,3,"potato",7.76,2.10296,NA,NA,21.0296,3.9115056,36.9700368,NA,NA,NA,NA,NA,NA,"Control","Nil",0,0,0,0,0,0,0
"401",1974,7,3,"potato",12.57,3.34362,NA,NA,27.752046,6.5534952,50.1543,NA,NA,NA,NA,NA,NA,"Control","Nil",0,0,0,0,0,0,0
"402",1977,7,3,"potato",7.04,1.69664,NA,NA,18.66304,NA,NA,NA,NA,NA,NA,NA,NA,"Control","Nil",0,0,0,0,0,0,0
"403",1981,7,3,"potato",5.43,1.07514,NA,NA,12.90168,NA,NA,NA,NA,NA,NA,NA,NA,"Control","Nil",0,0,0,0,0,0,0
"404",1984,7,3,"potato",7.44,1.79304,NA,NA,23.30952,NA,NA,NA,NA,NA,NA,NA,NA,"Control","Nil",0,0,0,0,0,0,0
"405",1989,7,3,"potato",7.22,1.66782,NA,NA,25.517646,3.0270933,34.4571612,NA,NA,NA,NA,NA,NA,"Control","Nil",0,0,0,0,0,0,0
"406",1994,7,3,"potato",4.2,1.0038,NA,NA,13.460958,1.435434,14.916468,NA,NA,NA,NA,NA,NA,"Control","Nil",0,0,0,0,0,0,0
"407",1970,2,5,"potato",18.97,4.24928,NA,NA,34.844096,10.8781568,122.4642496,NA,NA,NA,NA,NA,NA,"PKMg","PK(Na)Mg",0,35,90,0,0,0,0
"408",1973,2,5,"potato",21.7,5.1863,NA,NA,42.52766,14.210462,132.76928,NA,NA,NA,NA,NA,NA,"PKMg","PK(Na)Mg",0,35,90,0,0,0,0
"409",1976,2,5,"potato",18.72,3.91248,NA,NA,46.94976,NA,NA,NA,NA,NA,NA,NA,NA,"PKMg","PK(Na)Mg",0,35,90,0,0,0,0
"410",1980,2,5,"potato",22.98,4.98666,NA,NA,41.887944,NA,NA,NA,NA,NA,NA,NA,NA,"PKMg","PK(Na)Mg",0,35,90,0,0,0,0
"411",1983,2,5,"potato",8.41,1.682,NA,NA,22.5388,NA,NA,NA,NA,NA,NA,NA,NA,"PKMg","PK(Na)Mg",0,35,90,0,0,0,0
"412",1988,2,5,"potato",17.83,4.20788,NA,NA,37.87092,8.95436864,94.05453376,NA,NA,NA,NA,NA,NA,"PKMg","PKMg",0,35,90,0,0,0,0
"413",1993,2,5,"potato",13.15,2.93245,NA,NA,36.538327,6.45139,65.3643105,NA,NA,NA,NA,NA,NA,"PKMg","PKMg",0,35,90,0,0,0,0
"414",1987,3,5,"potato",17.45,4.0135,NA,NA,32.9107,10.5996535,92.655661,NA,NA,NA,NA,NA,NA,"PKMg","PKMg",0,35,90,0,0,0,0
"415",1992,3,5,"potato",23.84,5.41168,NA,NA,64.94016,11.78663904,119.67389152,NA,NA,NA,NA,NA,NA,"PKMg","PKMg",0,35,90,0,0,0,0
"416",1969,4,5,"potato",19.53,4.55049,NA,NA,47.780145,12.286323,117.3116322,NA,NA,NA,NA,NA,NA,"PKMg","PK(Na)Mg",0,35,90,0,0,0,0
"417",1972,4,5,"potato",16.2,4.4064,NA,NA,41.8608,11.016,111.570048,NA,NA,NA,NA,NA,NA,"PKMg","PK(Na)Mg",0,35,90,0,0,0,0
"418",1975,4,5,"potato",4.52,1.08028,NA,NA,14.475752,3.1760232,28.303336,NA,NA,NA,NA,NA,NA,"PKMg","PK(Na)Mg",0,35,90,0,0,0,0
"419",1978,4,5,"potato",15.09,3.69705,NA,NA,31.424925,NA,NA,NA,NA,NA,NA,NA,NA,"PKMg","PK(Na)Mg",0,35,90,0,0,0,0
"420",1979,4,5,"potato",9.82,2.17022,NA,NA,18.880914,NA,NA,NA,NA,NA,NA,NA,NA,"PKMg","PK(Na)Mg",0,35,90,0,0,0,0
"421",1982,4,5,"potato",16.55,3.8727,NA,NA,32.14341,NA,NA,NA,NA,NA,NA,NA,NA,"PKMg","PK(Na)Mg",0,35,90,0,0,0,0
"422",1985,4,5,"potato",12.37,2.8451,NA,NA,37.83983,NA,NA,NA,NA,NA,NA,NA,NA,"PKMg","PK(Na)Mg",0,35,90,0,0,0,0
"423",1990,4,5,"potato",7.2,1.656,NA,NA,21.528,3.507408,40.361688,NA,NA,NA,NA,NA,NA,"PKMg","PKMg",0,35,90,0,0,0,0
"424",1995,4,5,"potato",3.51,0.79677,NA,NA,9.3540798,1.8724095,17.5687785,NA,NA,NA,NA,NA,NA,"PKMg","PKMg",0,35,90,0,0,0,0
"425",1986,5,5,"potato",14.81,3.27301,NA,NA,24.547575,8.74220971,74.14022252,NA,NA,NA,NA,NA,NA,"PKMg","PKMg",0,35,90,0,0,0,0
"426",1991,5,5,"potato",10.62,2.59128,NA,NA,20.471112,6.21129816,60.69296016,NA,NA,NA,NA,NA,NA,"PKMg","PKMg",0,35,90,0,0,0,0
"427",1996,5,5,"potato",11.02,2.3693,NA,NA,30.137496,5.330925,54.588672,NA,NA,NA,NA,NA,NA,"PKMg","PKMg",0,35,90,0,0,0,0
"428",1968,7,5,"potato",10.92,2.32596,NA,NA,19.77066,7.0243992,54.427464,NA,NA,NA,NA,NA,NA,"PKMg","PK(Na)Mg",0,35,90,0,0,0,0
"429",1971,7,5,"potato",9.6,2.1984,NA,NA,21.32448,5.71584,59.488704,NA,NA,NA,NA,NA,NA,"PKMg","PK(Na)Mg",0,35,90,0,0,0,0
"430",1974,7,5,"potato",20.2,4.7268,NA,NA,30.7242,12.856896,116.27928,NA,NA,NA,NA,NA,NA,"PKMg","PK(Na)Mg",0,35,90,0,0,0,0
"431",1977,7,5,"potato",8.78,1.95794,NA,NA,20.754164,NA,NA,NA,NA,NA,NA,NA,NA,"PKMg","PK(Na)Mg",0,35,90,0,0,0,0
"432",1981,7,5,"potato",10.44,1.85832,NA,NA,19.51236,NA,NA,NA,NA,NA,NA,NA,NA,"PKMg","PK(Na)Mg",0,35,90,0,0,0,0
"433",1984,7,5,"potato",13.67,3.1441,NA,NA,34.5851,NA,NA,NA,NA,NA,NA,NA,NA,"PKMg","PK(Na)Mg",0,35,90,0,0,0,0
"434",1989,7,5,"potato",6.42,1.56648,NA,NA,20.520888,4.6759428,44.24836056,NA,NA,NA,NA,NA,NA,"PKMg","PKMg",0,35,90,0,0,0,0
"435",1994,7,5,"potato",6.13,1.26278,NA,NA,14.3704364,3.0559276,29.5995632,NA,NA,NA,NA,NA,NA,"PKMg","PKMg",0,35,90,0,0,0,0
"436",1970,2,6,"potato",26.01,5.69619,NA,NA,59.809995,13.101237,158.8097772,NA,NA,NA,NA,NA,NA,"N1PKMg","N1 PK(Na)Mg",48,35,90,0,0,0,0
"437",1973,2,6,"potato",29.63,7.28898,NA,NA,63.414126,17.493552,182.2245,NA,NA,NA,NA,NA,NA,"N1PKMg","N1 PK(Na)Mg",48,35,90,0,0,0,0
"438",1976,2,6,"potato",25.55,5.5699,NA,NA,77.42161,NA,NA,NA,NA,NA,NA,NA,NA,"N1PKMg","N1 PK(Na)Mg",48,35,90,0,0,0,0
"439",1980,2,6,"potato",38.13,8.27421,NA,NA,75.295311,NA,NA,NA,NA,NA,NA,NA,NA,"N1PKMg","N1 PK(Na)Mg",48,35,90,0,0,0,0
"440",1983,2,6,"potato",12.99,2.96172,NA,NA,41.167908,NA,NA,NA,NA,NA,NA,NA,NA,"N1PKMg","N1 PK(Na)Mg",48,35,90,0,0,0,0
"441",1988,2,6,"potato",33.64,7.70356,NA,NA,87.050228,13.34256592,167.167252,NA,NA,NA,NA,NA,NA,"N1PKMg","N1 PKMg",48,35,90,0,0,0,0
"442",1993,2,6,"potato",15.73,3.50779,NA,NA,42.3390253,7.6119043,79.6969888,NA,NA,NA,NA,NA,NA,"N1PKMg","N1 PKMg",48,35,90,0,0,0,0
"443",1987,3,6,"potato",25.31,5.41634,NA,NA,58.496472,15.12242128,130.00840902,NA,NA,NA,NA,NA,NA,"N1PKMg","N1 PKMg",48,35,90,0,0,0,0
"444",1992,3,6,"potato",25.08,5.61792,NA,NA,72.471168,12.218976,129.65035776,NA,NA,NA,NA,NA,NA,"N1PKMg","N1 PKMg",48,35,90,0,0,0,0
"445",1969,4,6,"potato",29.93,NA,NA,NA,NA,NA,NA,NA,NA,NA,NA,NA,NA,"N1PKMg","N1 PK(Na)Mg",48,35,90,0,0,0,0
"446",1972,4,6,"potato",23.7,6.0198,NA,NA,64.41186,13.363956,145.317972,NA,NA,NA,NA,NA,NA,"N1PKMg","N1 PK(Na)Mg",48,35,90,0,0,0,0
"447",1975,4,6,"potato",6.37,1.43962,NA,NA,22.170148,3.6278424,38.581816,NA,NA,NA,NA,NA,NA,"N1PKMg","N1 PK(Na)Mg",48,35,90,0,0,0,0
"448",1978,4,6,"potato",21.53,5.21026,NA,NA,46.371314,NA,NA,NA,NA,NA,NA,NA,NA,"N1PKMg","N1 PK(Na)Mg",48,35,90,0,0,0,0
"449",1979,4,6,"potato",18.69,4.1118,NA,NA,43.99626,NA,NA,NA,NA,NA,NA,NA,NA,"N1PKMg","N1 PK(Na)Mg",48,35,90,0,0,0,0
"450",1982,4,6,"potato",32.74,7.43198,NA,NA,74.3198,NA,NA,NA,NA,NA,NA,NA,NA,"N1PKMg","N1 PK(Na)Mg",48,35,90,0,0,0,0
"451",1985,4,6,"potato",21.05,4.7152,NA,NA,74.02864,NA,NA,NA,NA,NA,NA,NA,NA,"N1PKMg","N1 PK(Na)Mg",48,35,90,0,0,0,0
"452",1990,4,6,"potato",13.71,3.08475,NA,NA,50.898375,5.2379055,75.51776475,NA,NA,NA,NA,NA,NA,"N1PKMg","N1 PKMg",48,35,90,0,0,0,0
"453",1995,4,6,"potato",6.69,1.43166,NA,NA,22.8636102,3.4073508,29.7642114,NA,NA,NA,NA,NA,NA,"N1PKMg","N1 PKMg",48,35,90,0,0,0,0
"454",1986,5,6,"potato",29.9,6.3986,NA,NA,62.70628,14.1920948,153.2848616,NA,NA,NA,NA,NA,NA,"N1PKMg","N1 PKMg",48,35,90,0,0,0,0
"455",1991,5,6,"potato",23.3,5.1493,NA,NA,55.09751,12.3480214,125.2052295,NA,NA,NA,NA,NA,NA,"N1PKMg","N1 PKMg",48,35,90,0,0,0,0
"456",1996,5,6,"potato",18.21,3.8241,NA,NA,53.116749,7.495236,86.386419,NA,NA,NA,NA,NA,NA,"N1PKMg","N1 PKMg",48,35,90,0,0,0,0
"457",1968,7,6,"potato",20.73,4.47768,NA,NA,38.06028,13.1643792,100.7478,NA,NA,NA,NA,NA,NA,"N1PKMg","N1 PK(Na)Mg",48,35,90,0,0,0,0
"458",1971,7,6,"potato",20.25,4.698,NA,NA,57.7854,11.18124,127.12788,NA,NA,NA,NA,NA,NA,"N1PKMg","N1 PK(Na)Mg",48,35,90,0,0,0,0
"459",1974,7,6,"potato",50.12,11.5276,NA,NA,70.31836,29.049552,272.05136,NA,NA,NA,NA,NA,NA,"N1PKMg","N1 PK(Na)Mg",48,35,90,0,0,0,0
"460",1977,7,6,"potato",14.58,3.12012,NA,NA,37.129428,NA,NA,NA,NA,NA,NA,NA,NA,"N1PKMg","N1 PK(Na)Mg",48,35,90,0,0,0,0
"461",1981,7,6,"potato",13.88,2.54004,NA,NA,29.718468,NA,NA,NA,NA,NA,NA,NA,NA,"N1PKMg","N1 PK(Na)Mg",48,35,90,0,0,0,0
"462",1984,7,6,"potato",18.01,4.10628,NA,NA,52.560384,NA,NA,NA,NA,NA,NA,NA,NA,"N1PKMg","N1 PK(Na)Mg",48,35,90,0,0,0,0
"463",1989,7,6,"potato",12.32,2.8952,NA,NA,45.45464,7.1019256,78.7668112,NA,NA,NA,NA,NA,NA,"N1PKMg","N1 PKMg",48,35,90,0,0,0,0
"464",1994,7,6,"potato",9.15,1.8117,NA,NA,23.91444,4.058208,43.190928,NA,NA,NA,NA,NA,NA,"N1PKMg","N1 PKMg",48,35,90,0,0,0,0
"465",1970,2,7,"potato",34.46,7.47782,NA,NA,89.73384,14.8060836,201.3029144,NA,NA,NA,NA,NA,NA,"N2PKMg","N2 PK(Na)Mg",96,35,90,0,0,0,0
"466",1973,2,7,"potato",42.08,10.43584,NA,NA,107.489152,24.002432,250.46016,NA,NA,NA,NA,NA,NA,"N2PKMg","N2 PK(Na)Mg",96,35,90,0,0,0,0
"467",1976,2,7,"potato",30.59,6.36272,NA,NA,98.62216,NA,NA,NA,NA,NA,NA,NA,NA,"N2PKMg","N2 PK(Na)Mg",96,35,90,0,0,0,0
"468",1980,2,7,"potato",48.31,10.48327,NA,NA,97.494411,NA,NA,NA,NA,NA,NA,NA,NA,"N2PKMg","N2 PK(Na)Mg",96,35,90,0,0,0,0
"469",1983,2,7,"potato",15.43,3.45632,NA,NA,52.536064,NA,NA,NA,NA,NA,NA,NA,NA,"N2PKMg","N2 PK(Na)Mg",96,35,90,0,0,0,0
"470",1988,2,7,"potato",40.39,8.96658,NA,NA,118.358856,14.92038912,194.6644518,NA,NA,NA,NA,NA,NA,"N2PKMg","N2 PKMg",96,35,90,0,0,0,0
"471",1993,2,7,"potato",19.52,4.4896,NA,NA,59.666784,8.9792,98.905888,NA,NA,NA,NA,NA,NA,"N2PKMg","N2 PKMg",96,35,90,0,0,0,0
"472",1987,3,7,"potato",31.99,6.84586,NA,NA,76.673632,17.05988312,155.11349588,NA,NA,NA,NA,NA,NA,"N2PKMg","N2 PKMg",96,35,90,0,0,0,0
"473",1992,3,7,"potato",31.33,6.64196,NA,NA,97.636812,14.5126826,162.70145216,NA,NA,NA,NA,NA,NA,"N2PKMg","N2 PKMg",96,35,90,0,0,0,0
"474",1969,4,7,"potato",36.62,8.64232,NA,NA,117.535552,19.877336,213.7245736,NA,NA,NA,NA,NA,NA,"N2PKMg","N2 PK(Na)Mg",96,35,90,0,0,0,0
"475",1972,4,7,"potato",26.36,6.30004,NA,NA,78.7505,13.230084,153.5319748,NA,NA,NA,NA,NA,NA,"N2PKMg","N2 PK(Na)Mg",96,35,90,0,0,0,0
"476",1975,4,7,"potato",9.43,2.11232,NA,NA,36.9656,4.9850752,55.765248,NA,NA,NA,NA,NA,NA,"N2PKMg","N2 PK(Na)Mg",96,35,90,0,0,0,0
"477",1978,4,7,"potato",32.32,7.46592,NA,NA,83.618304,NA,NA,NA,NA,NA,NA,NA,NA,"N2PKMg","N2 PK(Na)Mg",96,35,90,0,0,0,0
"478",1979,4,7,"potato",25.74,5.4054,NA,NA,67.02696,NA,NA,NA,NA,NA,NA,NA,NA,"N2PKMg","N2 PK(Na)Mg",96,35,90,0,0,0,0
"479",1982,4,7,"potato",38.22,8.52306,NA,NA,110.79978,NA,NA,NA,NA,NA,NA,NA,NA,"N2PKMg","N2 PK(Na)Mg",96,35,90,0,0,0,0
"480",1985,4,7,"potato",19.68,4.29024,NA,NA,68.64384,NA,NA,NA,NA,NA,NA,NA,NA,"N2PKMg","N2 PK(Na)Mg",96,35,90,0,0,0,0
"481",1990,4,7,"potato",12.43,3.04535,NA,NA,47.202925,3.898048,64.7624131,NA,NA,NA,NA,NA,NA,"N2PKMg","N2 PKMg",96,35,90,0,0,0,0
"482",1995,4,7,"potato",6.69,1.43835,NA,NA,24.8690715,3.16437,30.320418,NA,NA,NA,NA,NA,NA,"N2PKMg","N2 PKMg",96,35,90,0,0,0,0
"483",1986,5,7,"potato",38.57,7.94542,NA,NA,97.728666,17.1223801,185.62090204,NA,NA,NA,NA,NA,NA,"N2PKMg","N2 PKMg",96,35,90,0,0,0,0
"484",1991,5,7,"potato",29.2,6.3656,NA,NA,78.29688,14.2016536,143.8561944,NA,NA,NA,NA,NA,NA,"N2PKMg","N2 PKMg",96,35,90,0,0,0,0
"485",1996,5,7,"potato",23.74,5.08036,NA,NA,73.3095948,9.398666,110.8534552,NA,NA,NA,NA,NA,NA,"N2PKMg","N2 PKMg",96,35,90,0,0,0,0
"486",1968,7,7,"potato",31.08,6.58896,NA,NA,64.571808,17.6584128,148.910496,NA,NA,NA,NA,NA,NA,"N2PKMg","N2 PK(Na)Mg",96,35,90,0,0,0,0
"487",1971,7,7,"potato",35.41,8.32135,NA,NA,108.17755,18.30697,215.356538,NA,NA,NA,NA,NA,NA,"N2PKMg","N2 PK(Na)Mg",96,35,90,0,0,0,0
"488",1974,7,7,"potato",59.12,13.65672,NA,NA,111.985104,31.1373216,311.373216,NA,NA,NA,NA,NA,NA,"N2PKMg","N2 PK(Na)Mg",96,35,90,0,0,0,0
"489",1977,7,7,"potato",19.25,4.0425,NA,NA,54.1695,NA,NA,NA,NA,NA,NA,NA,NA,"N2PKMg","N2 PK(Na)Mg",96,35,90,0,0,0,0
"490",1981,7,7,"potato",16.97,3.13945,NA,NA,42.382575,NA,NA,NA,NA,NA,NA,NA,NA,"N2PKMg","N2 PK(Na)Mg",96,35,90,0,0,0,0
"491",1984,7,7,"potato",21.92,4.7128,NA,NA,72.10584,NA,NA,NA,NA,NA,NA,NA,NA,"N2PKMg","N2 PK(Na)Mg",96,35,90,0,0,0,0
"492",1989,7,7,"potato",16.83,3.58479,NA,NA,61.658388,6.67846377,95.71747779,NA,NA,NA,NA,NA,NA,"N2PKMg","N2 PKMg",96,35,90,0,0,0,0
"493",1994,7,7,"potato",13.03,2.64509,NA,NA,39.2266847,4.232144,60.043543,NA,NA,NA,NA,NA,NA,"N2PKMg","N2 PKMg",96,35,90,0,0,0,0
