"","FARMCODE","TRT","TRIALTYPE","SEASON_NR","PK_Y_FM","NPK_Y_FM","PK_NS","NPK_NS","Nrec"
"1","F17","Control","NOT-SUBPLOTS",9,2.56519671536668,5.8753180394889,34.4173935248472,77.7143321718924,0.288646257646968
"2","F17","Control","NOT-SUBPLOTS",10,1.77266124960001,5.18956751205557,25.3286840550459,69.227320693757,0.292657577591407
"3","F17","Control","NOT-SUBPLOTS",11,0.980125783833337,4.50381698462223,16.2399745852447,60.7403092156217,0.296668897535847
"11","F23","Control","NOT-SUBPLOTS",9,3.51220115983334,6.01920903855557,45.2775362366209,79.495161368262,0.228117500877607
"21","F23","Control","NOT-SUBPLOTS",10,2.71966569406667,5.33345851112223,36.1888267668196,71.0081498901266,0.232128820822047
"31","F23","Control","NOT-SUBPLOTS",11,1.9271302283,4.6477079836889,27.1001172970184,62.5211384119913,0.236140140766486
"12","F24","Control","NOT-SUBPLOTS",9,2.05354957730001,4.42370807322223,28.549880473624,59.7488622923544,0.207993212124869
"22","F24","Control","NOT-SUBPLOTS",10,1.26101411153334,3.7379575457889,19.4611710038227,51.261850814219,0.212004532069309
"32","F24","Control","NOT-SUBPLOTS",11,0.46847864576667,3.05220701835556,10.3724615340214,42.7748393360837,0.216015852013748
"13","F5","Control","NOT-SUBPLOTS",9,1.60372412263334,3.49233936395557,23.391331681575,48.2220218311333,0.165537934330388
"23","F5","Control","NOT-SUBPLOTS",10,0.811188656866673,2.80658883652223,14.3026222117738,39.7350103529979,0.169549254274828
"33","F5","Control","NOT-SUBPLOTS",11,0.018653191100003,2.1208383090889,5.21391274197251,31.2479988748626,0.173560574219267
"14","F20","Control","NOT-SUBPLOTS",9,2.99951096903334,4.82475453795557,39.3980615714833,64.7123086380639,0.168761647110538
"24","F20","Control","NOT-SUBPLOTS",10,2.20697550326667,4.13900401052223,30.309352101682,56.2252971599286,0.172772967054977
"34","F20","Control","NOT-SUBPLOTS",11,1.4144400375,3.4532534830889,21.2206426318808,47.7382856817933,0.176784286999417
"15","F21","Control","NOT-SUBPLOTS",9,1.15816919576668,4.04034448175557,18.2817568321867,55.004263388064,0.244816710372515
"25","F21","Control","NOT-SUBPLOTS",10,0.365633730000007,3.35459395432223,9.1930473623854,46.5172519099286,0.248828030316955
"35","F21","Control","NOT-SUBPLOTS",11,-0.426901735766662,2.6688434268889,0.104337892584146,38.0302404317933,0.252839350261394
"16","F1","Control","RESTORATION",8,2.52999969701114,4.31183000000003,34.013757993247,58.3642326732677,0.162336497866805
"26","F1","Control","RESTORATION",9,3.09799475867781,4.98661000000004,40.527462828874,66.7154702970302,0.174586716454374
"36","F1","Control","RESTORATION",10,3.66598982034449,5.66139000000005,47.041167664501,75.0667079207926,0.186836935041944
"4","F1","Control","RESTORATION",11,4.23398488201116,6.33617000000005,53.554872500128,83.4179455445551,0.199087153629514
"17","F2","Control","RESTORATION",8,2.26138969701113,4.04322000000002,30.93336808499,55.0398514851487,0.160709889334392
"27","F2","Control","RESTORATION",9,2.8293847586778,4.71800000000002,37.447072920617,63.3910891089112,0.172960107921961
"37","F2","Control","RESTORATION",10,3.39737982034447,5.39278000000003,43.9607777562439,71.7423267326736,0.185210326509531
"41","F2","Control","RESTORATION",11,3.96537488201114,6.06756000000004,50.4744825918709,80.0935643564361,0.197460545097101
"18","F4","Control","RESTORATION",8,2.53649969701112,4.31833000000001,34.0882992776505,58.444678217822,0.162375859601143
"28","F4","Control","RESTORATION",9,3.1044947586778,4.99311000000002,40.6020041132775,66.7959158415844,0.174626078188713
"38","F4","Control","RESTORATION",10,3.67248982034447,5.66789000000003,47.1157089489045,75.1471534653469,0.186876296776283
"42","F4","Control","RESTORATION",11,4.24048488201114,6.34267000000004,53.6294137845315,83.4983910891094,0.199126515363853
"19","F6","Control","RESTORATION",8,0.924723030344459,2.70655333333335,15.6046219076199,38.4969471947197,0.152615501913998
"29","F6","Control","RESTORATION",9,1.49271809201113,3.38133333333336,22.1183267432469,46.8481848184821,0.164865720501568
"39","F6","Control","RESTORATION",10,2.0607131536778,4.05611333333336,28.6320315788739,55.1994224422446,0.177115939089138
"43","F6","Control","RESTORATION",11,2.62870821534448,4.73089333333337,35.1457364145009,63.5506600660071,0.189366157676708
"110","F7","Control","RESTORATION",8,3.69849969701112,5.48033000000001,47.413987351045,72.8258663366339,0.169412526570592
"210","F7","Control","RESTORATION",9,4.2664947586778,6.15511000000002,53.927692186672,81.1771039603963,0.181662745158162
"310","F7","Control","RESTORATION",10,4.83448982034447,6.82989000000003,60.441397022299,89.5283415841588,0.193912963745732
"44","F7","Control","RESTORATION",11,5.40248488201114,7.50467000000004,66.955101857926,97.8795792079213,0.206163182333302
"111","F8","Control","RESTORATION",8,1.69338969701113,3.47522000000002,24.4196066171001,48.0101485148517,0.157270279318344
"211","F8","Control","RESTORATION",9,2.2613847586778,4.15000000000002,30.9333114527271,56.3613861386142,0.169520497905914
"311","F8","Control","RESTORATION",10,2.82937982034447,4.82478000000003,37.447016288354,64.7126237623766,0.181770716493484
"45","F8","Control","RESTORATION",11,3.39737488201115,5.49956000000004,43.960721123981,73.0638613861391,0.194020935081054
"112","F10","Control","RESTORATION",8,1.93949969701112,3.72133000000002,27.2419690024212,51.0560643564358,0.158760635693431
"212","F10","Control","RESTORATION",9,2.5074947586778,4.39611000000002,33.7556738380481,59.4073019801983,0.171010854281001
"312","F10","Control","RESTORATION",10,3.07548982034447,5.07089000000003,40.2693786736751,67.7585396039608,0.183261072868571
"46","F10","Control","RESTORATION",11,3.64348488201114,5.74567000000004,46.7830835093021,76.1097772277232,0.195511291456141
"113","F12","Control","RESTORATION",8,1.34849969701112,3.13033000000001,20.4644460666413,43.7417079207922,0.15518174569434
"213","F12","Control","RESTORATION",9,1.9164947586778,3.80511000000002,26.9781509022683,52.0929455445547,0.167431964281909
"313","F12","Control","RESTORATION",10,2.48448982034447,4.47989000000003,33.4918557378953,60.4441831683172,0.179682182869479
"47","F12","Control","RESTORATION",11,3.05248488201114,5.15467000000004,40.0055605735223,68.7954207920797,0.191932401457049
"114","F13","Control","RESTORATION",8,3.03205636367779,4.81388666666668,39.7712885742866,64.5778052805282,0.165376778041611
"214","F13","Control","RESTORATION",9,3.60005142534446,5.48866666666669,46.2849934099136,72.9290429042907,0.177626996629181
"314","F13","Control","RESTORATION",10,4.16804648701114,6.1634466666667,52.7986982455406,81.2802805280532,0.189877215216751
"48","F13","Control","RESTORATION",11,4.73604154867781,6.8382266666667,59.3124030811675,89.6315181518156,0.202127433804321
"115","F14","Control","RESTORATION",8,2.23699969701112,4.01883000000001,30.6536662501275,54.7379950495051,0.16056219199585
"215","F14","Control","RESTORATION",9,2.80499475867779,4.69361000000002,37.1673710857545,63.0892326732676,0.17281241058342
"315","F14","Control","RESTORATION",10,3.37298982034447,5.36839000000003,43.6810759213815,71.44047029703,0.18506262917099
"49","F14","Control","RESTORATION",11,3.94098488201114,6.04317000000003,50.1947807570085,79.7917079207925,0.19731284775856
"116","F16","Control","RESTORATION",8,1.50805636367779,3.28988666666668,22.2942243541031,45.7164191419144,0.156147965252075
"216","F16","Control","RESTORATION",9,2.07605142534447,3.96466666666669,28.8079291897301,54.0676567656769,0.168398183839645
"316","F16","Control","RESTORATION",10,2.64404648701114,4.6394466666667,35.3216340253571,62.4188943894393,0.180648402427215
"410","F16","Control","RESTORATION",11,3.21204154867781,5.31422666666671,41.8353388609841,70.7701320132018,0.192898621014785
"117","F18","Control","RESTORATION",8,0.894499697011124,2.67633000000001,15.2580240482927,38.1228960396041,0.152432479942076
"217","F18","Control","RESTORATION",9,1.4624947586778,3.35111000000002,21.7717288839197,46.4741336633666,0.164682698529646
"317","F18","Control","RESTORATION",10,2.03048982034447,4.02589000000003,28.2854337195467,54.8253712871291,0.176932917117216
"411","F18","Control","RESTORATION",11,2.59848488201114,4.70067000000004,34.7991385551737,63.1766089108915,0.189183135704786
"118","F19","Control","RESTORATION",8,2.02199969701112,3.80383000000001,28.1880699198523,52.0771039603962,0.159260226936959
"218","F19","Control","RESTORATION",9,2.58999475867779,4.47861000000002,34.7017747554793,60.4283415841587,0.171510445524529
"318","F19","Control","RESTORATION",10,3.15798982034447,5.15339000000003,41.2154795911063,68.7795792079211,0.183760664112099
"412","F19","Control","RESTORATION",11,3.72598488201114,5.82817000000003,47.7291844267333,77.1308168316836,0.196010882699669
"119","F9","Control","RESTORATION",8,2.33782969701111,4.11966,31.809973589577,55.9858910891089,0.161172783330213
"219","F9","Control","RESTORATION",9,2.90582475867779,4.79444000000001,38.323678425204,64.3371287128714,0.173423001917783
"319","F9","Control","RESTORATION",10,3.47381982034446,5.46922000000002,44.8373832608309,72.6883663366339,0.185673220505353
"413","F9","Control","RESTORATION",11,4.04181488201113,6.14400000000002,51.3510880964579,81.0396039603963,0.197923439092923
"120","F17","PK","NOT-SUBPLOTS",9,3.21077980542223,6.96126035154446,41.8208693282366,91.1542122715898,0.328888952955688
"220","F17","PK","NOT-SUBPLOTS",10,2.41824433965556,6.27550982411112,32.7321598584353,82.6672007934545,0.332900272900127
"320","F17","PK","NOT-SUBPLOTS",11,1.62570887388889,5.58975929667779,23.6434503886341,74.1801893153191,0.336911592844567
"121","F23","PK","NOT-SUBPLOTS",9,4.1577842498889,7.10515135061112,52.6810120400103,92.9350414679594,0.268360196186328
"221","F23","PK","NOT-SUBPLOTS",10,3.36524878412223,6.41940082317779,43.592302570209,84.4480299898241,0.272371516130767
"321","F23","PK","NOT-SUBPLOTS",11,2.57271331835556,5.73365029574445,34.5035931004078,75.9610185116887,0.276382836075206
"122","F24","PK","NOT-SUBPLOTS",9,2.69913266735556,5.50965038527779,35.9533562770133,73.1887423920518,0.24823590743359
"222","F24","PK","NOT-SUBPLOTS",10,1.90659720158889,4.82389985784445,26.8646468072121,64.7017309139165,0.252247227378029
"322","F24","PK","NOT-SUBPLOTS",11,1.11406173582222,4.13814933041112,17.7759373374108,56.2147194357812,0.256258547322469
"123","F5","PK","NOT-SUBPLOTS",9,2.2493072126889,4.57828167601112,30.7948074849644,61.6619019308307,0.205780629639109
"223","F5","PK","NOT-SUBPLOTS",10,1.45677174692223,3.89253114857779,21.7060980151632,53.1748904526954,0.209791949583548
"323","F5","PK","NOT-SUBPLOTS",11,0.664236281155558,3.20678062114445,12.6173885453619,44.68787897456,0.213803269527988
"124","F20","PK","NOT-SUBPLOTS",9,3.6450940590889,5.91069685001112,46.8015373748727,78.1521887377614,0.209004342419258
"224","F20","PK","NOT-SUBPLOTS",10,2.85255859332223,5.22494632257779,37.7128279050714,69.6651772596261,0.213015662363698
"324","F20","PK","NOT-SUBPLOTS",11,2.06002312755556,4.53919579514445,28.6241184352702,61.1781657814907,0.217026982308137
"125","F21","PK","NOT-SUBPLOTS",9,1.80375228582223,5.12628679381112,25.685232635576,68.4441434877614,0.285059405681236
"225","F21","PK","NOT-SUBPLOTS",10,1.01121682005556,4.44053626637779,16.5965231657748,59.9571320096261,0.289070725625675
"325","F21","PK","NOT-SUBPLOTS",11,0.218681354288892,3.75478573894445,7.50781369597353,51.4701205314907,0.293082045570115
"126","F1","PK","RESTORATION",8,2.08964047501114,4.31183000000003,28.9637669152654,58.3642326732677,0.196003105053349
"226","F1","PK","RESTORATION",9,2.65763553667781,4.98661000000004,35.4774717508924,66.7154702970302,0.208253323640919
"326","F1","PK","RESTORATION",10,3.22563059834449,5.66139000000005,41.9911765865193,75.0667079207926,0.220503542228489
"414","F1","PK","RESTORATION",11,3.79362566001116,6.33617000000005,48.5048814221463,83.4179455445551,0.232753760816059
"127","F2","PK","RESTORATION",8,1.82103047501113,4.04322000000002,25.8833770070083,55.0398514851487,0.194376496520936
"227","F2","PK","RESTORATION",9,2.3890255366778,4.71800000000002,32.3970818426353,63.3910891089112,0.206626715108506
"327","F2","PK","RESTORATION",10,2.95702059834447,5.39278000000003,38.9107866782623,71.7423267326736,0.218876933696076
"415","F2","PK","RESTORATION",11,3.52501566001115,6.06756000000004,45.4244915138893,80.0935643564361,0.231127152283646
"128","F4","PK","RESTORATION",8,2.09614047501112,4.31833000000001,29.0383081996689,58.444678217822,0.196042466787687
"228","F4","PK","RESTORATION",9,2.6641355366778,4.99311000000002,35.5520130352958,66.7959158415844,0.208292685375257
"328","F4","PK","RESTORATION",10,3.23213059834447,5.66789000000003,42.0657178709228,75.1471534653469,0.220542903962827
"416","F4","PK","RESTORATION",11,3.80012566001114,6.34267000000004,48.5794227065498,83.4983910891094,0.232793122550397
"129","F6","PK","RESTORATION",8,0.484363808344459,2.70655333333335,10.5546308296383,38.4969471947197,0.186282109100542
"229","F6","PK","RESTORATION",9,1.05235887001113,3.38133333333336,17.0683356652653,46.8481848184821,0.198532327688112
"329","F6","PK","RESTORATION",10,1.6203539316778,4.05611333333336,23.5820405008923,55.1994224422446,0.210782546275682
"417","F6","PK","RESTORATION",11,2.18834899334448,4.73089333333337,30.0957453365192,63.5506600660071,0.223032764863252
"130","F7","PK","RESTORATION",8,3.25814047501112,5.48033000000001,42.3639962730634,72.8258663366339,0.203079133757137
"230","F7","PK","RESTORATION",9,3.8261355366778,6.15511000000002,48.8777011086903,81.1771039603963,0.215329352344706
"330","F7","PK","RESTORATION",10,4.39413059834447,6.82989000000003,55.3914059443173,89.5283415841588,0.227579570932276
"418","F7","PK","RESTORATION",11,4.96212566001114,7.50467000000004,61.9051107799443,97.8795792079213,0.239829789519846
"131","F8","PK","RESTORATION",8,1.25303047501113,3.47522000000002,19.3696155391184,48.0101485148517,0.190936886504888
"231","F8","PK","RESTORATION",9,1.8210255366778,4.15000000000002,25.8833203747454,56.3613861386142,0.203187105092458
"331","F8","PK","RESTORATION",10,2.38902059834447,4.82478000000003,32.3970252103724,64.7126237623766,0.215437323680028
"419","F8","PK","RESTORATION",11,2.95701566001115,5.49956000000004,38.9107300459994,73.0638613861391,0.227687542267598
"132","F10","PK","RESTORATION",8,1.49914047501113,3.72133000000002,22.1919779244395,51.0560643564358,0.192427242879975
"232","F10","PK","RESTORATION",9,2.0671355366778,4.39611000000002,28.7056827600665,59.4073019801983,0.204677461467545
"332","F10","PK","RESTORATION",10,2.63513059834447,5.07089000000003,35.2193875956935,67.7585396039608,0.216927680055115
"420","F10","PK","RESTORATION",11,3.20312566001114,5.74567000000004,41.7330924313205,76.1097772277232,0.229177898642685
"133","F12","PK","RESTORATION",8,0.908140475011123,3.13033000000001,15.4144549886597,43.7417079207922,0.188848352880884
"233","F12","PK","RESTORATION",9,1.4761355366778,3.80511000000002,21.9281598242867,52.0929455445547,0.201098571468454
"333","F12","PK","RESTORATION",10,2.04413059834447,4.47989000000003,28.4418646599136,60.4441831683172,0.213348790056024
"421","F12","PK","RESTORATION",11,2.61212566001114,5.15467000000004,34.9555694955406,68.7954207920797,0.225599008643594
"134","F13","PK","RESTORATION",8,2.59169714167779,4.81388666666668,34.7212974963049,64.5778052805282,0.199043385228155
"234","F13","PK","RESTORATION",9,3.15969220334446,5.48866666666669,41.2350023319319,72.9290429042907,0.211293603815725
"334","F13","PK","RESTORATION",10,3.72768726501114,6.1634466666667,47.7487071675589,81.2802805280532,0.223543822403295
"422","F13","PK","RESTORATION",11,4.29568232667781,6.8382266666667,54.2624120031859,89.6315181518156,0.235794040990865
"135","F14","PK","RESTORATION",8,1.79664047501112,4.01883000000001,25.6036751721459,54.7379950495051,0.194228799182395
"235","F14","PK","RESTORATION",9,2.36463553667779,4.69361000000002,32.1173800077729,63.0892326732676,0.206479017769965
"335","F14","PK","RESTORATION",10,2.93263059834447,5.36839000000003,38.6310848433998,71.44047029703,0.218729236357534
"423","F14","PK","RESTORATION",11,3.50062566001114,6.04317000000003,45.1447896790268,79.7917079207925,0.230979454945104
"136","F16","PK","RESTORATION",8,1.06769714167779,3.28988666666668,17.2442332761215,45.7164191419144,0.189814572438619
"236","F16","PK","RESTORATION",9,1.63569220334447,3.96466666666669,23.7579381117485,54.0676567656769,0.202064791026189
"336","F16","PK","RESTORATION",10,2.20368726501114,4.6394466666667,30.2716429473755,62.4188943894393,0.214315009613759
"424","F16","PK","RESTORATION",11,2.77168232667781,5.31422666666671,36.7853477830024,70.7701320132018,0.226565228201329
"137","F18","PK","RESTORATION",8,0.454140475011124,2.67633000000001,10.2080329703111,38.1228960396041,0.186099087128621
"237","F18","PK","RESTORATION",9,1.0221355366778,3.35111000000002,16.721737805938,46.4741336633666,0.19834930571619
"337","F18","PK","RESTORATION",10,1.59013059834447,4.02589000000003,23.235442641565,54.8253712871291,0.21059952430376
"425","F18","PK","RESTORATION",11,2.15812566001114,4.70067000000004,29.749147477192,63.1766089108915,0.22284974289133
"138","F19","PK","RESTORATION",8,1.58164047501112,3.80383000000001,23.1380788418707,52.0771039603962,0.192926834123504
"238","F19","PK","RESTORATION",9,2.14963553667779,4.47861000000002,29.6517836774976,60.4283415841587,0.205177052711073
"338","F19","PK","RESTORATION",10,2.71763059834447,5.15339000000003,36.1654885131246,68.7795792079211,0.217427271298643
"426","F19","PK","RESTORATION",11,3.28562566001114,5.82817000000003,42.6791933487516,77.1308168316836,0.229677489886213
"139","F9","PK","RESTORATION",8,1.89747047501111,4.11966,26.7599825115953,55.9858910891089,0.194839390516757
"239","F9","PK","RESTORATION",9,2.46546553667779,4.79444000000001,33.2736873472223,64.3371287128714,0.207089609104327
"339","F9","PK","RESTORATION",10,3.03346059834446,5.46922000000002,39.7873921828493,72.6883663366339,0.219339827691897
"427","F9","PK","RESTORATION",11,3.60145566001113,6.14400000000002,46.3010970184763,81.0396039603963,0.231590046279467
"140","F17","NK","NOT-SUBPLOTS",9,3.67117322120001,5.22831729132223,47.1006103348625,69.7068971698296,0.150708578899781
"240","F17","NK","NOT-SUBPLOTS",10,2.87863775543334,4.5425667638889,38.0119008650612,61.2198856916943,0.154719898844221
"340","F17","NK","NOT-SUBPLOTS",11,2.08610228966667,3.85681623645556,28.9231913952599,52.732874213559,0.15873121878866
"141","F23","NK","NOT-SUBPLOTS",9,4.61817766566667,5.3722082903889,57.9607530466361,71.4877263661992,0.0901798221304206
"241","F23","NK","NOT-SUBPLOTS",10,3.8256421999,4.68645776295556,48.8720435768349,63.0007148880639,0.09419114207486
"341","F23","NK","NOT-SUBPLOTS",11,3.03310673413333,4.00070723552223,39.7833341070336,54.5137034099286,0.0982024620192996
"142","F24","NK","NOT-SUBPLOTS",9,3.15952608313334,3.77670732505557,41.2330972836392,51.7414272902917,0.070055533377683
"242","F24","NK","NOT-SUBPLOTS",10,2.36699061736667,3.09095679762223,32.144387813838,43.2544158121563,0.0740668533221225
"342","F24","NK","NOT-SUBPLOTS",11,1.5744551516,2.4052062701889,23.0556783440367,34.767404334021,0.0780781732665619
"143","F5","NK","NOT-SUBPLOTS",9,2.70970062846667,2.8453386157889,36.0745484915903,40.2145868290705,0.0276002555832017
"243","F5","NK","NOT-SUBPLOTS",10,1.9171651627,2.15958808835556,26.985839021789,31.7275753509352,0.0316115755276412
"343","F5","NK","NOT-SUBPLOTS",11,1.12462969693333,1.47383756092223,17.8971295519878,23.2405638727999,0.0356228954720807
"144","F20","NK","NOT-SUBPLOTS",9,4.10548747486667,4.1777537897889,52.0812783814985,56.7048736360012,0.0308239683633512
"244","F20","NK","NOT-SUBPLOTS",10,3.3129520091,3.49200326235556,42.9925689116973,48.2178621578659,0.0348352883077907
"344","F20","NK","NOT-SUBPLOTS",11,2.52041654333333,2.80625273492223,33.903859441896,39.7308506797306,0.0388466082522302
"145","F21","NK","NOT-SUBPLOTS",9,2.26414570160001,3.3933437335889,30.9649736422019,46.9968283860012,0.106879031625329
"245","F21","NK","NOT-SUBPLOTS",10,1.47161023583334,2.70759320615556,21.8762641724007,38.5098169078659,0.110890351569768
"345","F21","NK","NOT-SUBPLOTS",11,0.679074770066667,2.02184267872223,12.7875547025994,30.0228054297306,0.114901671514208
"146","F1","NK","RESTORATION",8,4.28297695101114,4.31183000000003,54.1167081537975,58.3642326732677,0.0283168301298017
"246","F1","NK","RESTORATION",9,4.85097201267781,4.98661000000004,60.6304129894244,66.7154702970302,0.0405670487173716
"346","F1","NK","RESTORATION",10,5.41896707434448,5.66139000000005,67.1441178250514,75.0667079207926,0.0528172673049415
"428","F1","NK","RESTORATION",11,5.98696213601116,6.33617000000005,73.6578226606784,83.4179455445551,0.0650674858925115
"147","F2","NK","RESTORATION",8,4.01436695101112,4.04322000000002,51.0363182455404,55.0398514851487,0.0266902215973887
"247","F2","NK","RESTORATION",9,4.5823620126778,4.71800000000002,57.5500230811674,63.3910891089112,0.0389404401849586
"347","F2","NK","RESTORATION",10,5.15035707434447,5.39278000000003,64.0637279167944,71.7423267326736,0.0511906587725286
"429","F2","NK","RESTORATION",11,5.71835213601114,6.06756000000004,70.5774327524214,80.0935643564361,0.0634408773600984
"148","F4","NK","RESTORATION",8,4.28947695101112,4.31833000000001,54.1912494382009,58.444678217822,0.0283561918641402
"248","F4","NK","RESTORATION",9,4.85747201267779,4.99311000000002,60.7049542738279,66.7959158415844,0.04060641045171
"348","F4","NK","RESTORATION",10,5.42546707434447,5.66789000000003,67.2186591094549,75.1471534653469,0.05285662903928
"430","F4","NK","RESTORATION",11,5.99346213601114,6.34267000000004,73.7323639450819,83.4983910891094,0.0651068476268498
"149","F6","NK","RESTORATION",8,2.67770028434446,2.70655333333335,35.7075720681704,38.4969471947197,0.0185958341769953
"249","F6","NK","RESTORATION",9,3.24569534601113,3.38133333333336,42.2212769037974,46.8481848184821,0.0308460527645652
"349","F6","NK","RESTORATION",10,3.8136904076778,4.05611333333336,48.7349817394243,55.1994224422446,0.0430962713521351
"431","F6","NK","RESTORATION",11,4.38168546934448,4.73089333333337,55.2486865750513,63.5506600660071,0.055346489939705
"150","F7","NK","RESTORATION",8,5.45147695101112,5.48033000000001,67.5169375115954,72.8258663366339,0.0353928588335895
"250","F7","NK","RESTORATION",9,6.0194720126778,6.15511000000002,74.0306423472224,81.1771039603963,0.0476430774211592
"350","F7","NK","RESTORATION",10,6.58746707434447,6.82989000000003,80.5443471828494,89.5283415841588,0.0598932960087293
"432","F7","NK","RESTORATION",11,7.15546213601114,7.50467000000004,87.0580520184764,97.8795792079213,0.0721435145962991
"151","F8","NK","RESTORATION",8,3.44636695101112,3.47522000000002,44.5225567776505,48.0101485148517,0.0232506115813413
"251","F8","NK","RESTORATION",9,4.0143620126778,4.15000000000002,51.0362616132775,56.3613861386142,0.0355008301689111
"351","F8","NK","RESTORATION",10,4.58235707434447,4.82478000000003,57.5499664489045,64.7126237623766,0.047751048756481
"433","F8","NK","RESTORATION",11,5.15035213601114,5.49956000000004,64.0636712845315,73.0638613861391,0.060001267344051
"152","F10","NK","RESTORATION",8,3.69247695101112,3.72133000000002,47.3449191629716,51.0560643564358,0.0247409679564283
"252","F10","NK","RESTORATION",9,4.2604720126778,4.39611000000002,53.8586239985986,59.4073019801983,0.0369911865439982
"352","F10","NK","RESTORATION",10,4.82846707434447,5.07089000000003,60.3723288342256,67.7585396039608,0.0492414051315681
"434","F10","NK","RESTORATION",11,5.39646213601114,5.74567000000004,66.8860336698525,76.1097772277232,0.061491623719138
"153","F12","NK","RESTORATION",8,3.10147695101112,3.13033000000001,40.5673962271918,43.7417079207922,0.0211620779573366
"253","F12","NK","RESTORATION",9,3.66947201267779,3.80511000000002,47.0811010628187,52.0929455445547,0.0334122965449065
"353","F12","NK","RESTORATION",10,4.23746707434447,4.47989000000003,53.5948058984457,60.4441831683172,0.0456625151324765
"435","F12","NK","RESTORATION",11,4.80546213601114,5.15467000000004,60.1085107340727,68.7954207920797,0.0579127337200463
"154","F13","NK","RESTORATION",8,4.78503361767779,4.81388666666668,59.874238734837,64.5778052805282,0.031357110304608
"254","F13","NK","RESTORATION",9,5.35302867934446,5.48866666666669,66.387943570464,72.9290429042907,0.0436073288921779
"354","F13","NK","RESTORATION",10,5.92102374101113,6.1634466666667,72.901648406091,81.2802805280532,0.0558575474797479
"436","F13","NK","RESTORATION",11,6.48901880267781,6.8382266666667,79.415353241718,89.6315181518156,0.0681077660673177
"155","F14","NK","RESTORATION",8,3.98997695101112,4.01883000000001,50.756616410678,54.7379950495051,0.0265425242588475
"255","F14","NK","RESTORATION",9,4.55797201267779,4.69361000000002,57.270321246305,63.0892326732676,0.0387927428464173
"355","F14","NK","RESTORATION",10,5.12596707434446,5.36839000000003,63.7840260819319,71.44047029703,0.0510429614339873
"437","F14","NK","RESTORATION",11,5.69396213601114,6.04317000000003,70.2977309175589,79.7917079207925,0.0632931800215572
"156","F16","NK","RESTORATION",8,3.26103361767779,3.28988666666668,42.3971745146536,45.7164191419144,0.0221282975150722
"256","F16","NK","RESTORATION",9,3.82902867934446,3.96466666666669,48.9108793502806,54.0676567656769,0.0343785161026421
"356","F16","NK","RESTORATION",10,4.39702374101114,4.6394466666667,55.4245841859075,62.4188943894393,0.0466287346902121
"438","F16","NK","RESTORATION",11,4.96501880267781,5.31422666666671,61.9382890215345,70.7701320132018,0.058878953277782
"157","F18","NK","RESTORATION",8,2.64747695101112,2.67633000000001,35.3609742088431,38.1228960396041,0.0184128122050734
"257","F18","NK","RESTORATION",9,3.21547201267779,3.35111000000002,41.8746790444701,46.4741336633666,0.0306630307926433
"357","F18","NK","RESTORATION",10,3.78346707434447,4.02589000000003,48.3883838800971,54.8253712871291,0.0429132493802131
"439","F18","NK","RESTORATION",11,4.35146213601114,4.70067000000004,54.9020887157241,63.1766089108915,0.0551634679677831
"158","F19","NK","RESTORATION",8,3.77497695101112,3.80383000000001,48.2910200804027,52.0771039603962,0.0252405591999563
"258","F19","NK","RESTORATION",9,4.34297201267779,4.47861000000002,54.8047249160297,60.4283415841587,0.0374907777875262
"358","F19","NK","RESTORATION",10,4.91096707434446,5.15339000000003,61.3184297516567,68.7795792079211,0.0497409963750962
"440","F19","NK","RESTORATION",11,5.47896213601114,5.82817000000003,67.8321345872837,77.1308168316836,0.061991214962666
"159","F9","NK","RESTORATION",8,4.09080695101111,4.11966,51.9129237501274,55.9858910891089,0.0271531155932103
"259","F9","NK","RESTORATION",9,4.65880201267778,4.79444000000001,58.4266285857544,64.3371287128714,0.0394033341807802
"359","F9","NK","RESTORATION",10,5.22679707434446,5.46922000000002,64.9403334213814,72.6883663366339,0.0516535527683501
"441","F9","NK","RESTORATION",11,5.79479213601113,6.14400000000002,71.4540382570083,81.0396039603963,0.06390377135592
"160","F17","NP","NOT-SUBPLOTS",9,4.96263337820001,5.90830793843334,61.9109332362386,78.1226230004127,0.10807793176116
"260","F17","NP","NOT-SUBPLOTS",10,4.17009791243334,5.22255741100001,52.8222237664374,69.6356115222773,0.1120892517056
"360","F17","NP","NOT-SUBPLOTS",11,3.37756244666667,4.53680688356667,43.7335142966361,61.148600044142,0.116100571650039
"161","F23","NP","NOT-SUBPLOTS",9,5.90963782266667,6.05219893750001,72.7710759480123,79.9034521967823,0.0475491749917999
"261","F23","NP","NOT-SUBPLOTS",10,5.1171023569,5.36644841006667,63.682366478211,71.416440718647,0.0515604949362394
"361","F23","NP","NOT-SUBPLOTS",11,4.32456689113333,4.68069788263334,54.5936570084098,62.9294292405116,0.0555718148806788
"162","F24","NP","NOT-SUBPLOTS",9,4.45098624013334,4.45669797216668,56.0434201850154,60.1571531208747,0.0274248862390622
"262","F24","NP","NOT-SUBPLOTS",10,3.65845077436667,3.77094744473334,46.9547107152141,51.6701416427394,0.0314362061835018
"362","F24","NP","NOT-SUBPLOTS",11,2.8659153086,3.08519691730001,37.8660012454128,43.183130164604,0.0354475261279412
"163","F5","NP","NOT-SUBPLOTS",9,4.00116078546667,3.52532926290001,50.8848713929664,48.6303126596536,-0.0150303915554191
"263","F5","NP","NOT-SUBPLOTS",10,3.2086253197,2.83957873546667,41.7961619231652,40.1433011815182,-0.0110190716109795
"363","F5","NP","NOT-SUBPLOTS",11,2.41608985393333,2.15382820803334,32.7074524533639,31.6562897033829,-0.00700775166654004
"164","F20","NP","NOT-SUBPLOTS",9,5.39694763186667,4.85774443690001,66.8916012828747,65.1205994665843,-0.0118066787752696
"264","F20","NP","NOT-SUBPLOTS",10,4.6044121661,4.17199390946667,57.8028918130734,56.6335879884489,-0.00779535883083004
"364","F20","NP","NOT-SUBPLOTS",11,3.81187670033333,3.48624338203334,48.7141823432722,48.1465765103136,-0.00378403888639056
"165","F21","NP","NOT-SUBPLOTS",9,3.55560585860001,4.07333438070001,45.7752965435781,55.4125542165843,0.0642483844867081
"265","F21","NP","NOT-SUBPLOTS",10,2.76307039283334,3.38758385326667,36.6865870737768,46.9255427384489,0.0682597044311476
"365","F21","NP","NOT-SUBPLOTS",11,1.97053492706667,2.70183332583334,27.5978776039755,38.4385312603136,0.0722710243755871
"166","F1","NP","RESTORATION",8,4.89444646090003,4.31183000000003,61.128973175459,58.3642326732677,-0.0184316033479422
"266","F1","NP","RESTORATION",9,5.4624415225667,4.98661000000004,67.642678011086,66.7154702970302,-0.00618138476037226
"366","F1","NP","RESTORATION",10,6.03043658423337,5.66139000000005,74.156382846713,75.0667079207926,0.00606883382719749
"442","F1","NP","RESTORATION",11,6.59843164590005,6.33617000000005,80.67008768234,83.4179455445551,0.0183190524147675
"167","F2","NP","RESTORATION",8,4.62583646090001,4.04322000000002,58.048583267202,55.0398514851487,-0.0200582118803552
"267","F2","NP","RESTORATION",9,5.19383152256669,4.71800000000002,64.562288102829,63.3910891089112,-0.00780799329278532
"367","F2","NP","RESTORATION",10,5.76182658423336,5.39278000000003,71.075992938456,71.7423267326736,0.00444222529478462
"443","F2","NP","RESTORATION",11,6.32982164590003,6.06756000000004,77.5896977740829,80.0935643564361,0.0166924438823545
"168","F4","NP","RESTORATION",8,4.90094646090001,4.31833000000001,61.2035144598625,58.444678217822,-0.0183922416136038
"268","F4","NP","RESTORATION",9,5.46894152256669,4.99311000000002,67.7172192954895,66.7959158415844,-0.00614202302603398
"368","F4","NP","RESTORATION",10,6.03693658423336,5.66789000000003,74.2309241311165,75.1471534653469,0.00610819556153605
"444","F4","NP","RESTORATION",11,6.60493164590003,6.34267000000004,80.7446289667435,83.4983910891094,0.0183584141491059
"169","F6","NP","RESTORATION",8,3.28916979423335,2.70655333333335,42.719837089832,38.4969471947197,-0.0281525993007486
"269","F6","NP","RESTORATION",9,3.85716485590002,3.38133333333336,49.2335419254589,46.8481848184821,-0.0159023807131787
"369","F6","NP","RESTORATION",10,4.42515991756669,4.05611333333336,55.7472467610859,55.1994224422446,-0.00365216212560881
"445","F6","NP","RESTORATION",11,4.99315497923337,4.73089333333337,62.2609515967129,63.5506600660071,0.00859805646196108
"170","F7","NP","RESTORATION",8,6.06294646090001,5.48033000000001,74.529202533257,72.8258663366339,-0.0113555746441545
"270","F7","NP","RESTORATION",9,6.63094152256669,6.15511000000002,81.042907368884,81.1771039603963,0.000894643943415285
"370","F7","NP","RESTORATION",10,7.19893658423336,6.82989000000003,87.556612204511,89.5283415841588,0.0131448625309853
"446","F7","NP","RESTORATION",11,7.76693164590003,7.50467000000004,94.070317040138,97.8795792079213,0.0253950811185552
"171","F8","NP","RESTORATION",8,4.05783646090002,3.47522000000002,51.5348217993121,48.0101485148517,-0.0234978218964027
"271","F8","NP","RESTORATION",9,4.62583152256669,4.15000000000002,58.0485266349391,56.3613861386142,-0.0112476033088328
"371","F8","NP","RESTORATION",10,5.19382658423336,4.82478000000003,64.562231470566,64.7126237623766,0.00100261527873708
"447","F8","NP","RESTORATION",11,5.76182164590003,5.49956000000004,71.075936306193,73.0638613861391,0.013252833866307
"172","F10","NP","RESTORATION",8,4.30394646090001,3.72133000000002,54.3571841846332,51.0560643564358,-0.0220074655213156
"272","F10","NP","RESTORATION",9,4.87194152256669,4.39611000000002,60.8708890202602,59.4073019801983,-0.00975724693374573
"372","F10","NP","RESTORATION",10,5.43993658423336,5.07089000000003,67.3845938558871,67.7585396039608,0.00249297165382416
"448","F10","NP","RESTORATION",11,6.00793164590003,5.74567000000004,73.8982986915141,76.1097772277232,0.0147431902413941
"173","F12","NP","RESTORATION",8,3.71294646090001,3.13033000000001,47.5796612488533,43.7417079207922,-0.0255863555204073
"273","F12","NP","RESTORATION",9,4.28094152256668,3.80511000000002,54.0933660844803,52.0929455445547,-0.0133361369328374
"373","F12","NP","RESTORATION",10,4.84893658423336,4.47989000000003,60.6070709201073,60.4441831683172,-0.00108591834526753
"449","F12","NP","RESTORATION",11,5.41693164590003,5.15467000000004,67.1207757557343,68.7954207920797,0.0111643002423025
"174","F13","NP","RESTORATION",8,5.39650312756668,4.81388666666668,66.8865037564986,64.5778052805282,-0.0153913231731358
"274","F13","NP","RESTORATION",9,5.96449818923335,5.48866666666669,73.4002085921256,72.9290429042907,-0.00314110458556598
"374","F13","NP","RESTORATION",10,6.53249325090002,6.1634466666667,79.9139134277526,81.2802805280532,0.00910911400200395
"450","F13","NP","RESTORATION",11,7.1004883125667,6.8382266666667,86.4276182633796,89.6315181518156,0.0213593325895738
"175","F14","NP","RESTORATION",8,4.60144646090001,4.01883000000001,57.7688814323395,54.7379950495051,-0.0202059092188964
"275","F14","NP","RESTORATION",9,5.16944152256668,4.69361000000002,64.2825862679665,63.0892326732676,-0.00795569063132656
"375","F14","NP","RESTORATION",10,5.73743658423335,5.36839000000003,70.7962911035935,71.44047029703,0.00429452795624333
"451","F14","NP","RESTORATION",11,6.30543164590003,6.04317000000003,77.3099959392205,79.7917079207925,0.0165447465438134
"176","F16","NP","RESTORATION",8,3.87250312756668,3.28988666666668,49.4094395363152,45.7164191419144,-0.0246201359626717
"276","F16","NP","RESTORATION",9,4.44049818923336,3.96466666666669,55.9231443719421,54.0676567656769,-0.0123699173751018
"376","F16","NP","RESTORATION",10,5.00849325090003,4.6394466666667,62.4368492075691,62.4188943894393,-0.000119698787531869
"452","F16","NP","RESTORATION",11,5.5764883125667,5.31422666666671,68.9505540431961,70.7701320132018,0.012130519800038
"177","F18","NP","RESTORATION",8,3.25894646090001,2.67633000000001,42.3732392305047,38.1228960396041,-0.0283356212726706
"277","F18","NP","RESTORATION",9,3.82694152256669,3.35111000000002,48.8869440661317,46.4741336633666,-0.0160854026851007
"377","F18","NP","RESTORATION",10,4.39493658423336,4.02589000000003,55.4006489017587,54.8253712871291,-0.0038351840975308
"453","F18","NP","RESTORATION",11,4.96293164590003,4.70067000000004,61.9143537373857,63.1766089108915,0.00841503449003918
"178","F19","NP","RESTORATION",8,4.38644646090001,3.80383000000001,55.3032851020643,52.0771039603962,-0.0215078742777876
"278","F19","NP","RESTORATION",9,4.95444152256668,4.47861000000002,61.8169899376913,60.4283415841587,-0.00925765569021773
"378","F19","NP","RESTORATION",10,5.52243658423335,5.15339000000003,68.3306947733183,68.7795792079211,0.00299256289735221
"454","F19","NP","RESTORATION",11,6.09043164590003,5.82817000000003,74.8443996089453,77.1308168316836,0.0152427814849221
"179","F9","NP","RESTORATION",8,4.7022764609,4.11966,58.925188771789,55.9858910891089,-0.0195953178845337
"279","F9","NP","RESTORATION",9,5.27027152256667,4.79444000000001,65.438893607416,64.3371287128714,-0.00734509929696372
"379","F9","NP","RESTORATION",10,5.83826658423335,5.46922000000002,71.952598443043,72.6883663366339,0.00490511929060612
"455","F9","NP","RESTORATION",11,6.40626164590002,6.14400000000002,78.4663032786699,81.0396039603963,0.0171553378781761
"180","F17","NPK","NOT-SUBPLOTS",9,4.18477344564445,6.64191220337779,52.9905211656474,87.2018837051706,0.228075750263488
"280","F17","NPK","NOT-SUBPLOTS",10,3.39223797987778,5.95616167594445,43.9018116958461,78.7148722270353,0.232087070207928
"380","F17","NPK","NOT-SUBPLOTS",11,2.59970251411111,5.27041114851112,34.8131022260449,70.2278607489,0.236098390152367
"181","F23","NPK","NOT-SUBPLOTS",9,5.13177789011112,6.78580320244445,63.8506638774211,88.9827129015403,0.167546993494128
"281","F23","NPK","NOT-SUBPLOTS",10,4.33924242434445,6.10005267501112,54.7619544076198,80.4957014234049,0.171558313438567
"381","F23","NPK","NOT-SUBPLOTS",11,3.54670695857778,5.41430214757778,45.6732449378186,72.0086899452696,0.175569633383007
"182","F24","NPK","NOT-SUBPLOTS",9,3.67312630757779,5.19030223711112,47.1230081144241,69.2364138256327,0.14742270474139
"282","F24","NPK","NOT-SUBPLOTS",10,2.88059084181112,4.50455170967779,38.0342986446229,60.7494023474973,0.15143402468583
"382","F24","NPK","NOT-SUBPLOTS",11,2.08805537604445,3.81880118224445,28.9455891748216,52.262390869362,0.155445344630269
"183","F5","NPK","NOT-SUBPLOTS",9,3.22330085291112,4.25893352784445,41.9644593223752,57.7095733644116,0.104967426946909
"283","F5","NPK","NOT-SUBPLOTS",10,2.43076538714445,3.57318300041112,32.875749852574,49.2225618862762,0.108978746891348
"383","F5","NPK","NOT-SUBPLOTS",11,1.63822992137778,2.88743247297778,23.7870403827727,40.7355504081409,0.112990066835788
"184","F20","NPK","NOT-SUBPLOTS",9,4.61908769931112,5.59134870184445,57.9711892122835,74.1998601713422,0.108191139727058
"284","F20","NPK","NOT-SUBPLOTS",10,3.82655223354445,4.90559817441112,48.8824797424822,65.7128486932069,0.112202459671498
"384","F20","NPK","NOT-SUBPLOTS",11,3.03401676777778,4.21984764697778,39.793770272681,57.2258372150716,0.116213779615937
"185","F21","NPK","NOT-SUBPLOTS",9,2.77774592604445,4.80693864564445,36.8548844729868,64.4918149213423,0.184246202989036
"285","F21","NPK","NOT-SUBPLOTS",10,1.98521046027778,4.12118811821112,27.7661750031856,56.0048034432069,0.188257522933476
"385","F21","NPK","NOT-SUBPLOTS",11,1.19267499451111,3.43543759077778,18.6774655333843,47.5177919650716,0.192268842877915
"186","F1","NPK","RESTORATION",8,3.38298226340003,4.31183000000003,43.7956681582572,58.3642326732677,0.0971237634334032
"286","F1","NPK","RESTORATION",9,3.9509773250667,4.98661000000004,50.3093729938842,66.7154702970302,0.109373982020973
"386","F1","NPK","RESTORATION",10,4.51897238673338,5.66139000000005,56.8230778295112,75.0667079207926,0.121624200608543
"456","F1","NPK","RESTORATION",11,5.08696744840005,6.33617000000005,63.3367826651382,83.4179455445551,0.133874419196113
"187","F2","NPK","RESTORATION",8,3.11437226340002,4.04322000000002,40.7152782500002,55.0398514851487,0.0954971549009902
"287","F2","NPK","RESTORATION",9,3.68236732506669,4.71800000000002,47.2289830856272,63.3910891089112,0.10774737348856
"387","F2","NPK","RESTORATION",10,4.25036238673336,5.39278000000003,53.7426879212541,71.7423267326736,0.11999759207613
"457","F2","NPK","RESTORATION",11,4.81835744840003,6.06756000000004,60.2563927568811,80.0935643564361,0.1322478106637
"188","F4","NPK","RESTORATION",8,3.38948226340001,4.31833000000001,43.8702094426607,58.444678217822,0.0971631251677417
"288","F4","NPK","RESTORATION",9,3.95747732506669,4.99311000000002,50.3839142782877,66.7959158415844,0.109413343755312
"388","F4","NPK","RESTORATION",10,4.52547238673336,5.66789000000003,56.8976191139147,75.1471534653469,0.121663562342881
"458","F4","NPK","RESTORATION",11,5.09346744840003,6.34267000000004,63.4113239495417,83.4983910891094,0.133913780930451
"189","F6","NPK","RESTORATION",8,1.77770559673335,2.70655333333335,25.3865320726301,38.4969471947197,0.0874027674805968
"289","F6","NPK","RESTORATION",9,2.34570065840002,3.38133333333336,31.9002369082571,46.8481848184821,0.0996529860681667
"389","F6","NPK","RESTORATION",10,2.91369572006669,4.05611333333336,38.4139417438841,55.1994224422446,0.111903204655737
"459","F6","NPK","RESTORATION",11,3.48169078173337,4.73089333333337,44.9276465795111,63.5506600660071,0.124153423243307
"190","F7","NPK","RESTORATION",8,4.55148226340001,5.48033000000001,57.1958975160552,72.8258663366339,0.104199792137191
"290","F7","NPK","RESTORATION",9,5.11947732506669,6.15511000000002,63.7096023516822,81.1771039603963,0.116450010724761
"390","F7","NPK","RESTORATION",10,5.68747238673336,6.82989000000003,70.2233071873092,89.5283415841588,0.128700229312331
"460","F7","NPK","RESTORATION",11,6.25546744840003,7.50467000000004,76.7370120229362,97.8795792079213,0.140950447899901
"191","F8","NPK","RESTORATION",8,2.54637226340002,3.47522000000002,34.2015167821103,48.0101485148517,0.0920575448849428
"291","F8","NPK","RESTORATION",9,3.11436732506669,4.15000000000002,40.7152216177373,56.3613861386142,0.104307763472513
"391","F8","NPK","RESTORATION",10,3.68236238673336,4.82478000000003,47.2289264533642,64.7126237623766,0.116557982060082
"461","F8","NPK","RESTORATION",11,4.25035744840003,5.49956000000004,53.7426312889912,73.0638613861391,0.128808200647652
"192","F10","NPK","RESTORATION",8,2.79248226340001,3.72133000000002,37.0238791674314,51.0560643564358,0.0935479012600299
"292","F10","NPK","RESTORATION",9,3.36047732506669,4.39611000000002,43.5375840030583,59.4073019801983,0.1057981198476
"392","F10","NPK","RESTORATION",10,3.92847238673336,5.07089000000003,50.0512888386853,67.7585396039608,0.11804833843517
"462","F10","NPK","RESTORATION",11,4.49646744840003,5.74567000000004,56.5649936743123,76.1097772277232,0.130298557022739
"193","F12","NPK","RESTORATION",8,2.20148226340001,3.13033000000001,30.2463562316515,43.7417079207922,0.0899690112609382
"293","F12","NPK","RESTORATION",9,2.76947732506669,3.80511000000002,36.7600610672785,52.0929455445547,0.102219229848508
"393","F12","NPK","RESTORATION",10,3.33747238673336,4.47989000000003,43.2737659029055,60.4441831683172,0.114469448436078
"463","F12","NPK","RESTORATION",11,3.90546744840003,5.15467000000004,49.7874707385325,68.7954207920797,0.126719667023648
"194","F13","NPK","RESTORATION",8,3.88503893006668,4.81388666666668,49.5531987392968,64.5778052805282,0.10016404360821
"294","F13","NPK","RESTORATION",9,4.45303399173335,5.48866666666669,56.0669035749238,72.9290429042907,0.112414262195779
"394","F13","NPK","RESTORATION",10,5.02102905340003,6.1634466666667,62.5806084105508,81.2802805280532,0.124664480783349
"464","F13","NPK","RESTORATION",11,5.5890241150667,6.8382266666667,69.0943132461777,89.6315181518156,0.136914699370919
"195","F14","NPK","RESTORATION",8,3.08998226340001,4.01883000000001,40.4355764151377,54.7379950495051,0.095349457562449
"295","F14","NPK","RESTORATION",9,3.65797732506668,4.69361000000002,46.9492812507647,63.0892326732676,0.107599676150019
"395","F14","NPK","RESTORATION",10,4.22597238673336,5.36839000000003,53.4629860863917,71.44047029703,0.119849894737589
"465","F14","NPK","RESTORATION",11,4.79396744840003,6.04317000000003,59.9766909220187,79.7917079207925,0.132100113325159
"196","F16","NPK","RESTORATION",8,2.36103893006668,3.28988666666668,32.0761345191133,45.7164191419144,0.0909352308186737
"296","F16","NPK","RESTORATION",9,2.92903399173336,3.96466666666669,38.5898393547403,54.0676567656769,0.103185449406244
"396","F16","NPK","RESTORATION",10,3.49702905340003,4.6394466666667,45.1035441903673,62.4188943894393,0.115435667993814
"466","F16","NPK","RESTORATION",11,4.0650241150667,5.31422666666671,51.6172490259943,70.7701320132018,0.127685886581383
"197","F18","NPK","RESTORATION",8,1.74748226340001,2.67633000000001,25.0399342133029,38.1228960396041,0.0872197455086749
"297","F18","NPK","RESTORATION",9,2.31547732506669,3.35111000000002,31.5536390489299,46.4741336633666,0.0994699640962448
"397","F18","NPK","RESTORATION",10,2.88347238673336,4.02589000000003,38.0673438845569,54.8253712871291,0.111720182683815
"467","F18","NPK","RESTORATION",11,3.45146744840003,4.70067000000004,44.5810487201839,63.1766089108915,0.123970401271385
"198","F19","NPK","RESTORATION",8,2.87498226340001,3.80383000000001,37.9699800848625,52.0771039603962,0.0940474925035579
"298","F19","NPK","RESTORATION",9,3.44297732506668,4.47861000000002,44.4836849204895,60.4283415841587,0.106297711091128
"398","F19","NPK","RESTORATION",10,4.01097238673336,5.15339000000003,50.9973897561165,68.7795792079211,0.118547929678698
"468","F19","NPK","RESTORATION",11,4.57896744840003,5.82817000000003,57.5110945917435,77.1308168316836,0.130798148266267
"199","F9","NPK","RESTORATION",8,3.1908122634,4.11966,41.5918837545872,55.9858910891089,0.0959600488968118
"299","F9","NPK","RESTORATION",9,3.75880732506667,4.79444000000001,48.1055885902142,64.3371287128714,0.108210267484382
"399","F9","NPK","RESTORATION",10,4.32680238673335,5.46922000000002,54.6192934258411,72.6883663366339,0.120460486071952
"469","F9","NPK","RESTORATION",11,4.89479744840002,6.14400000000002,61.1329982614681,81.0396039603963,0.132710704659521
