"","Season","Farm.CODE","PLOT.CODE","TREATMENT","NEW.TREATMENT","PLANT.COUNT","NO..OF.COBS","yield.t.ha","stov.t.ha","Comments"
"1","LR2018","F17","F17P1/SS1","Control","PK",34,18,1.57286976090014,1.34337037037037,"some lodging"
"2","LR2018","F17","F17P1/SS2","Control","NK",37,30,3.03680651731161,2.87503703703704,""
"3","LR2018","F17","F17P1/SS3","Control","NP",43,28,2.97698931145911,3.66592592592593,"Not well thinned"
"4","LR2018","F17","F17P1/SS4","Control","NPK",38,40,6.38378308874913,5.08733333333333,"Good crop"
"5","LR2018","F17","F17P2/SS1","PK","PK",37,32,4.70315343915344,3.28888888888889,"Good crop"
"6","LR2018","F17","F17P2/SS2","PK","NK",39,41,5.07065060240964,3.83195555555556,"Good crop"
"7","LR2018","F17","F17P2/SS3","PK","NP",39,44,5.88538293950059,4.61677777777778,"Good crop"
"8","LR2018","F17","F17P2/SS4","PK","NPK",37,37,6.11366183574879,4.73244444444444,"Good crop"
"9","LR2018","F17","F17P3/SS1","NK","PK",27,16,1.78874955365622,2.10861851851852,"poor performance"
"10","LR2018","F17","F17P3/SS2","NK","NK",23,0,NA,0.435555555555556,"poor performance"
"11","LR2018","F17","F17P3/SS3","NK","NP",27,12,1.25698375298375,1.63103703703704,"average performance"
"12","LR2018","F17","F17P3/SS4","NK","NPK",34,20,1.9189826687932,2.09,"average performance"
"13","LR2018","F17","F17P4/SS1","NP","PK",35,20,2.60879477124183,2.47488888888889,"average performance"
"14","LR2018","F17","F17P4/SS2","NP","NK",38,26,1.64589743589744,1.86388888888889,"poor performance"
"15","LR2018","F17","F17P4/SS3","NP","NP",0,0,NA,NA,"poor performance"
"16","LR2018","F17","F17P4/SS4","NP","NPK",36,31,3.10873349190169,2.63407407407407,""
"17","LR2018","F17","F17P5/SS1","NPK","PK",36,27,3.52746900072939,3.61731851851852,""
"18","LR2018","F17","F17P5/SS2","NPK","NK",31,15,0.905277578653923,1.26563888888889,""
"19","LR2018","F17","F17P5/SS3","NPK","NP",34,31,3.5963996948894,2.42933333333333,""
"20","LR2018","F17","F17P5/SS4","NPK","NPK",37,40,5.64141479099678,4.76767407407408,""
"21","LR2018","F23","F23P1/SS1","Control","PK",18,15,1.89898292074458,1.809,"some missing plants"
"22","LR2018","F23","F23P1/SS2","Control","NK",42,30,2.31341277509393,2.67055555555556,"plot OK"
"23","LR2018","F23","F23P1/SS3","Control","NP",38,33,5.00508563232937,4.94,"plot OK"
"24","LR2018","F23","F23P1/SS4","Control","NPK",42,39,4.72873898404333,4.74014814814815,"plot OK"
"25","LR2018","F23","F23P2/SS1","PK","PK",29,19,2.7503898241676,3.16544444444444,"plot OK"
"26","LR2018","F23","F23P2/SS2","PK","NK",35,41,5.12630712583929,4.85866666666667,"plot OK"
"27","LR2018","F23","F23P2/SS3","PK","NP",40,33,4.25463877266388,5.39074074074074,"plot OK"
"28","LR2018","F23","F23P2/SS4","PK","NPK",32,29,4.17051917695473,3.06325925925926,"plot OK"
"29","LR2018","F23","F23P3/SS1","NK","PK",35,21,2.39632690541781,2.70062962962963,""
"30","LR2018","F23","F23P3/SS2","NK","NK",41,25,1.39885964192975,2.22240740740741,"poor crop"
"31","LR2018","F23","F23P3/SS3","NK","NP",37,35,3.795,3.40592592592593,""
"32","LR2018","F23","F23P3/SS4","NK","NPK",43,38,4.922656449553,5.15555555555555,""
"33","LR2018","F23","F23P4/SS1","NP","PK",31,27,2.87662417582418,3.13333333333333,""
"34","LR2018","F23","F23P4/SS2","NP","NK",42,34,4.05563339610797,6.72444444444444,""
"35","LR2018","F23","F23P4/SS3","NP","NP",38,28,2.84853795639611,2.64651851851852,""
"36","LR2018","F23","F23P4/SS4","NP","NPK",39,36,5.63646959136258,6.51597777777778,""
"37","LR2018","F23","F23P5/SS1","NPK","PK",24,18,2.55091129665311,2.91333333333333,"some missing plants with poor performance"
"38","LR2018","F23","F23P5/SS2","NPK","NK",28,21,2.94822393042938,3.61666666666667,"some missing plants with poor performance"
"39","LR2018","F23","F23P5/SS3","NPK","NP",36,24,2.54944933018125,3.97833333333333,"some missing plants with poor performance"
"40","LR2018","F23","F23P5/SS4","NPK","NPK",36,28,2.86106898272936,5.81111111111111,"some missing plants with poor performance"
"41","LR2018","F24","F24P1/SS1","Control","PK",36,11,1.21174536058257,NA,"plot OK"
"42","LR2018","F24","F24P1/SS2","Control","NK",0,0,NA,NA,"crop failure"
"43","LR2018","F24","F24P1/SS3","Control","NP",27,18,1.35443246839654,2.33577777777778,"heavy termite damage"
"44","LR2018","F24","F24P1/SS4","Control","NPK",38,36,4.51353641524736,5.32485185185185,"good performance"
"45","LR2018","F24","F24P2/SS1","PK","PK",37,17,1.26231601385558,2.34362962962963,"average performance"
"46","LR2018","F24","F24P2/SS2","PK","NK",28,17,1.96183891828336,2.29333333333333,"plot OK"
"47","LR2018","F24","F24P2/SS3","PK","NP",34,23,2.38259563673262,3.36907407407407,"some termite damage"
"48","LR2018","F24","F24P2/SS4","PK","NPK",36,45,4.82137763932156,6.67425925925926,"good performance"
"49","LR2018","F24","F24P3/SS1","NK","PK",13,11,1.4219998725059,1.37459259259259,"poor performance"
"50","LR2018","F24","F24P3/SS2","NK","NK",0,0,NA,NA,"crop failure"
"51","LR2018","F24","F24P3/SS3","NK","NP",29,26,3.07619047619048,3.21403703703704,"average performance"
"52","LR2018","F24","F24P3/SS4","NK","NPK",32,9,0.273988538191771,1.03866666666667,"poor for NPK"
"53","LR2018","F24","F24P4/SS1","NP","PK",17,10,0.841531762065095,1.43718518518519,""
"54","LR2018","F24","F24P4/SS2","NP","NK",22,19,0.859185840707965,1.73333333333333,""
"55","LR2018","F24","F24P4/SS3","NP","NP",12,8,0.701739879414298,1.29325925925926,""
"56","LR2018","F24","F24P4/SS4","NP","NPK",14,6,0.291737891737892,0.879666666666666,""
"57","LR2018","F24","F24P5/SS1","NPK","PK",0,0,NA,NA,"crop failure"
"58","LR2018","F24","F24P5/SS2","NPK","NK",32,26,2.57924812030075,2.76588888888889,"poor crop "
"59","LR2018","F24","F24P5/SS3","NPK","NP",22,17,1.37762647754137,1.8722962962963,"poor crop "
"60","LR2018","F24","F24P5/SS4","NPK","NPK",34,30,3.38832183908046,4.07244444444444,"good crop"
"61","LR2018","F5","F5P1/SS1","Control","PK",28,16,0.621852950873722,0.8,"poor performance"
"62","LR2018","F5","F5P1/SS2","Control","NK",0,0,NA,NA,"very poor no plants"
"63","LR2018","F5","F5P1/SS3","Control","NP",16,9,0.547354838709677,0.392333333333333,"poor performance"
"64","LR2018","F5","F5P1/SS4","Control","NPK",28,15,1.0411837219936,1.37911111111111,"poor performance"
"65","LR2018","F5","F5P2/SS1","PK","PK",29,17,1.59322991908427,1.30146666666667,"poor performance"
"66","LR2018","F5","F5P2/SS2","PK","NK",0,0,NA,NA,"very poor no plants"
"67","LR2018","F5","F5P2/SS3","PK","NP",21,13,1.4179891107078,1.25416296296296,"poor performance"
"68","LR2018","F5","F5P2/SS4","PK","NPK",18,15,1.9278916490147,1.824,"poor performance"
"69","LR2018","F5","F5P3/SS1","NK","PK",20,14,0.488808207268301,0.924444444444444,"poor performance"
"70","LR2018","F5","F5P3/SS2","NK","NK",11,3,0.161185185185185,0.392888888888889,"poor performance"
"71","LR2018","F5","F5P3/SS3","NK","NP",23,16,1.3312793271359,1.57918888888889,"poor performance"
"72","LR2018","F5","F5P3/SS4","NK","NPK",24,15,2.2932625994695,2.33975555555556,"poor performance"
"73","LR2018","F5","F5P4/SS1","NP","PK",33,27,3.05395965811966,3.62548148148148,"poor performance"
"74","LR2018","F5","F5P4/SS2","NP","NK",15,17,1.62834396135266,1.23088888888889,"poor performance"
"75","LR2018","F5","F5P4/SS3","NP","NP",16,10,0.62810273875408,0.965925925925926,"poor performance"
"76","LR2018","F5","F5P4/SS4","NP","NPK",27,22,3.54106268656716,4.51851851851852,"poor performance"
"77","LR2018","F5","F5P5/SS1","NPK","PK",26,22,2.47546181475593,2.34666666666667,"poor performance"
"78","LR2018","F5","F5P5/SS2","NPK","NK",0,0,NA,NA,"poor performance"
"79","LR2018","F5","F5P5/SS3","NPK","NP",0,0,NA,NA,"poor performance"
"80","LR2018","F5","F5P5/SS4","NPK","NPK",22,12,1.81539657930356,2.19777777777778,"poor performance"
"81","LR2018","F20","F20P1/SS1","Control","PK",16,13,0.911949685534591,1.01392592592593,""
"82","LR2018","F20","F20P1/SS2","Control","NK",0,0,NA,NA,"poor performance"
"83","LR2018","F20","F20P1/SS3","Control","NP",0,0,NA,NA,"poor performance"
"84","LR2018","F20","F20P1/SS4","Control","NPK",31,30,3.29183404864092,4.4637037037037,"Good performance but termite damage"
"85","LR2018","F20","F20P2/SS1","PK","PK",28,22,3.32052457126387,2.83759259259259,"good perfomance"
"86","LR2018","F20","F20P2/SS2","PK","NK",34,27,3.17508975642309,3.4242962962963,""
"87","LR2018","F20","F20P2/SS3","PK","NP",30,21,1.82605225653207,2.73492592592593,"termite damage"
"88","LR2018","F20","F20P2/SS4","PK","NPK",40,36,4.34084136967156,3.53888888888889,""
"89","LR2018","F20","F20P3/SS1","NK","PK",19,16,1.53636702508961,1.62066666666667,""
"90","LR2018","F20","F20P3/SS2","NK","NK",15,5,0.244258765432099,0.760888888888889,""
"91","LR2018","F20","F20P3/SS3","NK","NP",33,24,2.30347422468679,2.22207407407407,"termite damage"
"92","LR2018","F20","F20P3/SS4","NK","NPK",32,26,3.40505898491084,3.28066666666667,""
"93","LR2018","F20","F20P4/SS1","NP","PK",15,12,0.770012308380889,1.152,""
"94","LR2018","F20","F20P4/SS2","NP","NK",26,20,1.46980462341536,1.40444444444444,""
"95","LR2018","F20","F20P4/SS3","NP","NP",0,0,NA,NA,""
"96","LR2018","F20","F20P4/SS4","NP","NPK",24,19,0.9622176778005,1.29422222222222,"termite damage"
"97","LR2018","F20","F20P5/SS1","NPK","PK",20,16,2.65708431836091,2.05911111111111,"termite damage"
"98","LR2018","F20","F20P5/SS2","NPK","NK",25,16,1.69904761904762,1.70603703703704,"termite damage"
"99","LR2018","F20","F20P5/SS3","NPK","NP",11,6,0.419423868312757,0.712555555555556,"termite damage"
"100","LR2018","F20","F20P5/SS4","NPK","NPK",25,20,2.59248473831705,2.92096296296296,"termite damage"
"101","LR2018","F21","F21P1/SS1","Control","PK",30,5,0.160675105485232,0.512934074074074,"very poor performance"
"102","LR2018","F21","F21P1/SS2","Control","NK",36,0,NA,0.496533333333333,"very poor performance"
"103","LR2018","F21","F21P1/SS3","Control","NP",38,23,1.69468756335283,3.25462962962963,"average performance"
"104","LR2018","F21","F21P1/SS4","Control","NPK",37,19,1.58587169811321,2.81766666666667,"average performance"
"105","LR2018","F21","F21P2/SS1","PK","PK",31,10,0.273066666666667,0.9393,"very poor performance"
"106","LR2018","F21","F21P2/SS2","PK","NK",37,26,1.86375757575758,2.56122222222222,"very poor performance"
"107","LR2018","F21","F21P2/SS3","PK","NP",41,25,3.18816603773585,3.68888888888889,"average performance"
"108","LR2018","F21","F21P2/SS4","PK","NPK",34,31,3.3944895700298,4.05185185185185,"average performance"
"109","LR2018","F21","F21P3/SS1","NK","PK",28,11,0.639734539969834,1.22796296296296,"poor performance"
"110","LR2018","F21","F21P3/SS2","NK","NK",36,1,0.0277037037037037,0.708888888888889,"poor performance"
"111","LR2018","F21","F21P3/SS3","NK","NP",37,30,2.90405343047966,3.74088888888889,"Good performance but some termite damage"
"112","LR2018","F21","F21P3/SS4","NK","NPK",31,21,2.4230925539318,2.98213333333333,"Good performance but some termite damage"
"113","LR2018","F21","F21P4/SS1","NP","PK",29,12,0.951904273504274,1.26111111111111,"poor performance"
"114","LR2018","F21","F21P4/SS2","NP","NK",32,26,1.14547263681592,1.64577777777778,"average performance"
"115","LR2018","F21","F21P4/SS3","NP","NP",37,12,1.15480139762404,2.78585185185185,"average performance"
"116","LR2018","F21","F21P4/SS4","NP","NPK",43,30,3.18816850438224,2.71036296296296,"average performance"
"117","LR2018","F21","F21P5/SS1","NPK","PK",22,7,0.326392009987516,0.862037037037037,"poor performance"
"118","LR2018","F21","F21P5/SS2","NPK","NK",41,34,2.24212322274882,2.79751111111111,"average performance"
"119","LR2018","F21","F21P5/SS3","NPK","NP",40,30,3.39555555555556,2.87404444444444,"average performance"
"120","LR2018","F21","F21P5/SS4","NPK","NPK",41,33,3.49032219211081,4.78891851851852,"average performance"
