"","Farm.CODE","Latitude","Longitude","SUB.LOCATION","Season","PLOTCODE","TREATMENT","HARVEST.AREA..M2.","PLANT.COUNT","NO..OF.COBS","COB.F.W...Kg.","yield.t.ha","stov.t.ha"
"1","F1",0.0974,34.4228,"Lundha","LR2016","F11","Control",6.75,38,18,0.932,0.533293559322034,0.30637037037037
"2","F1",0.0974,34.4228,"Lundha","LR2016","F12","PK",6.75,32,30,3.556,2.99715242230737,3.34911111111111
"3","F1",0.0974,34.4228,"Lundha","LR2016","F13","NK",6.75,40,29,4.305,3.64071415655484,5.8797037037037
"4","F1",0.0974,34.4228,"Lundha","LR2016","F14","NP",6.75,45,36,4.235,3.31079227960355,4.33896296296296
"5","F1",0.0974,34.4228,"Lundha","LR2016","F15","NPK",6.75,35,30,3.92,2.96965669339443,3.348
"6","F2",0.09003,34.38903,"Sirembe","LR2016","F21","Control",6.75,17,12,0.743,0.609292374727669,0.622222222222222
"7","F2",0.09003,34.38903,"Sirembe","LR2016","F22","PK",6.75,25,16,0.907,0.768438870553722,2.13222222222222
"8","F2",0.09003,34.38903,"Sirembe","LR2016","F23","NK",6.75,35,32,3.845,2.65151342111342,6.99481481481481
"9","F2",0.09003,34.38903,"Sirembe","LR2016","F24","NP",6.75,44,34,4.568,3.76366286868687,4.28740740740741
"10","F2",0.09003,34.38903,"Sirembe","LR2016","F25","NPK",6.75,41,34,4.507,3.83645237311385,7.4037037037037
"11","F3",0.09766,34.40264,"Sirembe","LR2016","F31","Control",6.75,32,22,1.319,0.786887865319865,1.53688888888889
"12","F3",0.09766,34.40264,"Sirembe","LR2016","F32","PK",6.75,39,31,2.708,2.10446421972534,3.016
"13","F3",0.09766,34.40264,"Sirembe","LR2016","F33","NK",6.75,33,32,3.639,1.98010734177215,2.60562962962963
"14","F3",0.09766,34.40264,"Sirembe","LR2016","F34","NP",6.75,24,22,3.113,2.23131727820844,3.26
"15","F3",0.09766,34.40264,"Sirembe","LR2016","F35","NPK",6.75,36,26,2.671,1.92487868312757,4.69
"16","F4",0.09717,34.41979,"Lundha","LR2016","F41","Control",6.75,32,23,1.911,1.44818135774218,0.929777777777778
"17","F4",0.09717,34.41979,"Lundha","LR2016","F42","PK",6.75,35,22,0.808,0.618779478737997,0.601111111111111
"18","F4",0.09717,34.41979,"Lundha","LR2016","F43","NK",6.75,36,27,3.322,2.0479726090535,1.63148148148148
"19","F4",0.09717,34.41979,"Lundha","LR2016","F44","NP",6.75,35,27,4.215,2.98875812818807,4.12577777777778
"20","F4",0.09717,34.41979,"Lundha","LR2016","F45","NPK",6.75,38,32,6.114,4.28048160535117,5.05422222222222
"21","F5",0.16301,34.39183,"Yiro East","LR2016","F51","Control",6.75,39,20,0.796,0.500666311111111,1.114
"22","F5",0.16301,34.39183,"Yiro East","LR2016","F52","PK",6.75,31,19,0.984,0.672786531986532,1.02607407407407
"23","F5",0.16301,34.39183,"Yiro East","LR2016","F53","NK",6.75,19,6,0.282,0.129112152152152,0.321481481481481
"24","F5",0.16301,34.39183,"Yiro East","LR2016","F54","NP",6.75,30,30,5.007,3.52502072222222,3.87081481481481
"25","F5",0.16301,34.39183,"Yiro East","LR2016","F55","NPK",6.75,31,31,5.11,2.92961316872428,3.04237037037037
"26","F6",0.09649,34.41325,"Sirembe","LR2016","F61","Control",6.75,29,20,0.937,0.668844613434728,1.54962962962963
"27","F6",0.09649,34.41325,"Sirembe","LR2016","F62","PK",6.75,41,25,1.295,0.865343209876543,2.04948148148148
"28","F6",0.09649,34.41325,"Sirembe","LR2016","F63","NK",6.75,35,24,2.034,1.19107670250896,2.22548148148148
"29","F6",0.09649,34.41325,"Sirembe","LR2016","F64","NP",6.75,32,24,1.021,0.825709121419154,1.70555555555556
"30","F6",0.09649,34.41325,"Sirembe","LR2016","F65","NPK",6.75,37,29,3.134,2.2329140367258,5.31792592592593
"31","F7",0.15438,34.39875,"Malanga","LR2016","F71","Control",6.75,29,27,4.247,2.83112184251478,2.55940740740741
"32","F7",0.15438,34.39875,"Malanga","LR2016","F72","PK",6.75,37,25,6.249,4.44401124035856,2.81037037037037
"33","F7",0.15438,34.39875,"Malanga","LR2016","F73","NK",6.75,32,31,8.04,5.44341870943108,4.64592592592593
"34","F7",0.15438,34.39875,"Malanga","LR2016","F74","NP",6.75,22,24,6.874,5.19293881439513,4.73822222222222
"35","F7",0.15438,34.39875,"Malanga","LR2016","F75","NPK",6.75,27,29,8.429,5.95557230671495,5.07733333333333
"36","F8",0.13042,34.43162,"Malanga","LR2016","F81","Control",6.75,42,27,1.882,1.16588044252044,1.70481481481481
"37","F8",0.13042,34.43162,"Malanga","LR2016","F82","PK",6.75,42,27,2.162,1.53270806901857,2.64340740740741
"38","F8",0.13042,34.43162,"Malanga","LR2016","F83","NK",6.75,29,30,5.247,3.63051104166667,3.84837037037037
"39","F8",0.13042,34.43162,"Malanga","LR2016","F84","NP",6.75,39,33,4.435,3.21107718355718,4.37266666666667
"40","F8",0.13042,34.43162,"Malanga","LR2016","F85","NPK",6.75,45,36,4.572,3.19308142101285,5.12533333333333
"41","F9",0.08994,34.42113,"Lundha","LR2016","F91","Control",6.75,26,19,1.679,1.19687555555556,1.35844444444444
"42","F9",0.08994,34.42113,"Lundha","LR2016","F92","PK",6.75,19,18,2.775,2.20315283446712,1.79140740740741
"43","F9",0.08994,34.42113,"Lundha","LR2016","F93","NK",6.75,21,20,4.114,2.63762588693957,2.54814814814815
"44","F9",0.08994,34.42113,"Lundha","LR2016","F94","NP",6.75,26,24,4.874,3.45771918076072,3.69422222222222
"45","F9",0.08994,34.42113,"Lundha","LR2016","F95","NPK",6.75,30,23,4.139,2.88599025328157,3.76666666666667
"46","F10",0.13382,34.39513,"Nyabeda","LR2016","F101","Control",6.75,31,21,1.434,0.96298380587484,1.02518518518519
"47","F10",0.13382,34.39513,"Nyabeda","LR2016","F102","PK",6.75,19,20,2.706,1.94444688453159,1.23844444444444
"48","F10",0.13382,34.39513,"Nyabeda","LR2016","F103","NK",6.75,27,22,2.184,1.28651785867238,1.66111111111111
"49","F10",0.13382,34.39513,"Nyabeda","LR2016","F104","NP",6.75,32,36,5.138,3.72099368421053,6.27733333333333
"50","F10",0.13382,34.39513,"Nyabeda","LR2016","F105","NPK",6.75,31,31,7.474,5.55738449359721,4.39111111111111
"51","F11",0.13868,34.3803,"Ndere","LR2016","F111","Control",6.75,34,34,2.23,1.76022969842908,2.86074074074074
"52","F11",0.13868,34.3803,"Ndere","LR2016","F112","PK",6.75,18,15,0.604,0.451721693121693,1.16962962962963
"53","F11",0.13868,34.3803,"Ndere","LR2016","F113","NK",6.75,30,19,0.272,0.0907567407407407,0.714074074074074
"54","F11",0.13868,34.3803,"Ndere","LR2016","F114","NP",6.75,29,16,0.898,0.655813023770039,1.01377777777778
"55","F11",0.13868,34.3803,"Ndere","LR2016","F115","NPK",6.75,9,7,0.317,0.190128174291939,0.551185185185185
"56","F12",0.14723,34.38895,"Malanga","LR2016","F121","Control",6.75,24,22,2.432,1.7971203800193,1.15214814814815
"57","F12",0.14723,34.38895,"Malanga","LR2016","F122","PK",6.75,28,19,2.048,1.54819211800545,1.35711111111111
"58","F12",0.14723,34.38895,"Malanga","LR2016","F123","NK",6.75,30,13,1.931,1.34756743596609,1.94148148148148
"59","F12",0.14723,34.38895,"Malanga","LR2016","F124","NP",6.75,36,28,2.958,2.46561173152848,3.04296296296296
"60","F12",0.14723,34.38895,"Malanga","LR2016","F125","NPK",6.75,31,25,3.488,3.17052333986379,3.81288888888889
"61","F13",0.12386,34.44977,"Ndere","LR2016","F131","Control",6.75,38,34,3.053,2.27069808525507,2.25888888888889
"62","F13",0.12386,34.44977,"Ndere","LR2016","F132","PK",6.75,34,32,2.571,1.48556474964235,1.66962962962963
"63","F13",0.12386,34.44977,"Ndere","LR2016","F133","NK",6.75,27,22,2.277,1.22774978723404,1.41925925925926
"64","F13",0.12386,34.44977,"Ndere","LR2016","F134","NP",6.75,27,20,1.474,0.991786840958605,1.54911111111111
"65","F13",0.12386,34.44977,"Ndere","LR2016","F135","NPK",6.75,20,20,3.863,2.40086829541271,2.15851851851852
"66","F14",0.16945,34.44617,"Bushieni","LR2016","F141","Control",6.75,44,26,1.576,0.923626057142857,1.43666666666667
"67","F14",0.16945,34.44617,"Bushieni","LR2016","F142","PK",6.75,35,30,4.409,3.10984798213979,3.25481481481481
"68","F14",0.16945,34.44617,"Bushieni","LR2016","F143","NK",6.75,36,32,4.042,2.45667295619379,3.51666666666667
"69","F14",0.16945,34.44617,"Bushieni","LR2016","F144","NP",6.75,35,32,6.038,4.52056455524777,3.44644444444444
"70","F14",0.16945,34.44617,"Bushieni","LR2016","F145","NPK",6.75,38,38,7.065,5.05835695067265,3.82355555555556
"71","F15",0.16366,34.38787,"Yiro East","LR2016","F151","Control",6.75,18,12,2.213,1.84093782267116,1.80592592592593
"72","F15",0.16366,34.38787,"Yiro East","LR2016","F152","PK",6.75,22,24,6.057,4.30109294810059,4.80266666666667
"73","F15",0.16366,34.38787,"Yiro East","LR2016","F153","NK",6.75,28,31,7.592,5.02220369747899,4.10607407407407
"74","F15",0.16366,34.38787,"Yiro East","LR2016","F154","NP",6.75,27,27,5.768,4.2557697236715,5.448
"75","F15",0.16366,34.38787,"Yiro East","LR2016","F155","NPK",6.75,31,34,7.879,5.78180177180062,5.24333333333333
"76","F16",0.09662,34.39436,"Sirembe","LR2016","F161","Control",6.75,34,11,1.375,0.894856875803248,0.743259259259259
"77","F16",0.09662,34.39436,"Sirembe","LR2016","F162","PK",6.75,27,27,3.037,3.0135442074928,1.7997037037037
"78","F16",0.09662,34.39436,"Sirembe","LR2016","F163","NK",6.75,39,22,1.964,1.13170044444444,2.10777777777778
"79","F16",0.09662,34.39436,"Sirembe","LR2016","F164","NP",6.75,37,35,5.519,3.95943741935484,10.013037037037
"80","F16",0.09662,34.39436,"Sirembe","LR2016","F165","NPK",6.75,38,38,6.636,4.21226219517692,4.598
"81","F17",0.09988,34.41176,"Sirembe","LR2016","F171","Control",6.75,28,28,1.734,1.25771283312833,0.51562962962963
"82","F17",0.09988,34.41176,"Sirembe","LR2016","F172","PK",6.75,24,24,3.342,2.33030599257355,2.75666666666667
"83","F17",0.09988,34.41176,"Sirembe","LR2016","F173","NK",6.75,28,3,0.052,0.0144237037037037,0.972592592592593
"84","F17",0.09988,34.41176,"Sirembe","LR2016","F174","NP",6.75,24,19,1.669,1.25046757324489,2.07488888888889
"85","F17",0.09988,34.41176,"Sirembe","LR2016","F175","NPK",6.75,32,32,4.665,3.32823843962305,5.08
"86","F18",0.09927,34.37138,"Asayi","LR2016","F181","Control",6.75,28,21,1.246,0.833545059635907,1.13985185185185
"87","F18",0.09927,34.37138,"Asayi","LR2016","F182","PK",6.75,36,24,1.247,0.917493930905696,2.26266666666667
"88","F18",0.09927,34.37138,"Asayi","LR2016","F183","NK",6.75,25,16,1.469,0.783419226965385,1.23511111111111
"89","F18",0.09927,34.37138,"Asayi","LR2016","F184","NP",6.75,36,32,1.948,1.06874590145701,3.19288888888889
"90","F18",0.09927,34.37138,"Asayi","LR2016","F185","NPK",6.75,32,25,2.042,1.50505816911251,2.86711111111111
"91","F19",0.12377,34.4492,"Malanga","LR2016","F191","Control",6.75,23,17,2.044,1.50215684587814,1.15955555555556
"92","F19",0.12377,34.4492,"Malanga","LR2016","F192","PK",6.75,30,20,2.95,1.83500350877193,1.48481481481481
"93","F19",0.12377,34.4492,"Malanga","LR2016","F193","NK",6.75,29,25,5.576,3.93637620071685,3.27066666666667
"94","F19",0.12377,34.4492,"Malanga","LR2016","F194","NP",6.75,32,28,5.31,3.67707158671587,3.68133333333333
"95","F19",0.12377,34.4492,"Malanga","LR2016","F195","NPK",6.75,34,34,6.025,4.00520084311954,4.27555555555556
"96","F20",0.12687,34.44784,"Malanga","LR2016","F201","Control",6.75,32,10,0.327,0.168659333333333,0.415333333333333
"97","F20",0.12687,34.44784,"Malanga","LR2016","F202","PK",6.75,23,20,2.792,1.99913408816851,2.45111111111111
"98","F20",0.12687,34.44784,"Malanga","LR2016","F203","NK",6.75,34,12,0.689,0.317671892828999,1.50814814814815
"99","F20",0.12687,34.44784,"Malanga","LR2016","F204","NP",6.75,28,5,0.115,0.0651496296296296,0.845481481481482
"100","F20",0.12687,34.44784,"Malanga","LR2016","F205","NPK",6.75,18,13,2.14,1.71185878082983,1.57866666666667
"101","F21",0.09724,34.40001,"Sirembe","LR2016","F211","Control",6.75,32,23,0.889,0.480621200510856,0.844
"102","F21",0.09724,34.40001,"Sirembe","LR2016","F212","PK",6.75,25,18,1.254,0.937299458771092,1.23466666666667
"103","F21",0.09724,34.40001,"Sirembe","LR2016","F213","NK",6.75,19,1,0.033,0.0109392592592593,0.301185185185185
"104","F21",0.09724,34.40001,"Sirembe","LR2016","F214","NP",6.75,20,18,2.721,1.98974165137615,1.82637037037037
"105","F21",0.09724,34.40001,"Sirembe","LR2016","F215","NPK",6.75,28,28,4.205,3.12416710514041,3.308
"106","F23",0.12297,34.3975,"Nyabeda","LR2016","F231","Control",6.75,28,13,1.745,1.24329931796598,1.104
"107","F23",0.12297,34.3975,"Nyabeda","LR2016","F232","PK",6.75,42,42,6.44,3.44216878759101,4.40888888888889
"108","F23",0.12297,34.3975,"Nyabeda","LR2016","F233","NK",6.75,34,24,2.137,1.22414013810421,1.78059259259259
"109","F23",0.12297,34.3975,"Nyabeda","LR2016","F234","NP",6.75,30,26,3.752,2.83490165046693,3.20859259259259
"110","F23",0.12297,34.3975,"Nyabeda","LR2016","F235","NPK",6.75,37,28,4.399,3.28886651188502,4.02355555555556
"111","F24",0.12297,34.3975,"Malanga","LR2016","F241","Control",6.75,32,12,0.369,0.149896,0.370074074074074
"112","F24",0.12297,34.3975,"Malanga","LR2016","F242","PK",6.75,18,17,3.193,2.22917144730418,2.14933333333333
"113","F24",0.12297,34.3975,"Malanga","LR2016","F243","NK",6.75,NA,NA,NA,NA,NA
"114","F24",0.12297,34.3975,"Malanga","LR2016","F244","NP",6.75,23,15,0.938,0.663248921330089,1.70511111111111
"115","F24",0.12297,34.3975,"Malanga","LR2016","F245","NPK",6.75,29,24,4.268,2.77463563721202,4.45133333333333
