NO,COMPONENT,LAB,ANALYSIS DATE,SEASON,YEAR,FARM.CODE,TRIAL TYPE,PLOT NO,PLOTCODE,TREATMENT,NEW TREATMENT,N,S,CA,MG,MN,B,CU,MO,FE,ZN,P,K
1,GRAIN,YARA,Oct (2017),LR2016,2016,F1,NOT,P1,F11,Control,,1.48,0.08,0.02,0.09,11.3,1.3,8.5,0.19,117.3,22.9,0.16,0.31
2,GRAIN,YARA,Oct (2017),LR2016,2016,F1,NOT,P2,F12,PK,,1.04,0.09,0.02,0.1,5.1,1.1,4.1,0.08,27,22.6,0.22,0.32
3,GRAIN,YARA,Oct (2017),LR2016,2016,F1,NOT,P3,F13,NK,,1.53,0.06,0.02,0.1,4.7,1.1,5.9,1.33,27.7,25.6,0.25,0.33
4,GRAIN,YARA,Oct (2017),LR2016,2016,F1,NOT,P4,F14,NP,,1.77,0.15,0.01,0.1,5.1,1,5.7,0.12,30.5,21.6,0.2,0.25
5,GRAIN,YARA,Oct (2017),LR2016,2016,F1,NOT,P5,F15,NPK,,1.69,0.1,0.01,0.12,6.4,1.1,5,0.24,39.3,29.1,0.26,0.31
6,GRAIN,YARA,Oct (2017),LR2016,2016,F2,NOT,P1,F21,Control,,0.94,0.09,0.02,0.1,5.9,1.3,3.5,0.17,28.6,23.5,0.27,0.35
7,GRAIN,YARA,Oct (2017),LR2016,2016,F2,NOT,P2,F22,PK,,0.86,0.12,0.02,0.09,4.9,0.9,26.8,0.13,23.2,22.4,0.24,0.29
8,GRAIN,YARA,Oct (2017),LR2016,2016,F2,NOT,P3,F23,NK,,1.25,0.08,0.02,0.09,6.8,1,17.4,0.15,27.2,21.4,0.17,0.26
9,GRAIN,YARA,Oct (2017),LR2016,2016,F2,NOT,P4,F24,NP,,1.42,0.1,0.01,0.12,7.9,1.2,6.9,0.11,49.8,26,0.2,0.27
10,GRAIN,YARA,Oct (2017),LR2016,2016,F2,NOT,P5,F25,NPK,,1.59,0.09,0.01,0.09,5.2,1,4.7,0.14,33.7,21.6,0.22,0.28
11,GRAIN,YARA,Oct (2017),LR2016,2016,F3,NOT,P1,F31,Control,,1.31,0.12,0.02,0.08,6.8,1.2,3.7,0.01,27.2,21.6,0.15,0.32
12,GRAIN,YARA,Oct (2017),LR2016,2016,F3,NOT,P2,F32,PK,,0.78,0.07,0.01,0.07,6.5,1.1,3,0.02,47.1,18.4,0.17,0.33
13,GRAIN,YARA,Oct (2017),LR2016,2016,F3,NOT,P3,F33,NK,,1.37,0.21,0.01,0.07,24.8,2,48.7,3.87,2379.1,20.1,0.1,0.26
14,GRAIN,YARA,Oct (2017),LR2016,2016,F3,NOT,P4,F34,NP,,1.39,0.1,0.01,0.08,6.2,0.9,6.7,0.02,25.3,18.8,0.15,0.22
15,GRAIN,YARA,Oct (2017),LR2016,2016,F3,NOT,P5,F35,NPK,,1.43,0.1,0.02,0.08,7.4,0.7,6.3,0.03,33,21.6,0.15,0.23
16,GRAIN,YARA,Oct (2017),LR2016,2016,F4,NOT,P1,F41,Control,,0.96,0.09,0.02,0.08,4.8,1.1,5,0.12,26.2,18.8,0.21,0.27
17,GRAIN,YARA,Oct (2017),LR2016,2016,F4,NOT,P2,F42,PK,,1.02,0.08,0.01,0.09,5.1,1.1,3.9,0.06,25.2,24.6,0.24,0.3
18,GRAIN,YARA,Oct (2017),LR2016,2016,F4,NOT,P3,F43,NK,,1.56,0.08,0.02,0.07,4.6,1.1,2.8,0.22,18.4,19.6,0.13,0.24
19,GRAIN,YARA,Oct (2017),LR2016,2016,F4,NOT,P4,F44,NP,,1.37,0.06,0.01,0.09,6.2,0.7,2.8,0.18,22.1,22.2,0.2,0.25
20,GRAIN,YARA,Oct (2017),LR2016,2016,F4,NOT,P5,F45,NPK,,1.51,0.11,0.01,0.09,5.9,0.9,3.5,0.07,22.4,21.8,0.19,0.25
21,GRAIN,YARA,Oct (2017),LR2016,2016,F5,NOT,P1,F51,Control,,1.36,0.11,0.02,0.08,6.2,1.2,3.9,0.03,26.3,16.6,0.12,0.3
22,GRAIN,YARA,Oct (2017),LR2016,2016,F5,NOT,P2,F52,PK,,1.1,0.1,0.02,0.08,7,1.1,8,0.01,24.2,17.2,0.16,0.31
23,GRAIN,YARA,Oct (2017),LR2016,2016,F5,NOT,P3,F53,NK,,1.69,0.09,0.01,0.09,25.5,1.3,4.6,0.03,32.7,29.7,0.14,0.41
24,GRAIN,YARA,Oct (2017),LR2016,2016,F5,NOT,P4,F54,NP,,1.54,0.07,0.01,0.09,6,1.1,8.7,0.09,20,18.4,0.15,0.21
25,GRAIN,YARA,Oct (2017),LR2016,2016,F5,NOT,P5,F55,NPK,,1.58,0.06,0.01,0.08,8.2,1.1,4.7,0.09,21,19,0.17,0.32
26,GRAIN,YARA,Oct (2017),LR2016,2016,F6,NOT,P1,F61,Control,,0.99,0.08,0.02,0.09,5.4,1,3.5,0.05,33.4,22.9,0.19,0.29
27,GRAIN,YARA,Oct (2017),LR2016,2016,F6,NOT,P2,F62,PK,,0.85,0.07,0.02,0.09,5.7,1.6,3.2,0.05,18.6,21.3,0.24,0.32
28,GRAIN,YARA,Oct (2017),LR2016,2016,F6,NOT,P3,F63,NK,,1.43,0.08,0.02,0.07,5.1,1.4,4.1,0.04,30.1,19.8,0.12,0.32
29,GRAIN,YARA,Oct (2017),LR2016,2016,F6,NOT,P4,F64,NP,,1.46,0.07,0.02,0.1,6.4,0.9,9.8,0.07,34.2,21.6,0.24,0.26
30,GRAIN,YARA,Oct (2017),LR2016,2016,F6,NOT,P5,F65,NPK,,1.53,0.07,0.02,0.07,5.3,0.7,4.6,0.13,25.9,21.1,0.16,0.24
31,GRAIN,YARA,Oct (2017),LR2016,2016,F7,NOT,P1,F71,Control,,1.01,0.08,0.02,0.07,5.3,1.6,21.2,0.08,35.7,17.1,0.12,0.31
32,GRAIN,YARA,Oct (2017),LR2016,2016,F7,NOT,P2,F72,PK,,0.91,0.07,0.02,0.07,4.9,0.9,3.2,0.1,22.1,17.4,0.16,0.28
33,GRAIN,YARA,Oct (2017),LR2016,2016,F7,NOT,P3,F73,NK,,1.45,0.08,0.02,0.08,7.1,1.4,16.6,0.04,30.9,28.6,0.16,0.31
34,GRAIN,YARA,Oct (2017),LR2016,2016,F7,NOT,P4,F74,NP,,1.56,0.09,0.02,0.1,9.8,1.2,9.5,0.13,56.7,26.3,0.22,0.31
35,GRAIN,YARA,Oct (2017),LR2016,2016,F7,NOT,P5,F75,NPK,,1.55,0.09,0.02,0.08,7.4,1.2,5.1,0.1,32.7,24.6,0.18,0.26
36,GRAIN,YARA,Oct (2017),LR2016,2016,F8,NOT,P1,F81,Control,,0.94,0.08,0.02,0.08,5.8,1.2,4.1,0.1,29.5,20.1,0.15,0.3
37,GRAIN,YARA,Oct (2017),LR2016,2016,F8,NOT,P2,F82,PK,,0.88,0.08,0.02,0.09,5.7,1,11.9,0.07,22.7,20.9,0.2,0.33
38,GRAIN,YARA,Oct (2017),LR2016,2016,F8,NOT,P3,F83,NK,,1.19,0.06,0.02,0.1,5.9,1,4.4,0.25,35.2,22,0.2,0.28
39,GRAIN,YARA,Oct (2017),LR2016,2016,F8,NOT,P4,F84,NP,,1.42,0.08,0.02,0.1,6.7,0.9,3.6,0.11,28.6,21.2,0.19,0.3
40,GRAIN,YARA,Oct (2017),LR2016,2016,F8,NOT,P5,F85,NPK,,1.4,0.06,0.02,0.1,5.2,0.8,6.9,0.34,28.3,21.4,0.26,0.33
41,GRAIN,YARA,Oct (2017),LR2016,2016,F9,NOT,P1,F91,Control,,0.97,0.09,0.02,0.07,4.3,1.2,4.8,0.07,26.9,18.7,0.14,0.28
42,GRAIN,YARA,Oct (2017),LR2016,2016,F9,NOT,P2,F92,PK,,1.58,0.08,0.02,0.1,6.7,1,4.2,0.08,42.3,22.5,0.25,0.26
43,GRAIN,YARA,Oct (2017),LR2016,2016,F9,NOT,P3,F93,NK,,1.27,0.09,0.02,0.08,5,1.6,4.3,0.07,36.2,19.8,0.14,0.28
44,GRAIN,YARA,Oct (2017),LR2016,2016,F9,NOT,P4,F94,NP,,1.64,0.12,0.02,0.1,6.1,1.3,8,0.06,39.9,21.8,0.2,0.28
45,GRAIN,YARA,Oct (2017),LR2016,2016,F9,NOT,P5,F95,NPK,,1.4,0.11,0.02,0.1,6.6,1.3,5.3,0.08,59,24.1,0.2,0.31
46,GRAIN,YARA,Oct (2017),LR2016,2016,F10,NOT,P1,F101,Control,,1.02,0.08,0.02,0.08,5.1,1.2,4.9,0.08,27.3,20.5,0.14,0.31
47,GRAIN,YARA,Oct (2017),LR2016,2016,F10,NOT,P2,F102,PK,,1.04,0.08,0.02,0.08,5.8,1.1,3.6,0.02,27.8,24.2,0.22,0.34
48,GRAIN,YARA,Oct (2017),LR2016,2016,F10,NOT,P3,F103,NK,,1.49,0.11,0.02,0.11,9.9,1.8,5.1,0.08,46.9,28.7,0.19,0.44
49,GRAIN,YARA,Oct (2017),LR2016,2016,F10,NOT,P4,F104,NP,,1.38,0.08,0.02,0.1,6.5,1.1,4.6,0.09,30.3,24.8,0.2,0.32
50,GRAIN,YARA,Oct (2017),LR2016,2016,F10,NOT,P5,F105,NPK,,1.49,0.08,0.01,0.1,6.9,1.1,3.4,0.05,32.4,28.6,0.22,0.31
51,GRAIN,YARA,Oct (2017),LR2016,2016,F11,NOT,P1,F111,Control,,0.95,0.08,0.02,0.08,5.9,1,4.9,0.09,36.2,19.7,0.18,0.31
52,GRAIN,YARA,Oct (2017),LR2016,2016,F11,NOT,P2,F112,PK,,0.92,0.08,0.02,0.08,7.6,0.9,4,0.05,19.3,19.1,0.2,0.32
53,GRAIN,YARA,Oct (2017),LR2016,2016,F11,NOT,P3,F113,NK,,1.7,0.1,0.02,0.13,21.6,2,5.5,0.13,51.1,29.4,0.2,0.51
54,GRAIN,YARA,Oct (2017),LR2016,2016,F11,NOT,P4,F114,NP,,1.72,0.08,0.02,0.1,8.9,1.6,4.9,0.07,30.9,23.3,0.26,0.31
55,GRAIN,YARA,Oct (2017),LR2016,2016,F11,NOT,P5,F115,NPK,,1.85,0.08,0.01,0.11,14.4,0.9,5.3,0.08,25.9,22.4,0.27,0.34
56,GRAIN,YARA,Oct (2017),LR2016,2016,F12,NOT,P1,F121,Control,,1.24,0.09,0.01,0.07,5.8,0.9,2.9,0.09,24.6,17.9,0.13,0.24
57,GRAIN,YARA,Oct (2017),LR2016,2016,F12,NOT,P2,F122,PK,,1.23,0.09,0.01,0.09,5.4,0.9,3.2,0.11,20.6,21.4,0.22,0.29
58,GRAIN,YARA,Oct (2017),LR2016,2016,F12,NOT,P3,F123,NK,,1.5,0.08,0.02,0.07,5.8,0.8,4.2,0.15,30,18.6,0.12,0.24
59,GRAIN,YARA,Oct (2017),LR2016,2016,F12,NOT,P4,F124,NP,,1.51,0.08,0.02,0.09,7.7,0.8,3.2,0.12,35,21,0.17,0.25
60,GRAIN,YARA,Oct (2017),LR2016,2016,F12,NOT,P5,F125,NPK,,1.55,0.08,0.01,0.08,5.7,0.6,4.1,0.11,34.8,20.2,0.17,0.29
61,GRAIN,YARA,Oct (2017),LR2016,2016,F13,NOT,P1,F131,Control,,0.89,0.08,0.01,0.08,7.2,0.9,3.7,0.2,77,18.9,0.18,0.32
62,GRAIN,YARA,Oct (2017),LR2016,2016,F13,NOT,P2,F132,PK,,1.03,0.08,0.02,0.08,5.6,0.8,2.9,0.04,20.1,18.1,0.2,0.28
63,GRAIN,YARA,Oct (2017),LR2016,2016,F13,NOT,P3,F133,NK,,1.62,0.03,0.02,0.09,9.6,1.5,3.7,0.19,49.4,21.2,0.14,0.38
64,GRAIN,YARA,Oct (2017),LR2016,2016,F13,NOT,P4,F134,NP,,1.46,0.03,0.01,0.09,8.1,1,3.7,0.11,34.1,22.5,0.26,0.33
65,GRAIN,YARA,Oct (2017),LR2016,2016,F13,NOT,P5,F135,NPK,,1.35,0.03,0.01,0.08,9.8,0.9,3.1,0.17,30.1,19.2,0.21,0.33
66,GRAIN,YARA,Oct (2017),LR2016,2016,F14,NOT,P1,F141,Control,,1.12,0.05,0.01,0.09,5.5,1,3.7,0.12,26.4,19.9,0.12,0.3
67,GRAIN,YARA,Oct (2017),LR2016,2016,F14,NOT,P2,F142,PK,,0.85,0.05,0.01,0.08,5.2,0.7,3.4,0.05,29.9,21.9,0.22,0.34
68,GRAIN,YARA,Oct (2017),LR2016,2016,F14,NOT,P3,F143,NK,,1.54,0.06,0.01,0.1,6.4,1,3.6,0.33,25.3,21.3,0.17,0.32
69,GRAIN,YARA,Oct (2017),LR2016,2016,F14,NOT,P4,F144,NP,,1.44,0.05,0.01,0.09,4.7,0.8,3,0.18,25.9,19,0.18,0.25
70,GRAIN,YARA,Oct (2017),LR2016,2016,F14,NOT,P5,F145,NPK,,1.39,0.06,0.01,0.09,5,0.7,4.4,0.24,44.3,20.9,0.21,0.29
71,GRAIN,YARA,Oct (2017),LR2016,2016,F15,NOT,P1,F151,Control,,1.53,0.07,0.02,0.12,6.6,1.2,3.7,0.39,47.6,23.9,0.28,0.37
72,GRAIN,YARA,Oct (2017),LR2016,2016,F15,NOT,P2,F152,PK,,1.08,0.07,0.02,0.11,6.8,1.2,4.2,0.35,38.2,21.8,0.29,0.34
73,GRAIN,YARA,Oct (2017),LR2016,2016,F15,NOT,P3,F153,NK,,1.39,0.08,0.01,0.1,5.1,1.3,3.1,0.3,29.6,23.9,0.28,0.36
74,GRAIN,YARA,Oct (2017),LR2016,2016,F15,NOT,P4,F154,NP,,1.55,0.07,0.01,0.09,4.9,0.8,3.1,0.14,31.9,21.1,0.2,0.25
75,GRAIN,YARA,Oct (2017),LR2016,2016,F15,NOT,P5,F155,NPK,,1.47,0.08,0.01,0.1,7.1,0.8,3.4,0.18,31.5,27.3,0.2,0.27
76,GRAIN,YARA,Oct (2017),LR2016,2016,F16,NOT,P1,F161,Control,,1.15,0.07,0.01,0.07,4.7,1,2.5,0.03,34.5,19.6,0.11,0.25
77,GRAIN,YARA,Oct (2017),LR2016,2016,F16,NOT,P2,F162,PK,,0.92,0.07,0.01,0.07,4.5,0.8,3.9,0.07,39.6,21.9,0.16,0.28
78,GRAIN,YARA,Oct (2017),LR2016,2016,F16,NOT,P3,F163,NK,,1.67,0.11,0.02,0.09,8.2,1.2,3.6,0.08,52.9,23.5,0.17,0.31
79,GRAIN,YARA,Oct (2017),LR2016,2016,F16,NOT,P4,F164,NP,,1.54,0.08,0.01,0.1,7.3,0.8,5.5,0.06,29,22.6,0.18,0.25
80,GRAIN,YARA,Oct (2017),LR2016,2016,F16,NOT,P5,F165,NPK,,1.35,0.08,0.01,0.08,5.5,0.7,3.3,0.1,45.1,18,0.16,0.27
81,GRAIN,YARA,Oct (2017),LR2016,2016,F17,NOT,P1,F171,Control,,1.1,0.08,0.02,0.07,4.5,1.5,4.1,0.04,25.3,18.9,0.12,0.23
82,GRAIN,YARA,Oct (2017),LR2016,2016,F17,NOT,P2,F172,PK,,0.88,0.07,0.01,0.06,4.9,1,3.2,0.07,34.1,18.6,0.14,0.27
83,GRAIN,YARA,Oct (2017),LR2016,2016,F17,NOT,P3,F173,NK,,1.88,0.11,0.03,0.13,22.4,2.2,5.8,0.15,114.1,36.4,0.24,0.55
84,GRAIN,YARA,Oct (2017),LR2016,2016,F17,NOT,P4,F174,NP,,1.61,0.09,0.02,0.09,6.8,0.8,3.5,0.04,29,22.4,0.16,0.26
85,GRAIN,YARA,Oct (2017),LR2016,2016,F17,NOT,P5,F175,NPK,,1.41,0.06,0.01,0.08,6.6,0.7,3.9,0.04,33.1,23.2,0.16,0.27
86,GRAIN,YARA,Oct (2017),LR2016,2016,F18,NOT,P1,F181,Control,,1.34,0.08,0.02,0.08,5.4,1.2,4,0.05,30.5,20.1,0.11,0.26
87,GRAIN,YARA,Oct (2017),LR2016,2016,F18,NOT,P2,F182,PK,,0.94,0.06,0.02,0.09,6.4,0.9,3.5,0.04,29.5,22.1,0.21,0.34
88,GRAIN,YARA,Oct (2017),LR2016,2016,F18,NOT,P3,F183,NK,,1.62,0.07,0.02,0.09,7,1.6,3.5,0.16,29.1,24.6,0.16,0.3
89,GRAIN,YARA,Oct (2017),LR2016,2016,F18,NOT,P4,F184,NP,,1.74,0.04,0.02,0.1,6.9,1.1,5.1,0.26,46.1,31.2,0.19,0.4
90,GRAIN,YARA,Oct (2017),LR2016,2016,F18,NOT,P5,F185,NPK,,1.6,0.06,0.02,0.11,6.8,1.4,4.3,0.2,31.1,26.9,0.23,0.34
91,GRAIN,YARA,Oct (2017),LR2016,2016,F19,NOT,P1,F191,Control,,0.98,0.09,0.01,0.07,4.7,1.2,4.3,0.06,38.7,19,0.14,0.25
92,GRAIN,YARA,Oct (2017),LR2016,2016,F19,NOT,P2,F192,PK,,0.98,0.07,0.01,0.07,4.5,0.9,3.5,0.05,21.5,17.9,0.17,0.31
93,GRAIN,YARA,Oct (2017),LR2016,2016,F19,NOT,P3,F193,NK,,1.25,0.08,0.02,0.09,5,1,3.9,0.12,52.8,22.5,0.18,0.31
94,GRAIN,YARA,Oct (2017),LR2016,2016,F19,NOT,P4,F194,NP,,1.65,0.11,0.02,0.1,7.1,1,4.3,0.06,28.4,22.7,0.19,0.27
95,GRAIN,YARA,Oct (2017),LR2016,2016,F19,NOT,P5,F195,NPK,,1.42,0.08,0.01,0.08,6.5,0.6,10.6,0.12,47,19.8,0.16,0.25
96,GRAIN,YARA,Oct (2017),LR2016,2016,F20,NOT,P1,F201,Control,,1.43,0.09,0.02,0.08,9.4,1.1,10.1,0.07,34.6,19.7,0.19,0.33
97,GRAIN,YARA,Oct (2017),LR2016,2016,F20,NOT,P2,F202,PK,,1.02,0.07,0.02,0.09,6.6,0.7,5.1,0.11,50,22.8,0.2,0.34
98,GRAIN,YARA,Oct (2017),LR2016,2016,F20,NOT,P3,F203,NK,,1.69,0.1,0.02,0.1,13.7,1.7,4.2,0.11,63.6,29.4,0.19,0.43
99,GRAIN,YARA,Oct (2017),LR2016,2016,F20,NOT,P4,F204,NP,,1.95,0.1,0.02,0.13,11.6,1.1,4.7,0.08,34.2,32.2,0.33,0.32
100,GRAIN,YARA,Oct (2017),LR2016,2016,F20,NOT,P5,F205,NPK,,1.48,0.09,0.02,0.1,7.8,0.8,4.3,0.09,35.5,26.4,0.22,0.29
101,GRAIN,YARA,Oct (2017),LR2016,2016,F21,NOT,P1,F211,Control,,1.31,0.11,0.02,0.09,6.3,1.6,3.5,0.08,50.1,21.6,0.15,0.33
102,GRAIN,YARA,Oct (2017),LR2016,2016,F21,NOT,P2,F212,PK,,0.99,0.06,0.01,0.07,4.4,0.9,2.8,0.04,22.9,19.9,0.14,0.26
103,GRAIN,YARA,Oct (2017),LR2016,2016,F21,NOT,P3,F213,NK,,2.13,0.12,0.02,0.1,17.1,2.2,6.4,0.03,61.4,25.7,0.16,0.57
104,GRAIN,YARA,Oct (2017),LR2016,2016,F21,NOT,P4,F214,NP,,1.45,0.08,0.01,0.1,7,1.1,4.6,0.12,50.2,27.4,0.2,0.31
105,GRAIN,YARA,Oct (2017),LR2016,2016,F21,NOT,P5,F215,NPK,,1.66,0.07,0.02,0.08,6,1,4,0.09,26.4,20.2,0.14,0.24
106,GRAIN,YARA,Oct (2017),LR2016,2016,F23,NOT,P1,F231,Control,,1.32,0.08,0.01,0.09,6.3,1.1,3.7,0.08,39.1,21.5,0.17,0.29
107,GRAIN,YARA,Oct (2017),LR2016,2016,F23,NOT,P2,F232,PK,,1.31,0.09,0.01,0.08,5.9,1,3,0.05,27.7,17,0.15,0.24
108,GRAIN,YARA,Oct (2017),LR2016,2016,F23,NOT,P3,F233,NK,,1.7,0.1,0.02,0.09,9.7,1.6,4.3,0.08,46.4,26.2,0.16,0.31
109,GRAIN,YARA,Oct (2017),LR2016,2016,F23,NOT,P4,F234,NP,,1.78,0.08,0.01,0.08,6.5,0.9,3.1,0.07,27.3,20.6,0.17,0.22
110,GRAIN,YARA,Oct (2017),LR2016,2016,F23,NOT,P5,F235,NPK,,1.63,0.08,0.01,0.07,5.5,0.6,4,0.05,32.1,19.9,0.17,0.26
111,GRAIN,YARA,Oct (2017),LR2016,2016,F24,NOT,P1,F241,Control,,1.61,0.09,0.02,0.11,11.6,1.1,4.3,0.12,39.1,29.4,0.21,0.42
112,GRAIN,YARA,Oct (2017),LR2016,2016,F24,NOT,P2,F242,PK,,1.09,0.07,0.02,0.08,8.5,0.8,3.8,0.9,274.8,22,0.18,0.31
113,GRAIN,YARA,Oct (2017),LR2016,2016,F24,NOT,P3,F243,NK,,,,,,,,,,,,,
114,GRAIN,YARA,Oct (2017),LR2016,2016,F24,NOT,P4,F244,NP,,1.75,0.1,0.02,0.09,8.6,1,4.4,0.05,32.9,21.6,0.23,0.26
115,GRAIN,YARA,Oct (2017),LR2016,2016,F24,NOT,P5,F245,NPK,,1.7,0.11,0.02,0.1,13.8,0.9,4.3,0.13,26.2,25.1,0.21,0.34
116,STOVER,YARA,Oct (2017),LR2016,2016,F10,NOT,P1,F101,Control,,0.6,0.06,0.32,0.3,84.2,3.4,4.7,0.22,373,51,0.03,0.93
117,STOVER,YARA,Oct (2017),LR2016,2016,F10,NOT,P2,F102,PK,,0.46,0.04,0.46,0.26,129.5,3.3,2.3,0.32,768,33.3,0.05,0.63
118,STOVER,YARA,Oct (2017),LR2016,2016,F10,NOT,P3,F103,NK,,1.08,0.06,0.3,0.2,279.9,3.4,4.9,0.2,1796,37.6,0.06,0.96
119,STOVER,YARA,Oct (2017),LR2016,2016,F10,NOT,P4,F104,NP,,0.97,0.07,0.61,0.35,203.5,5,6.3,0.2,1705,28.9,0.06,0.83
120,STOVER,YARA,Oct (2017),LR2016,2016,F10,NOT,P5,F105,NPK,,0.77,0.04,0.46,0.31,177.6,2.3,4,0.13,630,15.4,0.03,1.35
121,STOVER,YARA,Oct (2017),LR2016,2016,F11,NOT,P1,F111,Control,,0.35,0.08,0.18,0.13,155.9,4,3.7,0.4,3001,33.1,0.03,1.46
122,STOVER,YARA,Oct (2017),LR2016,2016,F11,NOT,P2,F112,PK,,0.46,0.07,0.22,0.23,162,4.4,2.7,0.32,2151,26,0.1,0.77
123,STOVER,YARA,Oct (2017),LR2016,2016,F11,NOT,P3,F113,NK,,,,,,,,,,,,,
124,STOVER,YARA,Oct (2017),LR2016,2016,F11,NOT,P4,F114,NP,,1.13,0.04,0.47,0.23,472.6,4.4,6.3,0.3,2444,11.3,0.08,0.23
125,STOVER,YARA,Oct (2017),LR2016,2016,F11,NOT,P5,F115,NPK,,1.02,0.04,0.26,0.12,541.7,4,2.8,0.35,1530,11.6,0.11,0.48
126,STOVER,YARA,Oct (2017),LR2016,2016,F12,NOT,P1,F121,Control,,0.58,0.05,0.32,0.3,135.5,3.7,2.3,0.37,696,26.9,0.03,0.77
127,STOVER,YARA,Oct (2017),LR2016,2016,F12,NOT,P2,F122,PK,,0.44,0.03,0.29,0.21,154.4,3.7,2.2,0.39,1651,13.2,0.05,1.16
128,STOVER,YARA,Oct (2017),LR2016,2016,F12,NOT,P3,F123,NK,,0.5,0.03,0.3,0.25,117,3.1,3.3,0.27,698,19.9,0.02,1.99
129,STOVER,YARA,Oct (2017),LR2016,2016,F12,NOT,P4,F124,NP,,0.52,0.03,0.31,0.26,135,3.8,4.6,0.29,1990,15.5,0.03,1.31
130,STOVER,YARA,Oct (2017),LR2016,2016,F12,NOT,P5,F125,NPK,,0.7,0.03,0.3,0.26,119.1,3.7,4.2,0.4,785,12.4,0.04,1.27
131,STOVER,YARA,Oct (2017),LR2016,2016,F13,NOT,P1,F131,Control,,0.54,0.1,0.24,0.24,187.9,3.5,2.4,0.8,1712,22.9,0.07,0.88
132,STOVER,YARA,Oct (2017),LR2016,2016,F13,NOT,P2,F132,PK,,0.42,0.1,0.2,0.21,298,3.4,4.3,0.73,3397,20.9,0.1,0.86
133,STOVER,YARA,Oct (2017),LR2016,2016,F13,NOT,P3,F133,NK,,1.07,0.05,0.17,0.2,204.8,2.7,3.3,0.44,700,37.7,0.06,1.09
134,STOVER,YARA,Oct (2017),LR2016,2016,F13,NOT,P4,F134,NP,,0.9,0.04,0.4,0.23,509.5,4.4,7.8,1.32,3234,35.2,0.09,0.31
135,STOVER,YARA,Oct (2017),LR2016,2016,F13,NOT,P5,F135,NPK,,0.54,0.03,0.33,0.18,536.7,3.6,3,0.75,3189,9.9,0.04,0.82
136,STOVER,YARA,Oct (2017),LR2016,2016,F14,NOT,P1,F141,Control,,0.41,0.07,0.31,0.21,161.5,4.1,3.8,0.5,3888,27.7,0.02,0.51
137,STOVER,YARA,Oct (2017),LR2016,2016,F14,NOT,P2,F142,PK,,0.35,0.04,0.18,0.12,81.9,2.4,1.4,0.33,1540,10.5,0.03,1.29
138,STOVER,YARA,Oct (2017),LR2016,2016,F14,NOT,P3,F143,NK,,1.04,0.04,0.33,0.31,100,3.5,4.2,0.25,1923,15.5,0.04,2.06
139,STOVER,YARA,Oct (2017),LR2016,2016,F14,NOT,P4,F144,NP,,0.72,0.04,0.31,0.25,138.3,4.3,5,0.52,3534,11.2,0.06,1.86
140,STOVER,YARA,Oct (2017),LR2016,2016,F14,NOT,P5,F145,NPK,,0.52,0.03,0.3,0.34,60.6,3,2.9,0.43,1549,6.7,0.03,1.32
141,STOVER,YARA,Oct (2017),LR2016,2016,F15,NOT,P1,F151,Control,,0.45,0.03,0.25,0.11,222.5,4.7,3.8,0.58,4665,21.7,0.04,1.71
142,STOVER,YARA,Oct (2017),LR2016,2016,F15,NOT,P2,F152,PK,,0.37,0.03,0.17,0.13,174.1,4.4,2.5,1.07,3890,13.7,0.09,1.54
143,STOVER,YARA,Oct (2017),LR2016,2016,F15,NOT,P3,F153,NK,,0.51,0.03,0.3,0.21,72.9,3.7,3.8,0.39,611,11.6,0.04,2.52
144,STOVER,YARA,Oct (2017),LR2016,2016,F15,NOT,P4,F154,NP,,0.64,0.04,0.26,0.16,319.1,5,4.2,0.96,5346,17,0.05,1.36
145,STOVER,YARA,Oct (2017),LR2016,2016,F15,NOT,P5,F155,NPK,,0.67,0.04,0.28,0.19,189.4,4.7,7.1,0.78,2357,75,0.04,1.98
146,STOVER,YARA,Oct (2017),LR2016,2016,F16,NOT,P1,F161,Control,,0.78,0.07,0.58,0.44,177.4,5.6,5.1,0.23,1861,61,0.04,0.57
147,STOVER,YARA,Oct (2017),LR2016,2016,F16,NOT,P2,F162,PK,,0.39,0.05,0.37,0.22,116,3.9,1.8,0.23,1168,34.3,0.03,0.77
148,STOVER,YARA,Oct (2017),LR2016,2016,F16,NOT,P3,F163,NK,,1.32,0.09,0.34,0.26,222.8,5,3.9,0.32,1709,52.2,0.06,1.24
149,STOVER,YARA,Oct (2017),LR2016,2016,F16,NOT,P4,F164,NP,,0.65,0.04,0.46,0.35,137.8,3.2,4,0.21,735,19,0.03,0.41
150,STOVER,YARA,Oct (2017),LR2016,2016,F16,NOT,P5,F165,NPK,,0.46,0.03,0.56,0.27,128.1,3.5,2.9,0.25,1765,11.5,0.03,1.19
151,STOVER,YARA,Oct (2017),LR2016,2016,F17,NOT,P1,F171,Control,,0.6,0.06,0.36,0.28,291.5,6.2,6.8,0.44,5987,47.2,0.04,0.49
152,STOVER,YARA,Oct (2017),LR2016,2016,F17,NOT,P2,F172,PK,,0.4,0.05,0.31,0.23,120.5,3.3,1.7,0.35,1006,30.5,0.05,1.14
153,STOVER,YARA,Oct (2017),LR2016,2016,F17,NOT,P3,F173,NK,,1.5,0.06,0.23,0.24,391.8,4,2.9,0.4,2809,68,0.06,0.92
154,STOVER,YARA,Oct (2017),LR2016,2016,F17,NOT,P4,F174,NP,,0.6,0.04,0.43,0.27,243.3,3.2,2.4,0.24,813,32.9,0.03,0.61
155,STOVER,YARA,Oct (2017),LR2016,2016,F17,NOT,P5,F175,NPK,,0.66,0.03,0.41,0.26,234.8,3.1,2.3,0.28,723,30,0.03,0.57
156,STOVER,YARA,Oct (2017),LR2016,2016,F18,NOT,P1,F181,Control,,0.65,0.05,0.55,0.42,216.2,7,5.8,0.59,3442,57.1,0.03,0.61
157,STOVER,YARA,Oct (2017),LR2016,2016,F18,NOT,P2,F182,PK,,0.33,0.03,0.26,0.21,106.8,3.9,2.4,0.53,1635,21.5,0.03,0.72
158,STOVER,YARA,Oct (2017),LR2016,2016,F18,NOT,P3,F183,NK,,1.24,0.04,0.4,0.44,296.8,7.1,7.9,0.35,5201,59.4,0.05,0.65
159,STOVER,YARA,Oct (2017),LR2016,2016,F18,NOT,P4,F184,NP,,1.45,0.03,0.36,0.38,137.7,4.2,3.2,0.34,2144,24,0.04,0.46
160,STOVER,YARA,Oct (2017),LR2016,2016,F18,NOT,P5,F185,NPK,,0.92,0.02,0.42,0.42,101.8,4.2,2.5,0.22,946,16.8,0.03,0.49
161,STOVER,YARA,Oct (2017),LR2016,2016,F19,NOT,P1,F191,Control,,0.27,0.08,0.17,0.13,81.8,2.5,2,0.25,697,26.9,0.02,1.11
162,STOVER,YARA,Oct (2017),LR2016,2016,F19,NOT,P2,F192,PK,,0.27,0.05,0.14,0.16,57.4,1.6,1.9,0.17,647,16,0.07,1.13
163,STOVER,YARA,Oct (2017),LR2016,2016,F19,NOT,P3,F193,NK,,0.76,0.05,0.27,0.21,122.1,3.4,4.6,0.25,1403,16.1,0.03,2.4
164,STOVER,YARA,Oct (2017),LR2016,2016,F19,NOT,P4,F194,NP,,0.51,0.05,0.32,0.31,161.3,2.8,4.5,0.24,517,17.8,0.04,0.94
165,STOVER,YARA,Oct (2017),LR2016,2016,F19,NOT,P5,F195,NPK,,0.88,0.05,0.27,0.17,195.9,2.6,4.6,0.26,883,15.7,0.06,1.87
166,STOVER,YARA,Oct (2017),LR2016,2016,F1,NOT,P1,F11,Control,,1.14,0.11,0.36,0.44,336.9,5.9,7.8,0.3,4192,146.3,0.06,0.9
167,STOVER,YARA,Oct (2017),LR2016,2016,F1,NOT,P2,F12,PK,,0.37,0.04,0.37,0.21,100.4,3.7,2.2,0.29,1099,19,0.03,1.69
168,STOVER,YARA,Oct (2017),LR2016,2016,F1,NOT,P3,F13,NK,,0.81,0.03,0.55,0.2,151.1,4.8,4.2,0.71,2971,21.1,0.06,2.53
169,STOVER,YARA,Oct (2017),LR2016,2016,F1,NOT,P4,F14,NP,,0.74,0.05,0.54,0.2,167.7,6,5,0.23,2855,25.8,0.05,2.5
170,STOVER,YARA,Oct (2017),LR2016,2016,F1,NOT,P5,F15,NPK,,0.88,0.03,0.41,0.18,106.3,3.8,3.3,0.31,1484,15.8,0.09,1.81
171,STOVER,YARA,Oct (2017),LR2016,2016,F20,NOT,P1,F201,Control,,0.83,0.08,0.36,0.16,445.4,4,8.9,0.71,3597,47.4,0.05,0.28
172,STOVER,YARA,Oct (2017),LR2016,2016,F20,NOT,P2,F202,PK,,0.22,0.02,0.31,0.16,102.8,2.1,1.9,0.25,637,9.5,0.02,0.34
173,STOVER,YARA,Oct (2017),LR2016,2016,F20,NOT,P3,F203,NK,,1.02,0.05,0.52,0.38,495.7,4.1,3.6,0.33,853,45.5,0.04,0.43
174,STOVER,YARA,Oct (2017),LR2016,2016,F20,NOT,P4,F204,NP,,1.65,0.06,0.48,0.29,980.4,4.6,8.4,0.72,3202,53.9,0.18,0.28
175,STOVER,YARA,Oct (2017),LR2016,2016,F20,NOT,P5,F205,NPK,,0.77,0.05,0.59,0.36,459.7,4.6,4.1,0.48,2270,26.8,0.06,0.62
176,STOVER,YARA,Oct (2017),LR2016,2016,F21,NOT,P1,F211,Control,,0.77,0.07,0.34,0.34,313.1,6,5.5,0.59,4151,45.1,0.05,0.62
177,STOVER,YARA,Oct (2017),LR2016,2016,F21,NOT,P2,F212,PK,,0.31,0.04,0.4,0.27,151.2,4.6,2.2,0.36,1423,22.7,0.02,0.66
178,STOVER,YARA,Oct (2017),LR2016,2016,F21,NOT,P3,F213,NK,,1.72,0.09,0.28,0.28,573.4,6,4.3,0.36,4568,78,0.08,1.4
179,STOVER,YARA,Oct (2017),LR2016,2016,F21,NOT,P4,F214,NP,,1.11,0.06,0.84,0.49,373.2,6.8,5.5,0.3,1909,29.2,0.08,0.47
180,STOVER,YARA,Oct (2017),LR2016,2016,F21,NOT,P5,F215,NPK,,0.41,0.03,0.42,0.29,190.9,4.1,2.8,0.39,2590,11.5,0.02,0.47
181,STOVER,YARA,Oct (2017),LR2016,2016,F23,NOT,P1,F231,Control,,0.53,0.04,0.41,0.37,137.9,3.8,4,0.19,1775,37.7,0.03,0.63
182,STOVER,YARA,Oct (2017),LR2016,2016,F23,NOT,P2,F232,PK,,,,,,,,,,,,,
183,STOVER,YARA,Oct (2017),LR2016,2016,F23,NOT,P3,F233,NK,,1.43,0.06,0.51,0.42,294.6,4.9,6.9,0.12,1146,76.1,0.06,1.33
184,STOVER,YARA,Oct (2017),LR2016,2016,F23,NOT,P4,F234,NP,,0.83,0.04,0.53,0.38,305.1,3.5,5.6,0.1,966,19.2,0.03,0.38
185,STOVER,YARA,Oct (2017),LR2016,2016,F23,NOT,P5,F235,NPK,,0.84,0.03,0.32,0.29,102.1,2.6,4.9,0.12,665,11.5,0.05,0.98
186,STOVER,YARA,Oct (2017),LR2016,2016,F24,NOT,P1,F241,Control,,1.01,0.12,0.46,0.34,378.2,4,7.8,0.43,2189,58.3,0.06,0.32
187,STOVER,YARA,Oct (2017),LR2016,2016,F24,NOT,P2,F242,PK,,0.27,0.02,0.24,0.18,120.2,2.3,2.8,0.37,972,19,0.02,0.99
188,STOVER,YARA,Oct (2017),LR2016,2016,F24,NOT,P3,F243,NK,,,,,,,,,,,,,
189,STOVER,YARA,Oct (2017),LR2016,2016,F24,NOT,P4,F244,NP,,1.09,0.03,0.56,0.26,713.3,4.1,7.7,0.88,2575,45.1,0.11,0.27
190,STOVER,YARA,Oct (2017),LR2016,2016,F24,NOT,P5,F245,NPK,,0.78,0.02,0.28,0.14,667.5,2.5,3.2,0.23,321,17.3,0.03,1.16
191,STOVER,YARA,Oct (2017),LR2016,2016,F2,NOT,P1,F21,Control,,0.61,0.11,0.29,0.24,121.8,5.5,2.8,0.45,1557,48,0.2,1.22
192,STOVER,YARA,Oct (2017),LR2016,2016,F2,NOT,P2,F22,PK,,0.25,0.05,0.26,0.2,140.2,4,2.2,0.57,1899,27.1,0.15,1.35
193,STOVER,YARA,Oct (2017),LR2016,2016,F2,NOT,P3,F23,NK,,0.6,0.03,0.31,0.19,97.1,3.8,3.8,0.23,637,13.3,0.04,1.85
194,STOVER,YARA,Oct (2017),LR2016,2016,F2,NOT,P4,F24,NP,,0.64,0.05,0.42,0.24,163,5.4,3.5,0.41,1709,14.1,0.06,0.78
195,STOVER,YARA,Oct (2017),LR2016,2016,F2,NOT,P5,F25,NPK,,0.71,0.04,0.27,0.22,70.6,4.2,4,0.31,697,7.7,0.03,2.56
196,STOVER,YARA,Oct (2017),LR2016,2016,F3,NOT,P1,F31,Control,,0.73,0.07,0.34,0.41,235.9,4.6,6.6,0.38,2314,52,0.06,0.36
197,STOVER,YARA,Oct (2017),LR2016,2016,F3,NOT,P2,F32,PK,,0.31,0.04,0.23,0.18,245.8,4.6,3,0.43,3815,24.2,0.03,0.72
198,STOVER,YARA,Oct (2017),LR2016,2016,F3,NOT,P3,F33,NK,,0.98,0.06,0.31,0.3,339.8,4.6,4.8,0.31,2063,53.8,0.06,1.27
199,STOVER,YARA,Oct (2017),LR2016,2016,F3,NOT,P4,F34,NP,,0.9,0.05,0.42,0.39,241.5,4.2,5.1,0.31,896,26.8,0.06,0.45
200,STOVER,YARA,Oct (2017),LR2016,2016,F3,NOT,P5,F35,NPK,,0.86,0.04,0.46,0.38,289.5,3.6,3.9,0.21,863,12.8,0.05,0.31
201,STOVER,YARA,Oct (2017),LR2016,2016,F4,NOT,P1,F41,Control,,0.93,0.11,0.37,0.28,143.1,4.6,3.1,0.56,1797,59.4,0.21,1.2
202,STOVER,YARA,Oct (2017),LR2016,2016,F4,NOT,P2,F42,PK,,0.88,0.03,0.46,0.33,153.4,3.5,2.7,0.45,758,35.5,0.04,0.64
203,STOVER,YARA,Oct (2017),LR2016,2016,F4,NOT,P3,F43,NK,,1.26,0.03,0.29,0.31,130.4,3.7,4.5,0.26,640,70.8,0.05,1.58
204,STOVER,YARA,Oct (2017),LR2016,2016,F4,NOT,P4,F44,NP,,0.87,0.11,0.36,0.28,140.5,4.4,3.3,0.61,1740,59.1,0.21,1.2
205,STOVER,YARA,Oct (2017),LR2016,2016,F4,NOT,P5,F45,NPK,,0.76,0.11,0.31,0.26,102.9,4.8,2.5,0.47,914,40.4,0.24,1.05
206,STOVER,YARA,Oct (2017),LR2016,2016,F5,NOT,P1,F51,Control,,0.77,0.06,0.25,0.17,355.3,4.3,5.8,1.07,3158,27,0.04,0.54
207,STOVER,YARA,Oct (2017),LR2016,2016,F5,NOT,P2,F52,PK,,0.78,0.08,0.27,0.13,308.6,4.2,2.8,0.89,1878,27.4,0.1,0.91
208,STOVER,YARA,Oct (2017),LR2016,2016,F5,NOT,P3,F53,NK,,1.68,0.07,0.2,0.11,1265.9,3.8,5.8,0.37,1721,136,0.08,1.37
209,STOVER,YARA,Oct (2017),LR2016,2016,F5,NOT,P4,F54,NP,,0.94,0.04,0.38,0.25,327,4.6,5.4,0.7,1674,21.2,0.04,0.8
210,STOVER,YARA,Oct (2017),LR2016,2016,F5,NOT,P5,F55,NPK,,1.25,0.05,0.4,0.29,222.4,3.6,3.6,0.43,647,26.4,0.08,0.82
211,STOVER,YARA,Oct (2017),LR2016,2016,F6,NOT,P1,F61,Control,,0.52,0.05,0.3,0.29,174.1,4.3,4.4,0.65,2400,45.2,0.03,0.31
212,STOVER,YARA,Oct (2017),LR2016,2016,F6,NOT,P2,F62,PK,,0.52,0.06,0.27,0.25,155.2,4.1,2.4,0.45,2493,34,0.1,0.87
213,STOVER,YARA,Oct (2017),LR2016,2016,F6,NOT,P3,F63,NK,,1,0.04,0.4,0.34,219,4.1,3.8,0.31,1931,58,0.04,1.1
214,STOVER,YARA,Oct (2017),LR2016,2016,F6,NOT,P4,F64,NP,,0.71,0.04,0.42,0.35,229.3,3.5,4.5,0.28,2074,29.2,0.07,0.23
215,STOVER,YARA,Oct (2017),LR2016,2016,F6,NOT,P5,F65,NPK,,0.61,0.03,0.32,0.24,100.7,3,2.7,0.24,925,15.4,0.03,0.96
216,STOVER,YARA,Oct (2017),LR2016,2016,F7,NOT,P1,F71,Control,,0.28,0.04,0.18,0.11,78.2,2.5,2.9,0.23,370,20.3,0.02,1.09
217,STOVER,YARA,Oct (2017),LR2016,2016,F7,NOT,P2,F72,PK,,0.41,0.03,0.24,0.15,104.4,2.8,4.1,0.31,1228,22.5,0.03,1.64
218,STOVER,YARA,Oct (2017),LR2016,2016,F7,NOT,P3,F73,NK,,0.4,0.03,0.16,0.12,39.4,2.1,3.4,0.22,236,51.6,0.03,2.07
219,STOVER,YARA,Oct (2017),LR2016,2016,F7,NOT,P4,F74,NP,,0.87,0.05,0.25,0.14,101,3.1,6.1,0.18,366,28.8,0.08,1.78
220,STOVER,YARA,Oct (2017),LR2016,2016,F7,NOT,P5,F75,NPK,,0.49,0.03,0.34,0.24,388.8,2.1,3,0.21,589,34.7,0.03,0.7
221,STOVER,YARA,Oct (2017),LR2016,2016,F8,NOT,P1,F81,Control,,0.43,0.09,0.31,0.16,91.8,2.5,4.3,0.47,815,22.8,0.07,0.91
222,STOVER,YARA,Oct (2017),LR2016,2016,F8,NOT,P2,F82,PK,,0.31,0.07,0.31,0.15,105.2,2.9,2.5,0.45,1073,24.1,0.09,1.6
223,STOVER,YARA,Oct (2017),LR2016,2016,F8,NOT,P3,F83,NK,,0.57,0.03,0.44,0.26,124.5,3.5,4.1,0.31,619,17.1,0.03,2.15
224,STOVER,YARA,Oct (2017),LR2016,2016,F8,NOT,P4,F84,NP,,1,0.05,0.51,0.23,184.6,3.8,3.7,0.23,602,18.7,0.11,0.6
225,STOVER,YARA,Oct (2017),LR2016,2016,F8,NOT,P5,F85,NPK,,0.72,0.03,0.28,0.15,56.4,2.3,3.8,0.21,242,18.8,0.12,1.4
226,STOVER,YARA,Oct (2017),LR2016,2016,F9,NOT,P1,F91,Control,,0.56,0.06,0.32,0.29,164.3,4.4,4,0.36,3049,37.8,0.04,0.47
227,STOVER,YARA,Oct (2017),LR2016,2016,F9,NOT,P2,F92,PK,,0.46,0.04,0.36,0.29,123.8,3.9,2.3,0.37,1744,15.6,0.03,0.74
228,STOVER,YARA,Oct (2017),LR2016,2016,F9,NOT,P3,F93,NK,,0.87,0.09,0.41,0.4,261.9,5.8,5.6,0.33,5183,41.2,0.03,1.18
229,STOVER,YARA,Oct (2017),LR2016,2016,F9,NOT,P4,F94,NP,,0.69,0.05,0.52,0.45,164,4.1,5.9,0.27,1886,16.6,0.03,0.56
230,STOVER,YARA,Oct (2017),LR2016,2016,F9,NOT,P5,F95,NPK,,0.94,0.05,0.38,0.27,172.5,4.3,3.7,0.27,3204,10.4,0.06,1.2
231,GRAIN,YARA,Jan (2019),LR2018,2018,F1,RESTORATION,P1,F1P1,Control,NPK,1.3,0.09,0.01,0.1,6.1,1.9,2.8,0.03,29.5,24.8,0.21,0.29
232,GRAIN,YARA,Jan (2019),LR2018,2018,F1,RESTORATION,P2,F1P2,PK,NPK,1.3,0.1,0.01,0.1,5.7,1.6,2,0.08,20,20.3,0.25,0.3
233,GRAIN,YARA,Jan (2019),LR2018,2018,F1,RESTORATION,P3,F1P3,NK,NPK,1.28,0.1,0.01,0.14,6.2,2.1,2.1,0.75,47.8,28.3,0.33,0.39
234,GRAIN,YARA,Jan (2019),LR2018,2018,F1,RESTORATION,P4,F1P4,NP,NPK,1.24,0.1,0.01,0.13,6.8,1.9,2.9,0.18,24.6,28.2,0.29,0.38
235,GRAIN,YARA,Jan (2019),LR2018,2018,F1,RESTORATION,P5,F1P5,NPK,NPK,1.45,0.1,0.01,0.15,9.2,2.3,2.3,0.25,33.3,32.3,0.33,0.39
236,GRAIN,YARA,Jan (2019),LR2018,2018,F4,RESTORATION,P1,F4P1,Control,NPK,1.21,0.07,0.01,0.1,6,1.6,2.3,0.22,16.7,19.9,0.23,0.28
237,GRAIN,YARA,Jan (2019),LR2018,2018,F4,RESTORATION,P2,F4P2,PK,NPK,1.16,0.08,0.01,0.1,5.1,1.4,1.7,0.46,16.4,19.4,0.21,0.24
238,GRAIN,YARA,Jan (2019),LR2018,2018,F4,RESTORATION,P3,F4P3,NK,NPK,1.26,0.08,0.01,0.09,5.3,1.9,2.2,0.47,12.5,19.2,0.21,0.25
239,GRAIN,YARA,Jan (2019),LR2018,2018,F4,RESTORATION,P4,F4P4,NP,NPK,1.32,0.06,0.01,0.11,8.5,1.6,2.2,0.3,15.5,24.3,0.25,0.32
240,GRAIN,YARA,Jan (2019),LR2018,2018,F4,RESTORATION,P5,F4P5,NPK,NPK,1.31,0.08,0.01,0.12,8,1.5,2.4,0.09,19,25.4,0.25,0.34
241,GRAIN,YARA,Jan (2019),LR2018,2018,F7,RESTORATION,P1,F7P1,Control,NPK,1.25,0.09,0.01,0.11,7.3,1.6,2.8,0.22,17.9,21.8,0.22,0.33
242,GRAIN,YARA,Jan (2019),LR2018,2018,F7,RESTORATION,P2,F7P2,PK,NPK,1.29,0.09,0.01,0.15,8.5,1.8,1.9,0.27,19.6,30.1,0.35,0.37
243,GRAIN,YARA,Jan (2019),LR2018,2018,F7,RESTORATION,P3,F7P3,NK,NPK,1.38,0.11,0.01,0.18,11.1,3.1,3.8,0.15,31.8,60.6,0.46,0.55
244,GRAIN,YARA,Jan (2019),LR2018,2018,F7,RESTORATION,P4,F7P4,NP,NPK,1.22,0.08,0.01,0.09,5.2,1.3,2,0.09,12.2,20,0.2,0.25
245,GRAIN,YARA,Jan (2019),LR2018,2018,F7,RESTORATION,P5,F7P5,NPK,NPK,1.4,0.09,0.01,0.13,10.1,1.8,3.2,0.09,19.1,30.3,0.28,0.34
246,GRAIN,YARA,Jan (2019),LR2018,2018,F18,RESTORATION,P1,F18P1,Control,NPK,1.23,0.08,0.01,0.09,5.2,1.5,1.9,0.13,17.6,19.1,0.15,0.25
247,GRAIN,YARA,Jan (2019),LR2018,2018,F18,RESTORATION,P2,F18P2,PK,NPK,1.3,0.07,0.01,0.12,7.3,1.7,2.8,0.09,19.4,25.7,0.26,0.34
248,GRAIN,YARA,Jan (2019),LR2018,2018,F18,RESTORATION,P3,F18P3,NK,NPK,1.47,0.06,0.01,0.1,6.9,1.7,2.5,0.29,19.2,23.6,0.2,0.27
249,GRAIN,YARA,Jan (2019),LR2018,2018,F18,RESTORATION,P4,F18P4,NP,NPK,1.35,0.06,0.01,0.1,6.3,1.5,2,0.22,20.5,20.3,0.21,0.29
250,GRAIN,YARA,Jan (2019),LR2018,2018,F18,RESTORATION,P5,F18P5,NPK,NPK,1.23,0.07,0.01,0.12,6.9,1.4,2.1,0.16,19.4,22.4,0.25,0.32
251,GRAIN,YARA,Jan (2019),LR2018,2018,F19,RESTORATION,P1,F19P1,Control,NPK,1.51,0.11,0.01,0.11,6,1.7,3.4,0.12,18.6,22.1,0.23,0.29
252,GRAIN,YARA,Jan (2019),LR2018,2018,F19,RESTORATION,P2,F19P2,PK,NPK,1.34,0.11,0.01,0.09,4.6,1.4,2.3,0.12,13,18.9,0.22,0.25
253,GRAIN,YARA,Jan (2019),LR2018,2018,F19,RESTORATION,P3,F19P3,NK,NPK,1.52,0.11,0.01,0.18,10.9,2.1,3.6,0.13,28.5,36.3,0.39,0.41
254,GRAIN,YARA,Jan (2019),LR2018,2018,F19,RESTORATION,P4,F19P4,NP,NPK,1.59,0.11,0.01,0.16,8.5,2.5,3.5,0.11,27.9,29.7,0.37,0.46
255,GRAIN,YARA,Jan (2019),LR2018,2018,F19,RESTORATION,P5,F19P5,NPK,NPK,1.37,0.1,0.01,0.12,8.1,1.8,3.7,0.06,35.9,25.7,0.25,0.33
256,GRAIN,YARA,Jan (2019),LR2018,2018,F20,SUBPLOTS,P1/SS1,F20P1/SS1,Control,PK,1.24,0.1,0.01,0.09,7.6,1.7,2.9,0.11,16.7,18.2,0.2,0.27
257,GRAIN,YARA,Jan (2019),LR2018,2018,F20,SUBPLOTS,P1/SS2,F20P1/SS2,Control,NK,,,,,,,,,,,,
258,GRAIN,YARA,Jan (2019),LR2018,2018,F20,SUBPLOTS,P1/SS3,F20P1/SS3,Control,NP,,,,,,,,,,,,
259,GRAIN,YARA,Jan (2019),LR2018,2018,F20,SUBPLOTS,P1/SS4,F20P1/SS4,Control,NPK,1.52,0.1,0.01,0.13,11,1.7,4.2,0.07,24,26.2,0.32,0.32
260,GRAIN,YARA,Jan (2019),LR2018,2018,F20,SUBPLOTS,P2/SS1,F20P2/SS1,PK,PK,1.13,0.1,0.01,0.09,8,1.9,3.1,0.04,13.6,18.7,0.19,0.25
261,GRAIN,YARA,Jan (2019),LR2018,2018,F20,SUBPLOTS,P2/SS2,F20P2/SS2,PK,NK,1.66,0.1,0.01,0.12,20.6,1.7,4.3,0.04,26,26.6,0.26,0.32
262,GRAIN,YARA,Jan (2019),LR2018,2018,F20,SUBPLOTS,P2/SS3,F20P2/SS3,PK,NP,1.37,0.09,0.01,0.12,8.5,1.6,3.8,0.08,22.1,27.4,0.32,0.33
263,GRAIN,YARA,Jan (2019),LR2018,2018,F20,SUBPLOTS,P2/SS4,F20P2/SS4,PK,NPK,1.49,0.11,0.01,0.13,9.2,1.6,4.6,0,27.6,28.5,0.31,0.33
264,GRAIN,YARA,Jan (2019),LR2018,2018,F20,SUBPLOTS,P3/SS1,F20P3/SS1,NK,PK,1.2,0.09,0.01,0.1,10.5,1.6,2.9,0.06,17.9,22.7,0.21,0.31
265,GRAIN,YARA,Jan (2019),LR2018,2018,F20,SUBPLOTS,P3/SS2,F20P3/SS2,NK,NK,1.58,0.12,0.01,0.12,56.6,1.8,4.7,0.11,32,30.5,0.24,0.36
266,GRAIN,YARA,Jan (2019),LR2018,2018,F20,SUBPLOTS,P3/SS3,F20P3/SS3,NK,NP,1.49,0.08,0.01,0.11,12.3,1.4,2.7,0.11,17.9,21.8,0.25,0.27
267,GRAIN,YARA,Jan (2019),LR2018,2018,F20,SUBPLOTS,P3/SS4,F20P3/SS4,NK,NPK,1.55,0.09,0.01,0.09,15.8,1.5,3.5,0.14,15.5,21.7,0.22,0.29
268,GRAIN,YARA,Jan (2019),LR2018,2018,F20,SUBPLOTS,P4/SS1,F20P4/SS1,NP,PK,1.23,0.1,0.01,0.1,10.5,1.9,2.7,0.03,16.6,20.1,0.25,0.34
269,GRAIN,YARA,Jan (2019),LR2018,2018,F20,SUBPLOTS,P4/SS2,F20P4/SS2,NP,NK,1.51,0.09,0.01,0.11,21.2,1.4,4.3,0.04,16.1,26.8,0.25,0.29
270,GRAIN,YARA,Jan (2019),LR2018,2018,F20,SUBPLOTS,P4/SS3,F20P4/SS3,NP,NP,,,,,,,,,,,,
271,GRAIN,YARA,Jan (2019),LR2018,2018,F20,SUBPLOTS,P4/SS4,F20P4/SS4,NP,NPK,1.39,0.08,0.01,0.08,10.3,1.3,2.3,0.13,12.1,18.1,0.18,0.27
272,GRAIN,YARA,Jan (2019),LR2018,2018,F20,SUBPLOTS,P5/SS1,F20P5/SS1,NPK,PK,1.26,0.09,0.01,0.1,7,1.5,2.8,0,16.6,20.4,0.22,0.31
273,GRAIN,YARA,Jan (2019),LR2018,2018,F20,SUBPLOTS,P5/SS2,F20P5/SS2,NPK,NK,1.55,0.11,0.01,0.12,9.4,1.6,3.7,0.09,20.5,25.1,0.26,0.29
274,GRAIN,YARA,Jan (2019),LR2018,2018,F20,SUBPLOTS,P5/SS3,F20P5/SS3,NPK,NP,1.78,0.11,0.01,0.13,15.7,1.7,4.4,0.15,19.9,31.5,0.38,0.37
275,GRAIN,YARA,Jan (2019),LR2018,2018,F20,SUBPLOTS,P5/SS4,F20P5/SS4,NPK,NPK,1.54,0.09,0.01,0.11,9.7,1.4,4.4,0.03,22.4,22.4,0.25,0.28
276,GRAIN,YARA,Jan (2019),LR2018,2018,F21,SUBPLOTS,P1/SS1,F21P1/SS1,Control,PK,1.62,0.12,0.02,0.16,11.4,2.1,3.9,0.13,56.4,38.5,0.32,0.42
277,GRAIN,YARA,Jan (2019),LR2018,2018,F21,SUBPLOTS,P1/SS2,F21P1/SS2,Control,NK,,,,,,,,,,,,
278,GRAIN,YARA,Jan (2019),LR2018,2018,F21,SUBPLOTS,P1/SS3,F21P1/SS3,Control,NP,1.65,0.09,0.01,0.11,6.4,1.5,2.8,0.09,21.8,21.8,0.21,0.31
279,GRAIN,YARA,Jan (2019),LR2018,2018,F21,SUBPLOTS,P1/SS4,F21P1/SS4,Control,NPK,1.63,0.08,0.01,0.12,6.4,2.2,2.8,0.25,21.9,23.4,0.26,0.29
280,GRAIN,YARA,Jan (2019),LR2018,2018,F21,SUBPLOTS,P2/SS1,F21P2/SS1,PK,PK,1.27,0.1,0.01,0.11,7.1,2.2,3.4,0.06,23.3,24,0.22,0.29
281,GRAIN,YARA,Jan (2019),LR2018,2018,F21,SUBPLOTS,P2/SS2,F21P2/SS2,PK,NK,1.57,0.09,0.01,0.1,8.6,2,3.3,0.08,21.9,24.4,0.2,0.32
282,GRAIN,YARA,Jan (2019),LR2018,2018,F21,SUBPLOTS,P2/SS3,F21P2/SS3,PK,NP,1.66,0.1,0.01,0.13,12.2,2.6,3,0.16,102.9,24.3,0.27,0.32
283,GRAIN,YARA,Jan (2019),LR2018,2018,F21,SUBPLOTS,P2/SS4,F21P2/SS4,PK,NPK,1.46,0.09,0.01,0.11,7.1,1.9,2.8,0.15,20.5,21.5,0.24,0.29
284,GRAIN,YARA,Jan (2019),LR2018,2018,F21,SUBPLOTS,P3/SS1,F21P3/SS1,NK,PK,1.36,0.1,0.01,0.09,8.8,1.6,2.7,0,19.4,23.9,0.16,0.26
285,GRAIN,YARA,Jan (2019),LR2018,2018,F21,SUBPLOTS,P3/SS2,F21P3/SS2,NK,NK,1.9,0.15,0.02,0.14,27.3,2.1,4.3,0.04,37.2,34.3,0.22,0.46
286,GRAIN,YARA,Jan (2019),LR2018,2018,F21,SUBPLOTS,P3/SS3,F21P3/SS3,NK,NP,1.66,0.1,0.01,0.12,9.6,1.8,3.9,0.09,23.5,27.9,0.25,0.3
287,GRAIN,YARA,Jan (2019),LR2018,2018,F21,SUBPLOTS,P3/SS4,F21P3/SS4,NK,NPK,1.33,0.09,0.01,0.11,9.2,1.9,3,0.04,27.6,24.1,0.19,0.32
288,GRAIN,YARA,Jan (2019),LR2018,2018,F21,SUBPLOTS,P4/SS1,F21P4/SS1,NP,PK,1.16,0.1,0.01,0.08,5.8,1.7,2.7,0.12,14.4,19.8,0.16,0.28
289,GRAIN,YARA,Jan (2019),LR2018,2018,F21,SUBPLOTS,P4/SS2,F21P4/SS2,NP,NK,1.66,0.1,0.01,0.1,10.1,1.6,3.3,0.07,21.9,29.4,0.23,0.32
290,GRAIN,YARA,Jan (2019),LR2018,2018,F21,SUBPLOTS,P4/SS3,F21P4/SS3,NP,NP,1.62,0.1,0.01,0.12,10.3,2.1,3.5,0.15,21.7,23.7,0.26,0.33
291,GRAIN,YARA,Jan (2019),LR2018,2018,F21,SUBPLOTS,P4/SS4,F21P4/SS4,NP,NPK,1.35,0.09,0.01,0.1,7,1.8,3.3,0.14,28.1,24.7,0.21,0.3
292,GRAIN,YARA,Jan (2019),LR2018,2018,F21,SUBPLOTS,P5/SS1,F21P5/SS1,NPK,PK,1.27,0.1,0.01,0.09,5.7,1.5,2.9,0,16.2,24.3,0.18,0.26
293,GRAIN,YARA,Jan (2019),LR2018,2018,F21,SUBPLOTS,P5/SS2,F21P5/SS2,NPK,NK,1.58,0.1,0.01,0.1,11.3,1.9,3.1,0.08,29.1,25,0.18,0.33
294,GRAIN,YARA,Jan (2019),LR2018,2018,F21,SUBPLOTS,P5/SS3,F21P5/SS3,NPK,NP,1.57,0.1,0.01,0.13,8.9,1.7,3.3,0.08,20.5,27.9,0.28,0.3
295,GRAIN,YARA,Jan (2019),LR2018,2018,F21,SUBPLOTS,P5/SS4,F21P5/SS4,NPK,NPK,1.45,0.09,0.01,0.1,8.9,1.8,3.2,0.11,19.7,24.6,0.21,0.27
296,GRAIN,YARA,Jan (2019),LR2018,2018,F23,SUBPLOTS,P1/SS1,F23P1/SS1,Control,PK,1.18,0.1,0.01,0.1,7.1,2.5,2.7,0.01,20,20.3,0.2,0.31
297,GRAIN,YARA,Jan (2019),LR2018,2018,F23,SUBPLOTS,P1/SS2,F23P1/SS2,Control,NK,1.36,0.1,0.01,0.08,7.8,1.8,2.5,0,23.1,21.1,0.13,0.26
298,GRAIN,YARA,Jan (2019),LR2018,2018,F23,SUBPLOTS,P1/SS3,F23P1/SS3,Control,NP,1.47,0.1,0.01,0.13,9.2,2.5,3.5,0.02,25.8,24.7,0.26,0.33
299,GRAIN,YARA,Jan (2019),LR2018,2018,F23,SUBPLOTS,P1/SS4,F23P1/SS4,Control,NPK,1.32,0.08,0.01,0.08,7.7,1.6,3,0.07,37.4,19.5,0.16,0.24
300,GRAIN,YARA,Jan (2019),LR2018,2018,F23,SUBPLOTS,P2/SS1,F23P2/SS1,PK,PK,1.08,0.08,0.01,0.11,6.9,1.8,1.9,0.01,22.1,21.9,0.23,0.29
301,GRAIN,YARA,Jan (2019),LR2018,2018,F23,SUBPLOTS,P2/SS2,F23P2/SS2,PK,NK,1.42,0.08,0.01,0.1,5.8,1.5,2.3,0.1,21.2,20.7,0.2,0.25
302,GRAIN,YARA,Jan (2019),LR2018,2018,F23,SUBPLOTS,P2/SS3,F23P2/SS3,PK,NP,1.51,0.11,0.01,0.1,6.5,1.7,2.7,0.06,17.2,18.8,0.19,0.24
303,GRAIN,YARA,Jan (2019),LR2018,2018,F23,SUBPLOTS,P2/SS4,F23P2/SS4,PK,NPK,1.41,0.08,0.01,0.09,6.7,1.8,2.1,0.05,18.6,20.4,0.18,0.27
304,GRAIN,YARA,Jan (2019),LR2018,2018,F23,SUBPLOTS,P3/SS1,F23P3/SS1,NK,PK,1.34,0.1,0.01,0.09,6,1.5,2.7,0,19,20.7,0.15,0.24
305,GRAIN,YARA,Jan (2019),LR2018,2018,F23,SUBPLOTS,P3/SS2,F23P3/SS2,NK,NK,1.5,0.1,0.01,0.09,11.1,1.5,3,0,22,23.5,0.14,0.25
306,GRAIN,YARA,Jan (2019),LR2018,2018,F23,SUBPLOTS,P3/SS3,F23P3/SS3,NK,NP,1.41,0.09,0.01,0.1,6.9,2,2.4,0,19.8,22.9,0.22,0.27
307,GRAIN,YARA,Jan (2019),LR2018,2018,F23,SUBPLOTS,P3/SS4,F23P3/SS4,NK,NPK,1.6,0.1,0.01,0.11,8.1,1.8,3.1,0.03,22.6,23.4,0.26,0.28
308,GRAIN,YARA,Jan (2019),LR2018,2018,F23,SUBPLOTS,P4/SS1,F23P4/SS1,NP,PK,1.13,0.09,0.01,0.08,6.4,1.7,2.2,0,19.5,20.1,0.17,0.26
309,GRAIN,YARA,Jan (2019),LR2018,2018,F23,SUBPLOTS,P4/SS2,F23P4/SS2,NP,NK,1.56,0.09,0.01,0.12,11.2,2,3.3,0,26.3,28,0.24,0.3
310,GRAIN,YARA,Jan (2019),LR2018,2018,F23,SUBPLOTS,P4/SS3,F23P4/SS3,NP,NP,1.59,0.11,0.01,0.13,9.1,2.4,3.9,0.03,28.4,31,0.28,0.31
311,GRAIN,YARA,Jan (2019),LR2018,2018,F23,SUBPLOTS,P4/SS4,F23P4/SS4,NP,NPK,1.49,0.09,0.01,0.11,8.9,1.7,3,0,19.6,24.8,0.24,0.28
312,GRAIN,YARA,Jan (2019),LR2018,2018,F23,SUBPLOTS,P5/SS1,F23P5/SS1,NPK,PK,1.28,0.09,0.01,0.09,6.8,1.8,2.6,0,27.1,22.7,0.17,0.24
313,GRAIN,YARA,Jan (2019),LR2018,2018,F23,SUBPLOTS,P5/SS2,F23P5/SS2,NPK,NK,1.39,0.1,0.02,0.11,8.7,1.6,4.9,0.08,25.9,24.4,0.23,0.3
314,GRAIN,YARA,Jan (2019),LR2018,2018,F23,SUBPLOTS,P5/SS3,F23P5/SS3,NPK,NP,1.41,0.09,0.02,0.11,10.9,1.5,4.8,0.03,92.8,28.4,0.2,0.24
315,GRAIN,YARA,Jan (2019),LR2018,2018,F23,SUBPLOTS,P5/SS4,F23P5/SS4,NPK,NPK,1.45,0.09,0.02,0.11,9.5,1.7,5.1,0.04,39.6,30.2,0.23,0.34
316,GRAIN,YARA,Jan (2019),LR2018,2018,F24,SUBPLOTS,P1/SS1,F24P1/SS1,Control,PK,0.95,0.1,0.01,0.09,6.2,1.7,3.5,0.05,20.7,23.6,0.2,0.31
317,GRAIN,YARA,Jan (2019),LR2018,2018,F24,SUBPLOTS,P1/SS2,F24P1/SS2,Control,NK,,,,,,,,,,,,
318,GRAIN,YARA,Jan (2019),LR2018,2018,F24,SUBPLOTS,P1/SS3,F24P1/SS3,Control,NP,1.42,0.1,0.01,0.11,8.6,1.8,3.7,0.14,29.4,25.4,0.26,0.29
319,GRAIN,YARA,Jan (2019),LR2018,2018,F24,SUBPLOTS,P1/SS4,F24P1/SS4,Control,NPK,1.62,0.11,0.01,0.12,7.4,1.9,3.2,0.09,26.8,26.7,0.27,0.28
320,GRAIN,YARA,Jan (2019),LR2018,2018,F24,SUBPLOTS,P2/SS1,F24P2/SS1,PK,PK,1.05,0.1,0.02,0.1,8.3,2.2,2.8,0,40.4,22,0.2,0.34
321,GRAIN,YARA,Jan (2019),LR2018,2018,F24,SUBPLOTS,P2/SS2,F24P2/SS2,PK,NK,1.68,0.1,0.01,0.11,10.4,1.6,4.1,0.02,29,27.4,0.25,0.29
322,GRAIN,YARA,Jan (2019),LR2018,2018,F24,SUBPLOTS,P2/SS3,F24P2/SS3,PK,NP,1.42,0.1,0.01,0.09,6.3,1.3,2.8,0.03,21.7,21,0.21,0.24
323,GRAIN,YARA,Jan (2019),LR2018,2018,F24,SUBPLOTS,P2/SS4,F24P2/SS4,PK,NPK,1.66,0.1,0.01,0.12,7.7,1.5,3.1,0.14,32.3,25.2,0.25,0.27
324,GRAIN,YARA,Jan (2019),LR2018,2018,F24,SUBPLOTS,P3/SS1,F24P3/SS1,NK,PK,1.44,0.11,0.01,0.11,8.5,1.6,1.9,0.05,22.7,19.6,0.23,0.28
325,GRAIN,YARA,Jan (2019),LR2018,2018,F24,SUBPLOTS,P3/SS2,F24P3/SS2,NK,NK,,,,,,,,,,,,
326,GRAIN,YARA,Jan (2019),LR2018,2018,F24,SUBPLOTS,P3/SS3,F24P3/SS3,NK,NP,1.53,0.1,0.01,0.12,9.8,1.8,2.3,0.18,21.4,23.3,0.26,0.29
327,GRAIN,YARA,Jan (2019),LR2018,2018,F24,SUBPLOTS,P3/SS4,F24P3/SS4,NK,NPK,1.69,0.11,0.01,0.08,17.2,1.2,3,0.15,13.6,21.3,0.22,0.31
328,GRAIN,YARA,Jan (2019),LR2018,2018,F24,SUBPLOTS,P4/SS1,F24P4/SS1,NP,PK,1.13,0.1,0.01,0.09,6.4,1.5,1.3,0.11,13.6,18.5,0.22,0.33
329,GRAIN,YARA,Jan (2019),LR2018,2018,F24,SUBPLOTS,P4/SS2,F24P4/SS2,NP,NK,1.47,0.1,0.01,0.08,18.4,1.2,2.2,0.05,25.8,19.2,0.19,0.25
330,GRAIN,YARA,Jan (2019),LR2018,2018,F24,SUBPLOTS,P4/SS3,F24P4/SS3,NP,NP,1.54,0.08,0.01,0.09,15.2,1.3,2.1,0.11,16.8,19.1,0.23,0.29
331,GRAIN,YARA,Jan (2019),LR2018,2018,F24,SUBPLOTS,P4/SS4,F24P4/SS4,NP,NPK,2.03,0.1,0.01,0.14,32.2,0.7,3.4,0.06,41.8,32.9,0.36,0.39
332,GRAIN,YARA,Jan (2019),LR2018,2018,F24,SUBPLOTS,P5/SS1,F24P5/SS1,NPK,PK,,,,,,,,,,,,
333,GRAIN,YARA,Jan (2019),LR2018,2018,F24,SUBPLOTS,P5/SS2,F24P5/SS2,NPK,NK,1.55,0.09,0.01,0.1,10.4,1.2,2.7,0.11,22.5,29,0.2,0.24
334,GRAIN,YARA,Jan (2019),LR2018,2018,F24,SUBPLOTS,P5/SS3,F24P5/SS3,NPK,NP,1.64,0.1,0.01,0.1,12.5,1.4,2.7,0.08,20.2,25.6,0.3,0.31
335,GRAIN,YARA,Jan (2019),LR2018,2018,F24,SUBPLOTS,P5/SS4,F24P5/SS4,NPK,NPK,1.42,0.09,0.01,0.09,13.9,1.1,2.5,0.08,17.9,21,0.23,0.3
336,STOVER,YARA,Jan (2019),LR2018,2018,F1,RESTORATION,P1,F1P1,Control,NPK,0.54,0.06,0.53,0.3,154.9,4.2,5.2,0.28,575,20.9,0.04,0.74
337,STOVER,YARA,Jan (2019),LR2018,2018,F1,RESTORATION,P2,F1P2,PK,NPK,0.55,0.05,0.35,0.2,52.9,3.5,3.6,0.2,260,14.3,0.1,1.46
338,STOVER,YARA,Jan (2019),LR2018,2018,F1,RESTORATION,P3,F1P3,NK,NPK,0.52,0.06,0.43,0.21,154.2,4.2,3.9,0.41,2034,20,0.11,1.59
339,STOVER,YARA,Jan (2019),LR2018,2018,F1,RESTORATION,P4,F1P4,NP,NPK,0.54,0.05,0.26,0.18,58.7,3.4,2.3,0.2,395,28.3,0.1,1.62
340,STOVER,YARA,Jan (2019),LR2018,2018,F1,RESTORATION,P5,F1P5,NPK,NPK,0.26,0.03,0.21,0.13,55.3,2.4,1.1,0.13,343,15.3,0.03,1.87
341,STOVER,YARA,Jan (2019),LR2018,2018,F4,RESTORATION,P1,F4P1,Control,NPK,0.48,0.04,0.28,0.19,49.3,3,2.5,0.23,357,11.1,0.04,1.94
342,STOVER,YARA,Jan (2019),LR2018,2018,F4,RESTORATION,P2,F4P2,PK,NPK,0.31,0.03,0.36,0.21,78.1,3.5,2.2,0.29,741,12.6,0.03,1.9
343,STOVER,YARA,Jan (2019),LR2018,2018,F4,RESTORATION,P3,F4P3,NK,NPK,0.42,0.04,0.29,0.16,98.4,3.3,2.8,0.24,549,21,0.04,1.6
344,STOVER,YARA,Jan (2019),LR2018,2018,F4,RESTORATION,P4,F4P4,NP,NPK,0.5,0.04,0.34,0.25,168.1,3.6,4.7,0.37,1729,18.5,0.04,1.39
345,STOVER,YARA,Jan (2019),LR2018,2018,F4,RESTORATION,P5,F4P5,NPK,NPK,0.68,0.04,0.37,0.25,110.3,3,3.8,0.2,305,17,0.05,0.91
346,STOVER,YARA,Jan (2019),LR2018,2018,F7,RESTORATION,P1,F7P1,Control,NPK,0.6,0.05,0.39,0.16,219.9,4.2,4.3,0.36,434,26.4,0.04,1.89
347,STOVER,YARA,Jan (2019),LR2018,2018,F7,RESTORATION,P2,F7P2,PK,NPK,0.84,0.07,0.19,0.12,100.5,3.4,3.5,0.29,149,52.9,0.16,1.52
348,STOVER,YARA,Jan (2019),LR2018,2018,F7,RESTORATION,P3,F7P3,NK,NPK,0.68,0.06,0.26,0.14,168,4.4,3.7,0.28,239,123.9,0.05,1.91
349,STOVER,YARA,Jan (2019),LR2018,2018,F7,RESTORATION,P4,F7P4,NP,NPK,0.82,0.05,0.2,0.12,85.4,2.7,4.3,0.18,137,35.4,0.09,1.34
350,STOVER,YARA,Jan (2019),LR2018,2018,F7,RESTORATION,P5,F7P5,NPK,NPK,0.73,0.05,0.3,0.13,251,3.4,4.9,0.35,428,33.5,0.04,1.55
351,STOVER,YARA,Jan (2019),LR2018,2018,F18,RESTORATION,P1,F18P1,Control,NPK,0.48,0.03,0.38,0.33,98.8,2.6,3.5,0.31,1249,13.6,0.02,0.93
352,STOVER,YARA,Jan (2019),LR2018,2018,F18,RESTORATION,P2,F18P2,PK,NPK,0.42,0.03,0.38,0.26,150.1,3.5,3.8,0.22,2533,11.3,0.04,0.85
353,STOVER,YARA,Jan (2019),LR2018,2018,F18,RESTORATION,P3,F18P3,NK,NPK,0.79,0.05,0.39,0.29,114.8,4.5,5.3,0.26,1017,25,0.04,1.47
354,STOVER,YARA,Jan (2019),LR2018,2018,F18,RESTORATION,P4,F18P4,NP,NPK,0.77,0.04,0.3,0.27,231.7,4.8,6.3,0.29,5837,18.9,0.07,0.69
355,STOVER,YARA,Jan (2019),LR2018,2018,F18,RESTORATION,P5,F18P5,NPK,NPK,0.69,0.04,0.3,0.24,89.6,2,2.7,0.23,872,15.2,0.08,0.67
356,STOVER,YARA,Jan (2019),LR2018,2018,F19,RESTORATION,P1,F19P1,Control,NPK,0.89,0.06,0.25,0.18,75.3,3.5,3.3,0.11,329,17.9,0.05,1.81
357,STOVER,YARA,Jan (2019),LR2018,2018,F19,RESTORATION,P2,F19P2,PK,NPK,0.56,0.05,0.24,0.16,90.5,3.5,2.5,0.2,300,20.9,0.07,1.49
358,STOVER,YARA,Jan (2019),LR2018,2018,F19,RESTORATION,P3,F19P3,NK,NPK,0.46,0.04,0.18,0.11,85.8,2.8,2.2,0.12,544,8.8,0.03,2.15
359,STOVER,YARA,Jan (2019),LR2018,2018,F19,RESTORATION,P4,F19P4,NP,NPK,0.5,0.04,0.23,0.14,73.2,2.7,2.7,0.07,156,6.9,0.03,1.28
360,STOVER,YARA,Jan (2019),LR2018,2018,F19,RESTORATION,P5,F19P5,NPK,NPK,0.52,0.04,0.38,0.23,193.1,3,3.5,0.26,724,18.3,0.03,0.57
361,STOVER,YARA,Jan (2019),LR2018,2018,F20,SUBPLOTS,P1/SS1,F20P1/SS1,Control,PK,0.55,0.06,0.47,0.19,249.9,5.5,4.5,0.5,979,13.6,0.04,0.72
362,STOVER,YARA,Jan (2019),LR2018,2018,F20,SUBPLOTS,P1/SS2,F20P1/SS2,Control,NK,,,,,,,,,,,,
363,STOVER,YARA,Jan (2019),LR2018,2018,F20,SUBPLOTS,P1/SS3,F20P1/SS3,Control,NP,,,,,,,,,,,,
364,STOVER,YARA,Jan (2019),LR2018,2018,F20,SUBPLOTS,P1/SS4,F20P1/SS4,Control,NPK,0.9,0.07,0.43,0.22,367.4,4.1,6.8,0.39,1015,15.7,0.08,0.64
365,STOVER,YARA,Jan (2019),LR2018,2018,F20,SUBPLOTS,P2/SS1,F20P2/SS1,PK,PK,0.58,0.07,0.46,0.28,152.9,3.9,3.7,0.28,494,19.5,0.07,0.64
366,STOVER,YARA,Jan (2019),LR2018,2018,F20,SUBPLOTS,P2/SS2,F20P2/SS2,PK,NK,0.77,0.06,0.49,0.25,847.7,5.2,5.9,0.49,2939,11.5,0.04,0.87
367,STOVER,YARA,Jan (2019),LR2018,2018,F20,SUBPLOTS,P2/SS3,F20P2/SS3,PK,NP,0.85,0.06,0.63,0.36,388,4,6.1,0.31,381,18.7,0.06,0.34
368,STOVER,YARA,Jan (2019),LR2018,2018,F20,SUBPLOTS,P2/SS4,F20P2/SS4,PK,NPK,0.7,0.06,0.52,0.27,367.8,3.8,4.7,0.38,995,9.6,0.06,0.29
369,STOVER,YARA,Jan (2019),LR2018,2018,F20,SUBPLOTS,P3/SS1,F20P3/SS1,NK,PK,0.48,0.05,0.3,0.21,287.2,3.7,2.5,0.48,486,13.7,0.05,0.88
370,STOVER,YARA,Jan (2019),LR2018,2018,F20,SUBPLOTS,P3/SS2,F20P3/SS2,NK,NK,1.18,0.1,0.33,0.18,1289.1,5.9,5.1,0.5,1269,38.6,0.08,1.51
371,STOVER,YARA,Jan (2019),LR2018,2018,F20,SUBPLOTS,P3/SS3,F20P3/SS3,NK,NP,0.96,0.07,0.61,0.3,857.5,5.2,6,0.64,2129,25.9,0.08,0.57
372,STOVER,YARA,Jan (2019),LR2018,2018,F20,SUBPLOTS,P3/SS4,F20P3/SS4,NK,NPK,0.69,0.05,0.37,0.15,765.8,3.8,3.6,0.32,345,11.3,0.05,0.79
373,STOVER,YARA,Jan (2019),LR2018,2018,F20,SUBPLOTS,P4/SS1,F20P4/SS1,NP,PK,0.39,0.05,0.38,0.22,331.9,3.4,1.8,0.4,133,16.7,0.04,0.73
374,STOVER,YARA,Jan (2019),LR2018,2018,F20,SUBPLOTS,P4/SS2,F20P4/SS2,NP,NK,1.14,0.09,0.33,0.2,781.9,5,5.5,0.21,297,43.6,0.12,0.78
375,STOVER,YARA,Jan (2019),LR2018,2018,F20,SUBPLOTS,P4/SS3,F20P4/SS3,NP,NP,,,,,,,,,,,,
376,STOVER,YARA,Jan (2019),LR2018,2018,F20,SUBPLOTS,P4/SS4,F20P4/SS4,NP,NPK,0.67,0.06,0.37,0.23,539.8,3.9,3.8,0.46,612,22.1,0.05,0.48
377,STOVER,YARA,Jan (2019),LR2018,2018,F20,SUBPLOTS,P5/SS1,F20P5/SS1,NPK,PK,0.52,0.06,0.4,0.28,239.9,4.3,4.5,0.19,474,16.7,0.06,0.6
378,STOVER,YARA,Jan (2019),LR2018,2018,F20,SUBPLOTS,P5/SS2,F20P5/SS2,NPK,NK,0.96,0.08,0.73,0.33,713.9,4,5.5,0.31,762,27.5,0.09,0.7
379,STOVER,YARA,Jan (2019),LR2018,2018,F20,SUBPLOTS,P5/SS3,F20P5/SS3,NPK,NP,1.19,0.07,0.37,0.13,1519.5,5.2,6.3,0.48,1438,33.8,0.14,0.26
380,STOVER,YARA,Jan (2019),LR2018,2018,F20,SUBPLOTS,P5/SS4,F20P5/SS4,NPK,NPK,0.67,0.05,0.29,0.16,385.5,3.4,4.2,0.33,637,11.3,0.06,0.57
381,STOVER,YARA,Jan (2019),LR2018,2018,F21,SUBPLOTS,P1/SS1,F21P1/SS1,Control,PK,,,,,,,,,,,,
382,STOVER,YARA,Jan (2019),LR2018,2018,F21,SUBPLOTS,P1/SS2,F21P1/SS2,Control,NK,,,,,,,,,,,,
383,STOVER,YARA,Jan (2019),LR2018,2018,F21,SUBPLOTS,P1/SS3,F21P1/SS3,Control,NP,0.91,0.06,0.46,0.3,461.2,6.7,7.5,0.45,5720,26.2,0.06,0.32
384,STOVER,YARA,Jan (2019),LR2018,2018,F21,SUBPLOTS,P1/SS4,F21P1/SS4,Control,NPK,1.17,0.08,0.35,0.24,221.1,6.1,5.2,0.4,1807,32.6,0.13,0.8
385,STOVER,YARA,Jan (2019),LR2018,2018,F21,SUBPLOTS,P2/SS1,F21P2/SS1,PK,PK,0.67,0.08,0.31,0.24,248.6,6.4,4.7,0.49,2662,32.5,0.09,0.86
386,STOVER,YARA,Jan (2019),LR2018,2018,F21,SUBPLOTS,P2/SS2,F21P2/SS2,PK,NK,0.93,0.06,0.34,0.21,192.3,5.8,4.2,0.35,1191,24.8,0.07,1.43
387,STOVER,YARA,Jan (2019),LR2018,2018,F21,SUBPLOTS,P2/SS3,F21P2/SS3,PK,NP,0.72,0.05,0.37,0.27,237.3,5.2,4.7,0.28,629,16.5,0.04,1.34
388,STOVER,YARA,Jan (2019),LR2018,2018,F21,SUBPLOTS,P2/SS4,F21P2/SS4,PK,NPK,0.63,0.05,0.4,0.28,150.4,6.4,4,0.25,987,10.9,0.03,1.4
389,STOVER,YARA,Jan (2019),LR2018,2018,F21,SUBPLOTS,P3/SS1,F21P3/SS1,NK,PK,0.62,0.06,0.38,0.25,298.5,5.6,5.3,0.5,2483,38.6,0.05,1
390,STOVER,YARA,Jan (2019),LR2018,2018,F21,SUBPLOTS,P3/SS2,F21P3/SS2,NK,NK,,,,,,,,,,,,
391,STOVER,YARA,Jan (2019),LR2018,2018,F21,SUBPLOTS,P3/SS3,F21P3/SS3,NK,NP,0.55,0.04,0.33,0.15,406.6,5.1,4.5,0.31,3562,14.8,0.03,0.53
392,STOVER,YARA,Jan (2019),LR2018,2018,F21,SUBPLOTS,P3/SS4,F21P3/SS4,NK,NPK,0.41,0.04,0.22,0.15,132,3.7,2,0.23,502,12.8,0.03,0.97
393,STOVER,YARA,Jan (2019),LR2018,2018,F21,SUBPLOTS,P4/SS1,F21P4/SS1,NP,PK,0.51,0.06,0.24,0.19,272.7,5,4.3,0.8,4018,26,0.06,0.62
394,STOVER,YARA,Jan (2019),LR2018,2018,F21,SUBPLOTS,P4/SS2,F21P4/SS2,NP,NK,0.89,0.06,0.37,0.24,455,4.7,4,0.46,1183,34.4,0.05,0.96
395,STOVER,YARA,Jan (2019),LR2018,2018,F21,SUBPLOTS,P4/SS3,F21P4/SS3,NP,NP,0.87,0.06,0.46,0.22,187.9,3.9,3.8,0.48,872,20.9,0.07,0.3
396,STOVER,YARA,Jan (2019),LR2018,2018,F21,SUBPLOTS,P4/SS4,F21P4/SS4,NP,NPK,0.78,0.04,0.35,0.21,206.6,4,3.4,0.4,1784,13.6,0.05,0.44
397,STOVER,YARA,Jan (2019),LR2018,2018,F21,SUBPLOTS,P5/SS1,F21P5/SS1,NPK,PK,0.89,0.08,0.34,0.33,307.3,5.9,6.6,0.47,3675,47,0.1,0.57
398,STOVER,YARA,Jan (2019),LR2018,2018,F21,SUBPLOTS,P5/SS2,F21P5/SS2,NPK,NK,0.85,0.07,0.39,0.23,495.3,5.9,6,0.53,4039,35.4,0.06,0.86
399,STOVER,YARA,Jan (2019),LR2018,2018,F21,SUBPLOTS,P5/SS3,F21P5/SS3,NPK,NP,0.78,0.06,0.55,0.3,592.9,8.5,9.7,0.52,8652,27.4,0.05,0.36
400,STOVER,YARA,Jan (2019),LR2018,2018,F21,SUBPLOTS,P5/SS4,F21P5/SS4,NPK,NPK,0.71,0.05,0.34,0.25,151.1,4.2,3.8,0.32,491,17.3,0.04,0.89
401,STOVER,YARA,Jan (2019),LR2018,2018,F23,SUBPLOTS,P1/SS1,F23P1/SS1,Control,PK,0.68,0.08,0.57,0.32,243.4,7.1,7.6,0.23,2186,25.4,0.04,0.8
402,STOVER,YARA,Jan (2019),LR2018,2018,F23,SUBPLOTS,P1/SS2,F23P1/SS2,Control,NK,1.15,0.11,0.52,0.36,216.4,6.9,8.3,0.17,678,42.6,0.05,1.16
403,STOVER,YARA,Jan (2019),LR2018,2018,F23,SUBPLOTS,P1/SS3,F23P1/SS3,Control,NP,0.5,0.04,0.23,0.23,83.9,3.2,4.5,0.16,711,10.1,0.02,1.35
404,STOVER,YARA,Jan (2019),LR2018,2018,F23,SUBPLOTS,P1/SS4,F23P1/SS4,Control,NPK,1.25,0.11,0.44,0.36,226,6.7,10.4,0.14,2476,26.1,0.11,1.6
405,STOVER,YARA,Jan (2019),LR2018,2018,F23,SUBPLOTS,P2/SS1,F23P2/SS1,PK,PK,,,,,,,,,,,,
406,STOVER,YARA,Jan (2019),LR2018,2018,F23,SUBPLOTS,P2/SS2,F23P2/SS2,PK,NK,1.09,0.08,0.53,0.32,147.1,6.8,9.8,0.14,497,22.2,0.07,1.84
407,STOVER,YARA,Jan (2019),LR2018,2018,F23,SUBPLOTS,P2/SS3,F23P2/SS3,PK,NP,0.81,0.08,0.47,0.27,400.6,8,8.9,0.18,2546,18,0.05,1.61
408,STOVER,YARA,Jan (2019),LR2018,2018,F23,SUBPLOTS,P2/SS4,F23P2/SS4,PK,NPK,0.61,0.04,0.2,0.18,74.5,3.3,3.7,0.14,541,7.7,0.03,1.86
409,STOVER,YARA,Jan (2019),LR2018,2018,F23,SUBPLOTS,P3/SS1,F23P3/SS1,NK,PK,0.64,0.06,0.3,0.25,293.2,6.1,7.1,0.31,3219,131.2,0.05,1.71
410,STOVER,YARA,Jan (2019),LR2018,2018,F23,SUBPLOTS,P3/SS2,F23P3/SS2,NK,NK,1.17,0.08,0.37,0.27,593.2,5.7,6.8,0.22,2255,40.4,0.05,1.78
411,STOVER,YARA,Jan (2019),LR2018,2018,F23,SUBPLOTS,P3/SS3,F23P3/SS3,NK,NP,0.93,0.07,0.5,0.32,284,6.8,9.5,0.22,1744,20.4,0.05,0.82
412,STOVER,YARA,Jan (2019),LR2018,2018,F23,SUBPLOTS,P3/SS4,F23P3/SS4,NK,NPK,0.84,0.07,0.33,0.24,264.4,5.3,8.2,0.19,1676,19.7,0.05,1.22
413,STOVER,YARA,Jan (2019),LR2018,2018,F23,SUBPLOTS,P4/SS1,F23P4/SS1,NP,PK,0.69,0.08,0.45,0.33,328.4,6.2,8.6,0.35,2590,39.2,0.07,0.74
414,STOVER,YARA,Jan (2019),LR2018,2018,F23,SUBPLOTS,P4/SS2,F23P4/SS2,NP,NK,0.83,0.07,0.51,0.31,456.4,6.1,8.4,0.18,1965,24,0.04,0.76
415,STOVER,YARA,Jan (2019),LR2018,2018,F23,SUBPLOTS,P4/SS3,F23P4/SS3,NP,NP,1.31,0.1,0.36,0.34,211.3,6,9.6,0.26,1751,44.6,0.14,0.43
416,STOVER,YARA,Jan (2019),LR2018,2018,F23,SUBPLOTS,P4/SS4,F23P4/SS4,NP,NPK,0.81,0.06,0.43,0.24,299.6,4.8,7,0.3,1052,42,0.05,0.51
417,STOVER,YARA,Jan (2019),LR2018,2018,F23,SUBPLOTS,P5/SS1,F23P5/SS1,NPK,PK,0.61,0.06,0.36,0.3,145,4.5,4.7,0.18,952,23.3,0.05,0.73
418,STOVER,YARA,Jan (2019),LR2018,2018,F23,SUBPLOTS,P5/SS2,F23P5/SS2,NPK,NK,1.15,0.09,0.48,0.34,432.8,6.6,10.3,0.09,1199,33.5,0.08,1.19
419,STOVER,YARA,Jan (2019),LR2018,2018,F23,SUBPLOTS,P5/SS3,F23P5/SS3,NPK,NP,1.02,0.07,0.39,0.37,142.6,5.5,8,0.1,465,28.8,0.08,0.4
420,STOVER,YARA,Jan (2019),LR2018,2018,F23,SUBPLOTS,P5/SS4,F23P5/SS4,NPK,NPK,1.15,0.09,0.38,0.29,379.4,7.2,9.6,0.2,2226,26.9,0.09,0.78
421,STOVER,YARA,Jan (2019),LR2018,2018,F24,SUBPLOTS,P1/SS1,F24P1/SS1,Control,PK,0.47,0.08,0.31,0.26,133.7,4.7,2.8,0.37,630,29.9,0.04,0.68
422,STOVER,YARA,Jan (2019),LR2018,2018,F24,SUBPLOTS,P1/SS2,F24P1/SS2,Control,NK,,,,,,,,,,,,
423,STOVER,YARA,Jan (2019),LR2018,2018,F24,SUBPLOTS,P1/SS3,F24P1/SS3,Control,NP,1.16,0.1,0.68,0.54,515.5,6.8,9.1,0.42,656,35.7,0.11,0.27
424,STOVER,YARA,Jan (2019),LR2018,2018,F24,SUBPLOTS,P1/SS4,F24P1/SS4,Control,NPK,0.8,0.07,0.57,0.33,419.4,6.3,5.8,0.32,638,15.1,0.04,0.66
425,STOVER,YARA,Jan (2019),LR2018,2018,F24,SUBPLOTS,P2/SS1,F24P2/SS1,PK,PK,0.64,0.07,0.31,0.34,164.1,5.3,3.6,0.5,1639,34.2,0.09,0.74
426,STOVER,YARA,Jan (2019),LR2018,2018,F24,SUBPLOTS,P2/SS2,F24P2/SS2,PK,NK,1.07,0.08,0.62,0.32,744.3,5.9,6.7,0.38,917,31.6,0.07,1.23
427,STOVER,YARA,Jan (2019),LR2018,2018,F24,SUBPLOTS,P2/SS3,F24P2/SS3,PK,NP,0.83,0.07,0.72,0.45,364.6,4.9,6.8,0.28,408,18.3,0.05,0.64
428,STOVER,YARA,Jan (2019),LR2018,2018,F24,SUBPLOTS,P2/SS4,F24P2/SS4,PK,NPK,0.53,0.05,0.4,0.23,310.6,4.8,5.3,0.43,2159,11.2,0.04,0.85
429,STOVER,YARA,Jan (2019),LR2018,2018,F24,SUBPLOTS,P3/SS1,F24P3/SS1,NK,PK,0.72,0.08,0.32,0.19,262.6,5.2,4.5,0.46,636,23.9,0.05,1.53
430,STOVER,YARA,Jan (2019),LR2018,2018,F24,SUBPLOTS,P3/SS2,F24P3/SS2,NK,NK,,,,,,,,,,,,
431,STOVER,YARA,Jan (2019),LR2018,2018,F24,SUBPLOTS,P3/SS3,F24P3/SS3,NK,NP,0.68,0.05,0.33,0.16,614.1,4.9,6.9,0.52,931,20.6,0.05,0.79
432,STOVER,YARA,Jan (2019),LR2018,2018,F24,SUBPLOTS,P3/SS4,F24P3/SS4,NK,NPK,1.63,0.1,0.27,0.11,1157.1,4.7,7.8,0.69,924,68.5,0.26,0.93
433,STOVER,YARA,Jan (2019),LR2018,2018,F24,SUBPLOTS,P4/SS1,F24P4/SS1,NP,PK,0.66,0.07,0.34,0.24,201.9,5.1,3.3,0.44,766,16.4,0.07,0.54
434,STOVER,YARA,Jan (2019),LR2018,2018,F24,SUBPLOTS,P4/SS2,F24P4/SS2,NP,NK,0.9,0.07,0.35,0.2,862.5,4.7,4.7,0.55,707,23.2,0.08,0.67
435,STOVER,YARA,Jan (2019),LR2018,2018,F24,SUBPLOTS,P4/SS3,F24P4/SS3,NP,NP,1.04,0.07,0.44,0.19,724.1,4.9,7.3,0.52,1134,25.4,0.1,0.33
436,STOVER,YARA,Jan (2019),LR2018,2018,F24,SUBPLOTS,P4/SS4,F24P4/SS4,NP,NPK,1.05,0.07,0.36,0.15,1497.8,4,4.7,0.57,909,20.2,0.11,0.48
437,STOVER,YARA,Jan (2019),LR2018,2018,F24,SUBPLOTS,P5/SS1,F24P5/SS1,NPK,PK,,,,,,,,,,,,
438,STOVER,YARA,Jan (2019),LR2018,2018,F24,SUBPLOTS,P5/SS2,F24P5/SS2,NPK,NK,1.03,0.08,0.46,0.28,762.1,4.8,5.2,0.32,841,44.9,0.11,0.94
439,STOVER,YARA,Jan (2019),LR2018,2018,F24,SUBPLOTS,P5/SS3,F24P5/SS3,NPK,NP,0.84,0.05,0.45,0.23,625,4.7,5.8,0.72,868,28.7,0.07,0.31
440,STOVER,YARA,Jan (2019),LR2018,2018,F24,SUBPLOTS,P5/SS4,F24P5/SS4,NPK,NPK,0.54,0.04,0.22,0.16,292.8,3.3,3.9,0.33,132,15.6,0.04,0.78
