"","Year","Crop","Control","FYM","FYMNPK","N","N1PKMg","N2PKMg","N4PKMg","N5PKMg","NP","NPK","PKMg","pred_P_UP_N1PKMg","pred_P_UP_N2PKMg","pred_P_UP_N4PKMg","pred_P_UP_N5PKMg","pred_P_UP_PKMg","pred_P_UP_Control","pred_P_UP_N","pred_P_UP_NP","pred_P_UP_NPK","pred_P_UP_FYMNPK","pred_P_UP_FYM"
"1",1968,"wheat",7.50691933142863,25.8800130340887,25.8624161375101,11.6777027719207,16.7760585245354,21.5248708491161,20.030228241712,22.3015964932212,15.5327321603857,21.0592705929453,9.64355786384016,16.4780075957689,18.3485679431281,18.3485679431281,19.0384466312635,9.46047093402481,7.54327510136452,8.08799101207789,13.5863624419487,18.3485679431281,25.2415646954183,22.1158718176962
"2",1969,"potato",7.64783455720942,22.3310095917153,14.0136700460278,5.39583444915764,16.1818925885319,17.7770713498118,15.1530898831438,13.5814596751964,7.23856374963055,13.7574966630048,12.4634071582476,13.320242660069,13.5509302837061,13.5509302837061,13.4991323833194,10.786306682052,5.84622714967113,5.5441232736984,11.7812462200882,13.5509302837061,16.0161085458152,16.2215170262459
"3",1970,"beans",6.74472660567011,16.8425774770987,13.76488640567,5.92648117709982,14.9545390342414,15.819198948527,13.2696185770989,16.99947480567,5.83813833424153,13.9496032056701,13.2482712056699,15.8784394932339,16.0625017003517,16.0625017003517,16.2313319676641,15.654454223899,8.54983096334216,7.89417115672647,9.25866685741771,16.0625017003517,17.7868748601064,17.8852044756854
"4",1971,"wheat",7.28580400218611,25.6588977048462,25.6413008082676,11.4565874426782,16.5549431952928,21.3037555198736,19.8091129124695,22.0804811639787,15.3116168311432,20.8381552637028,9.42244253459764,16.4311237091866,18.4884011169019,18.4884011169019,19.3250740166596,9.48580953320033,7.44367267566923,7.93782252301914,12.4261971869435,18.4884011169019,22.5025885059312,22.5623803443796
"5",1972,"potato",6.74058114853028,21.4237561830362,13.1064166373486,4.4885810404785,15.2746391798528,16.8698179411327,14.2458364744647,12.6742062665173,6.33131034095141,12.8502432543257,11.5561537495685,13.2058653901139,13.6210682195115,13.6210682195115,13.6793310379741,10.4068805529489,5.72137888769841,5.48472412494849,11.5435089355513,13.6210682195115,15.7184556501292,16.7958225841865
"6",1973,"beans",6.54906834030146,16.6469192117301,13.5692281403013,5.73082291173117,14.7588807688728,15.6235406831584,13.0739603117302,16.8038165403013,5.64248006887289,13.7539449403014,13.0526129403012,16.3476119551223,16.4352130953503,16.4352130953503,16.5202729420347,16.2205272796096,8.2795882870301,7.67469626988062,8.74033385030694,16.4352130953503,17.9060216156973,17.9399499655941
"7",1974,"wheat",7.06468867294359,25.4377823756037,25.4201854790251,11.2354721134357,16.3338278660503,21.0826401906311,19.587997583227,21.8593658347361,15.0905015019007,20.6170399344603,9.20132720535512,16.4807290210189,18.6400607974949,18.6400607974949,19.534005197545,9.51114739219271,7.38504097442342,7.78827110961158,11.8424139249197,18.6400607974949,21.7924601215987,21.8156109449821
"8",1975,"potato",5.8333277398512,20.5165027743571,12.1991632286695,3.58132763179942,14.3673857711737,15.9625645324536,13.3385830657856,11.7669528578382,5.42405693227233,11.9429898456466,10.6489003408894,13.085946285722,13.6526974347518,13.6526974347518,13.7995542493422,9.9797847790416,5.61346145424587,5.40885145214585,11.3752820307697,13.6526974347518,15.0410151846641,15.686318935217
"9",1976,"beans",6.35341007493281,16.4512609463614,13.3735698749327,5.53516464636252,14.5632225035041,15.4278824177897,12.8783020463616,16.6081582749327,5.44682180350424,13.5582866749328,12.8569546749326,16.81559586407,16.8071800714522,16.8071800714522,16.8074295762291,16.7866191589569,8.0872400274298,7.50130824391195,8.4242288895558,16.8071800714522,17.9688839891835,17.7135735230822
"10",1977,"wheat",6.84357334370107,25.2166670463612,25.1990701497826,11.0143567841931,16.1127125368078,20.8615248613885,19.3668822539845,21.6382505054936,14.8693861726582,20.3959246052178,8.9802118761126,16.5289450673536,18.7844606254229,18.7844606254229,19.7297615630488,9.53648546805336,7.32682818282381,7.65184504737191,11.4451638947373,18.7844606254229,23.5747333184949,23.2049682065495
"11",1978,"potato",4.92607433117206,19.6092493656779,11.2919098199904,2.67407422312028,13.4601323624945,15.0553111237745,12.4313296571065,10.859699449159,4.51680352359319,11.0357364369674,9.74164693221025,12.8929153026927,13.6263826628857,13.6263826628857,13.8707371169285,9.4949039513632,5.5038956058805,5.33164159636939,11.2175252228638,13.6263826628857,16.1117469028026,16.4735577097126
"12",1979,"potato",4.62365652827901,19.3068315627849,10.9894920170974,2.37165642022723,13.1577145596015,14.7528933208814,12.1289118542134,10.557281646266,4.21438572070014,10.7333186340744,9.43922912931721,12.8946245592965,13.7507596406501,13.7507596406501,14.0668020892804,9.3264580206428,5.53538023173576,5.38692465765693,10.5159513751407,13.7507596406501,15.2146629166564,15.3507617805348
"13",1980,"wheat",6.62245801445852,24.9955517171186,24.97795482054,10.7932414549506,15.8915972075652,20.640409532146,19.1457669247419,21.4171351762511,14.6482708434156,20.1748092759752,8.75909654687005,16.6694511173979,19.0763964736208,19.0763964736208,20.0684396708869,9.56182291692329,7.36939911360325,7.47538858243282,10.0598679573766,19.0763964736208,23.1586049645494,22.1078656111219
"14",1982,"potato",3.71640311959987,18.3995781541058,10.0822386084182,1.46440301154809,12.2504611509223,13.8456399122023,11.2216584455343,9.65002823758686,3.307132312021,9.82606522539525,8.53197572063807,12.3615082138944,13.3320852150146,13.3320852150146,13.7249314135222,8.81755053850526,5.64718152836728,5.60698121479672,11.0666018371675,13.3320852150146,15.812560012004,16.5157355640295
"15",1983,"wheat",6.401342685216,24.7744363878761,24.7568394912975,10.5721261257081,15.6704818783227,20.4192942029035,18.9246515954994,21.1960198470086,14.4271555141731,19.9536939467327,8.53798121762753,16.6101980471295,19.0349671610367,19.0349671610367,20.0560388156273,9.58715429381428,7.43070720951285,7.59801518855047,10.4620508463616,19.0349671610367,23.7657657106898,22.2857109360972
"16",1985,"potato",2.80914971092079,17.4923247454267,9.17498519973914,0.557149602869011,11.3432077422433,12.9383865035232,10.3144050368552,8.74277482890777,2.39987890334192,8.91881181671617,7.62472231195898,11.8785241611004,13.043309048317,13.043309048317,13.55687104325,8.30863666939755,5.55430565090773,5.57367200376619,11.1313754686357,13.043309048317,15.1212952517977,15.670437394402
"17",1986,"wheat",6.83507872333647,25.7976945673045,33.2910007587317,13.484601917738,14.6382543640254,20.165515621074,20.7144407997336,26.7971811231514,16.812447270839,20.1756077293884,7.47877502486342,16.0681003052831,19.4371447867894,19.4371447867894,20.5401928765436,6.34426453760903,6.1079335551575,7.54166380893322,10.4173653482262,19.4371447867894,25.4138306701379,23.2707163582044
"18",1987,"wheat",6.76137361358897,25.723989457557,33.2172956489842,13.4108968079905,14.5645492542779,20.0918105113265,20.6407356899861,26.7234760134039,16.7387421610915,20.1019026196409,7.40506991511591,16.0494621314429,19.3362257612836,19.3362257612836,20.6328559046106,6.35270754735607,6.07313876614897,7.38039920824418,10.6626716984392,19.3362257612836,24.9996208228702,22.0732229414148
"19",1988,"wheat",6.68766850384146,25.6502843478095,33.1435905392367,13.337191698243,14.4908441445304,20.018105401579,20.5670305802386,26.6497709036564,16.665037051344,20.0281975098934,7.33136480536841,16.0384716429396,19.3163934514322,19.3163934514322,20.7457972607062,6.36114389691211,6.05391988053507,7.29550094419689,10.8079617675231,19.3163934514322,24.4219965089045,21.2063087567771
"20",1990,"potato",1.95191206381855,17.2246092396324,16.4181727819506,2.17865170967622,9.02000654272328,11.3936342364711,10.8132205558666,13.052962419828,3.49419697478499,7.84975191414905,5.27454243397217,9.86508245694968,12.7453197729775,12.7453197729775,14.4668154137059,3.80001444579699,3.79644040682029,5.42280700588896,11.1712148820711,12.7453197729775,16.8499256067142,16.5200342746279
"21",1991,"wheat",6.46655317459894,25.429169018567,32.9224752099942,13.1160763690005,14.2697288152879,19.7969900723365,20.3459152509961,26.4286555744139,16.4439217221015,19.8070821806508,7.11024947612589,16.0451845146811,19.5845500709641,19.5845500709641,20.8845933218807,6.38648547467598,6.13047472069401,7.37980502141508,10.2709094843335,19.5845500709641,27.7553710331185,24.6014193985421
"22",1992,"wheat",6.39284806485144,25.3554639088195,32.8487701002467,13.042371259253,14.1960237055404,19.723284962589,20.2722101412486,26.3549504646664,16.3702166123539,19.7333770709033,7.03654436637838,16.0083117895579,19.4825412558268,19.4825412558268,20.9660414858906,6.39493675140502,6.07579395567268,7.22043593182313,10.4353515040687,19.4825412558268,27.1285718337498,21.8700944394457
"23",1993,"wheat",6.31914295510393,25.281758799072,32.7750649904992,12.9686661495054,14.1223185957929,19.6495798528415,20.198505031501,26.2812453549189,16.2965115026064,19.6596719611558,6.96283925663087,15.9855126735616,19.4597402073701,19.4597402073701,21.0707901293076,6.40337260499951,6.04629506027229,7.13576256892739,10.5260350290689,19.4597402073701,28.48785698503,24.8341942299602
"24",1995,"potato",0.439823049353436,15.7125202251673,14.9060837674855,0.666562695211105,7.50791752825816,9.88154522200599,9.30113154140144,11.5408734053628,1.98210796031987,6.33766289968393,3.76245341950705,7.72520532495876,11.5475265852191,11.5475265852191,14.301516729701,2.95182897876212,2.9518264557287,5.26186729112589,10.9575869138303,11.5475265852191,17.6717857409645,16.5512761736815
"25",1996,"wheat",6.09802762586141,25.0606434698294,32.5539496612566,12.7475508202629,13.9012032665504,19.428464523599,19.9773897022585,26.0601300256764,16.0753961733639,19.4385566319133,6.74172392738835,15.9827380665057,19.7692261481459,19.7692261481459,21.2138950092163,6.42871956756896,6.13744600886563,7.21124413885427,9.96779974768704,19.7692261481459,30.125044721419,25.742416273544
"26",1997,"wheat",6.0243225161139,24.9869383600819,32.4802445515091,12.6738457105154,13.8274981568029,19.3547594138515,19.903684592511,25.9864249159288,16.0016910636164,19.3648515221658,6.66801881764085,15.9332230076586,19.6361119323956,19.6361119323956,21.2782711962064,6.43715923347292,6.0696158829185,7.0556967768384,10.1061789014494,19.6361119323956,28.8135244290253,25.0692044365236
"27",1998,"wheat",5.95061740636639,24.9132332503344,32.4065394417616,12.6001406007679,13.7537930470554,19.281054304104,19.8299794827635,25.9127198061813,15.9279859538689,19.2911464124183,6.59431370789334,15.9004913112817,19.5976206497659,19.5976206497659,21.3750753849512,6.44561473820233,6.03334248948685,6.97290778169473,10.1797368664473,19.5976206497659,27.859882144999,23.594042685322
"28",1999,"oats",5.43431436016047,23.9112887047736,21.0481428921515,8.26610032769848,8.31407229756829,9.62853070891527,7.46422762480888,16.4206140398932,11.8165065488624,6.70937425141995,6.73443405174288,11.8859452184314,12.7254221930169,12.7254221930169,14.1511299810513,10.0134331631561,5.42403077647585,4.85658270108684,10.1571931442388,12.7254221930169,20.8385094536793,19.0037482550327
"29",2000,"silage maize",2.34355829612608,11.1841822026255,11.0211387508786,1.94497769492776,5.51745988374384,7.0606814976787,4.78286052785301,6.94927236332228,3.85551709224245,3.41278614092182,3.01748462359342,6.44299908327596,6.35228341950867,6.35228341950867,6.15439185441159,5.71751900633522,2.17027464580707,1.95700686030104,4.71139494014523,6.35228341950867,8.42199505186843,7.66523318286568
"30",2001,"wheat",3.28631357265721,12.2675676958761,22.342135841116,9.85793393134233,9.69574529700509,14.9007659037996,17.1604966757543,19.7369012818213,11.4136345296296,16.519947021961,3.85690121814599,10.4572735285797,17.1130564428917,17.1130373801569,22.4348936113462,3.00566779338118,3.00566715427589,7.21369480917802,10.477266455376,17.1130373801569,22.8609892466588,12.8620777205903
"31",2002,"wheat",4.51118496414758,21.3412813170738,31.6469004683185,12.0041625920878,11.5177786194218,16.9512008991552,21.639199406402,24.933438456243,17.0174407244596,21.9311848885156,5.05691800542996,12.620941563976,17.4737888660584,22.3506265979937,20.2372000526133,4.28295366240174,4.28293606639535,6.98430345932231,10.363738130335,22.3506265979937,20.9102418370282,22.0148840094
"32",2003,"wheat",4.43747985440007,21.2675762073263,31.5731953585709,11.9304574823403,11.4440735096743,16.8774957894077,21.5654942966545,24.8597333464955,16.9437356147121,21.8574797787681,4.98321289568245,12.5743962116075,16.5443028935934,21.9762421127183,18.7134600020252,4.29138384609973,4.29138374693908,6.86552184231259,10.2587781865081,21.9762421127183,19.6172701925783,22.5639366041975
"33",2004,"oats",4.18048562388826,20.5249404774595,20.4741076246549,7.855726024965,6.26366157588129,7.48428100991311,9.45905125439396,15.6269363959015,13.0915650253997,9.53501643346388,5.3826420552261,6.74325667389439,7.38089666605876,8.656247279033,8.97292174293015,6.10557706697521,4.89278486300381,4.72216305719509,8.65622843991188,8.656247279033,8.64522079830347,20.1750361990029
"34",2005,"silage maize",0.437342557504962,7.14544697296255,9.79471648103311,0.882216389845328,2.81466215970795,4.26404479632763,6.12529715508913,5.50320771698168,4.47818856643076,5.58604132061678,1.01330562472768,4.21812185636668,4.86514700374516,6.51482237311598,5.02262900590297,0.957359007605891,0.957359537199475,1.91634889289006,4.72442002681813,6.51482237311598,5.47993365828677,7.30271298848463
"35",2006,"wheat",4.21636452515756,21.0464608780838,31.3520800293284,11.7093421530978,11.2229581804317,16.6563804601652,21.344378967412,24.638618017253,16.7226202854696,21.6363644495256,4.76209756643994,12.4337343979425,16.316928025326,22.9890361628968,18.6294834432865,4.31672201573118,4.31672133660626,7.06525621312167,10.3024919176823,22.9890361628968,19.6320628390931,21.0804906227945
"36",2007,"wheat",5.17853774795703,21.882260604604,28.5755187991026,12.9698107508322,12.1048303980497,17.3832517136615,22.3449695223317,24.5951970312378,16.8061464052814,22.5858080562323,6.06301275679701,14.2023193991855,16.4826332678294,22.7451569070995,18.003411836522,6.48139938049951,6.05586690823014,6.83412607590772,10.1458702335562,22.7451569070995,19.1380827950542,22.3552901535896
"37",2008,"wheat",5.10483263820953,21.8085554948565,28.5018136893551,12.8961056410847,12.0311252883022,17.309546603914,22.2712644125842,24.5214919214903,16.7324412955339,22.5121029464848,5.98930764704951,14.0715378599959,16.2088217742505,22.489502070556,17.6317763023409,6.48982187002035,5.9922979395847,6.71475667990821,10.0187488106838,22.489502070556,18.7636633870931,20.1018498066773
"38",2009,"oats",5.10714722339182,21.3252285806839,17.6620347711332,9.08068299940347,7.11002217020337,8.17564064011356,10.4241301860177,15.5480037865904,13.1395795219156,10.4489484168746,6.64804562228726,9.9371336424273,10.1559767422648,12.8011899957187,10.8416134339829,9.16199206502182,5.2261402885573,4.6545935536831,9.85906597133542,12.8011899957187,11.2824572447422,20.0767493883663
"39",2010,"silage maize",0.711617154659592,7.29334807383795,6.33025662516247,1.45478636193485,3.00863575168111,4.30301742417916,6.43798908436397,4.77188810532167,3.87381606059774,5.84758630167861,1.62632218943989,4.65085036558503,4.83272627625155,6.62332607941457,4.83645934621251,2.5347311288086,1.87482034583615,1.8733972141157,4.64339521251217,6.62332607941457,5.3056892305491,8.10691916435763
"40",2011,"wheat",4.88371730896701,21.587440165614,28.2806983601126,12.6749903118422,11.8100099590597,17.0884312746715,22.0501490833416,24.3003765922478,16.5113259662913,22.2909876172423,5.76819231780698,14.0675927765833,16.4972790911272,23.5294852782569,18.2222496653804,6.51516306985307,6.0376643846069,6.90398108043482,10.015118320715,23.5294852782569,19.3137472613763,20.0660515775561
"41",2012,"wheat",4.8100121992195,21.5137350558665,28.2069932503651,12.6012852020947,11.7363048493122,17.014726164924,21.9764439735941,24.2266714825003,16.4376208565438,22.2172825074947,5.69448720805948,13.9159802171268,16.0717587087168,22.9496727210542,17.5405782544956,6.52360610509635,5.96902302243986,6.67847492883217,9.85984653562336,22.9496727210542,18.6506631880363,23.8628981682041
"42",2013,"wheat",4.736307089472,21.440029946119,28.1332881406176,12.5275800923472,11.6625997395647,16.9410210551765,21.9027388638466,24.1529663727528,16.3639157467963,22.1435773977472,5.62078209831197,13.8188393508107,15.8479707355,22.7298770434041,17.2113592779683,6.53205215946968,5.93228273451495,6.56177286586502,9.73418799161895,22.7298770434041,18.3234479172285,25.2720824336566
"43",2014,"oats",4.99793049034839,21.2160118476404,17.5528180380898,8.97146626636004,7.00080543715995,8.06642390707014,10.3149134529743,15.438787053547,13.0303627888722,10.3397316838312,6.53882888924383,9.77419772632551,10.0684310286719,13.1897039643653,10.7916882604766,8.76847185471481,5.08828837246465,4.55091449377328,9.5675836704824,13.1897039643653,11.2639271228917,21.4596709711249
"44",2015,"silage maize",-0.0499865807327637,6.53174433844559,5.56865288977012,0.693182626542497,2.24703201628876,3.54141368878681,5.67638534897162,4.01028436992931,3.11221232520538,5.08598256628625,0.864718454047531,3.7939454781404,4.52202498349451,6.60614892116746,4.72827500688686,0.662154737526511,0.662157058276608,1.83183206325289,4.53495090356468,6.60614892116746,5.13664625539738,8.19415168622147
