"","Year","Crop","Control","FYM","FYMNPK","N","N1PKMg","N2PKMg","N4PKMg","N5PKMg","NP","NPK","PKMg","pred_N_UP_N1PKMg","pred_N_UP_N2PKMg","pred_N_UP_N4PKMg","pred_N_UP_N5PKMg","pred_N_UP_PKMg","pred_N_UP_Control","pred_N_UP_N","pred_N_UP_NP","pred_N_UP_NPK","pred_N_UP_FYMNPK","pred_N_UP_FYM"
"1",1968,"wheat",37.3038267685497,128.985968468337,170.931504579666,91.4617564104819,75.1357902024161,113.557407382319,111.075500301944,130.228953296833,94.8486867214644,114.978287475164,41.2418837096668,77.0354660609354,112.149648026358,112.149648026358,145.573523363379,41.2418837191157,41.2040146724726,103.412034300446,103.406955373969,112.149648026358,169.503915673937,127.706578748035
"2",1969,"potato",34.6419853981533,100.495647159491,92.761219175429,37.0059469982806,66.3910555248998,89.1272005836234,86.7659697240319,74.7693996738319,44.0697910034447,70.6286218189712,42.9386943492121,74.4680267310048,101.324541951793,101.324541951793,123.242574188355,42.9387011759239,41.3988782042218,68.9752622915533,90.8883359021686,101.324541951793,111.460814217877,104.262088468602
"3",1970,"beans",76.6071348759929,134.619600542649,105.862821875988,66.8851210982089,121.693629209321,123.68567276488,105.937116320436,127.10115509821,42.7961152093294,110.63250076488,122.341979875989,122.301517701373,123.427917590214,123.427917590214,124.777419028966,121.580779452239,102.325922827961,101.046724065992,100.077969913854,123.427917590214,139.046203129143,139.501908480008
"4",1971,"wheat",37.4051794970405,129.087321196828,171.032857308157,91.5631091389727,75.2371429309069,113.65876011081,111.176853030435,130.330306025324,94.9500394499553,115.079640203655,41.3432364381577,76.4795511435476,110.760233133139,110.760233133139,143.363979789756,41.3432363226527,41.2451348573503,101.175549313613,100.88018774686,110.760233133139,170.402973262712,131.334645355097
"5",1972,"potato",32.8244426833503,98.6781044446872,90.943676460626,35.1884042834775,64.5735128100976,87.3096578688194,84.948427009228,72.9518569590289,42.2522482886417,68.8110791041672,41.12115163441,70.1457684265055,95.6084652387849,95.6084652387849,117.058243049636,41.1212459838711,39.7971124251849,67.4937403985246,84.72548821435,95.6084652387849,121.018086299749,116.697947210945
"6",1973,"beans",80.9616048893672,138.974070556023,110.217291889362,71.2395911115832,126.048099222695,128.040142778254,110.291586333811,131.455625111585,47.1505852227037,114.986970778254,126.696449889364,125.347229155834,125.741732460249,125.741732460249,126.461613176996,125.572519210767,102.315809646138,100.048670500339,98.6976398353792,125.741732460249,140.869125785416,139.972493635396
"7",1974,"wheat",37.5065322255314,129.188673925319,171.134210036648,91.6644618674635,75.3384956593978,113.760112839301,111.278205758926,130.431658753814,95.0513921784461,115.180992932145,41.4445891666485,75.9236720327638,109.530739247329,109.530739247329,141.515574635254,41.4445886636073,41.3007639998451,99.4939460387905,99.1123457464021,109.530739247329,167.996718480404,130.613496347461
"8",1975,"potato",31.0068999685477,96.8605617298851,89.1261337458239,33.3708615686749,62.7559700952946,85.4921151540173,83.1308842944259,71.1343142442259,40.4347055738391,66.9935363893651,39.3036089196069,65.7199435352073,89.5611242625438,89.5611242625438,110.155365706044,39.3036138105202,38.2002257944941,65.4215738762739,79.3813688124328,89.5611242625438,98.5242822080284,93.8425008884316
"9",1976,"beans",85.3160749027415,143.328540569397,114.571761902736,75.5940611249575,130.40256923607,132.394612791628,114.646056347185,135.810095124959,51.5050552360781,119.341440791628,131.050919902738,128.580096463918,128.244195751349,128.244195751349,128.336773406221,129.651281062359,102.64821020249,99.465183525956,97.9079698819231,128.244195751349,140.430544483169,138.181423323254
"10",1977,"wheat",37.6078849540218,129.290026653809,171.235562765139,91.7658145959539,75.4398483878881,113.861465567791,111.379558487416,130.533011482305,95.1527449069365,115.282345660636,41.5459418951389,75.3691034954116,108.359813054353,108.359813054353,139.788495831224,41.5459413372842,41.3634494161138,98.0154326192219,97.6002928967771,108.359813054353,177.075878117631,141.052572058587
"11",1978,"potato",29.1893572537451,95.0430190150825,87.3085910310204,31.5533188538723,60.938427380492,83.6745724392147,81.3133415796233,69.3167715294242,38.6171628590365,65.1759936745625,37.4860662048044,61.170719449087,83.1888735005503,83.1888735005503,102.628180959536,37.4860659187965,36.5872583676879,62.9048409258514,74.1500203438965,83.1888735005503,102.965202126376,99.3307177791226
"12",1979,"potato",28.5835096821438,94.4371714434812,86.7027434594191,30.947471282271,60.3325798088907,83.0687248676134,80.707494008022,68.7109239578229,38.0113152874352,64.5701461029612,36.880218633203,59.6351550173921,81.0898861544103,81.0898861544103,100.224483687826,36.8802204234309,36.0998623118773,62.5883900819756,70.9740801507441,81.0898861544103,85.7678287330972,82.0934878139374
"13",1980,"wheat",37.7092376825126,129.3913793823,171.336915493629,91.8671673244448,75.541201116379,113.962818296282,111.480911215907,130.634364210796,95.2540976354273,115.383698389127,41.6472946236297,74.8058815500831,106.871187326685,106.871187326685,137.266063715731,41.6472914049247,41.3108798798349,94.9145975077469,94.1442023337694,106.871187326685,162.302458736058,127.216634818145
"14",1982,"potato",26.7659669673408,92.6196287286782,84.8852007446169,29.129928567468,58.5150370940877,81.2511821528104,78.8899512932189,66.8933812430189,36.1937725726321,62.7526033881581,35.0626759184,54.9696152581614,74.1511885609347,74.1511885609347,91.5401770955499,35.0626870500842,34.5987504846105,60.804395677667,67.3413549773255,74.1511885609347,90.0528227150972,88.0307941468254
"15",1983,"wheat",37.8105904110034,129.492732110791,171.43826822212,91.9685200529356,75.6425538448698,114.064171024773,111.582263944398,130.735716939287,95.3554503639182,115.485051117617,41.7486473521206,74.255023207295,105.776927295044,105.776927295044,135.668695236295,41.7486144997694,41.4633227772826,94.757232364965,94.1481727642698,105.776927295044,148.471609407758,114.259096067348
"16",1985,"potato",24.9484242525377,90.8020860138751,83.067658029813,27.312385852665,56.6974943792846,79.4336394380073,77.0724085784159,65.0758385282168,34.3762298578291,60.9350606733551,33.245133203597,50.2940677162957,67.0935709542833,67.0935709542833,82.6806038460724,33.245131776062,32.9285970785074,56.97436532057,62.0558850553438,67.0935709542833,78.5228972949533,77.6712716938479
"17",1986,"wheat",28.971268680039,120.344118581725,208.670738269233,92.549424503441,64.0932492365537,103.343028441201,108.326687481572,191.336957517882,90.2100626553749,108.664851931764,28.7770084956271,70.1589900444132,110.328772564247,110.328772564247,216.318482493409,28.7770581504364,28.7770145075973,97.9361743752689,97.2816131153214,110.328772564247,219.567768022201,136.890981011438
"18",1987,"wheat",29.0050529228693,120.377902824555,208.704522512064,92.5832087462713,64.127033479384,103.376812684032,108.360471724402,191.370741760713,90.2438468982052,108.698636174594,28.8107927384574,69.9743460073033,110.153929755749,110.153929755749,216.997293406927,28.8108301894265,28.8107949766837,98.0263023639229,97.5203950494344,110.153929755749,204.194117032224,121.369179854624
"19",1988,"wheat",29.0388371656991,120.411687067385,208.738306754893,92.6169929891011,64.1608177222138,103.410596926862,108.394255967232,191.404526003543,90.277631141035,108.732420417424,28.8445769812872,69.7893866425017,109.900029203281,109.900029203281,217.133113672012,28.8445754014252,28.8445757098231,97.9484516490332,97.5330515775957,109.900029203281,196.629731957841,114.517751271975
"20",1990,"potato",12.9785119350781,78.5228818983134,117.169537490432,24.7626997166752,42.0175991844734,65.5819062679405,70.6862415290952,122.546488520316,26.1002515627907,50.9842709010063,17.1429037606084,38.9547444269154,60.7270321055377,60.7270321055377,116.453812934257,17.1429101165967,17.1429093362338,52.819369479498,57.0415266089428,60.7270321055377,106.646000064443,90.2224234133574
"21",1991,"wheat",29.1401898941899,120.513039795876,208.839659483384,92.7183457175919,64.2621704507047,103.511949655352,108.495608695723,191.505878732033,90.3789838695259,108.833773145915,28.9459297097781,69.2343761021078,108.599193168962,108.599193168962,213.08195860647,28.9459418987063,28.9459544421369,96.2182727736258,95.6261372750187,108.599193168962,215.583775236681,136.463845061809
"22",1992,"wheat",29.1739741370202,120.546824038706,208.873443726215,92.7521299604222,64.2959546935349,103.545733898183,108.529392938553,191.539662974864,90.4127681123561,108.867557388745,28.9797139526083,69.0493366141575,108.351500116889,108.351500116889,213.412760880642,28.9797470056188,28.9797606183479,96.1747890108879,95.6951349036284,108.351500116889,181.989694951068,101.870094941618
"23",1993,"wheat",29.2077583798505,120.580608281536,208.907227969045,92.7859142032525,64.3297389363652,103.579518141013,108.563177181384,191.573447217694,90.4465523551864,108.901341631575,29.0134981954386,68.8643635726567,108.054028844015,108.054028844015,213.334431864991,29.0134893878666,29.0133994768831,96.0119328865311,95.6035241096642,108.054028844015,213.485539904395,135.979496491661
"24",1995,"potato",9.94927407707382,75.4936440403091,114.140299632427,21.7334618586709,38.9883613264682,62.5526684099362,67.6570036710909,119.517250662312,23.0710137047859,47.955033043002,14.1136659026032,31.1614611554898,48.2093332773841,48.2093332773841,95.8450832969439,14.113676801289,14.1136659165002,44.475042679986,46.6207825453858,48.2093332773841,86.9007769280894,73.6639389060866
"25",1996,"wheat",29.3091111083413,120.681961010027,209.008580697536,92.8872669317433,64.4310916648561,103.680870869504,108.664529909875,191.674799946185,90.5479050836773,109.002694360066,29.1148509239295,68.3090255512719,106.79066194759,106.79066194759,209.172656010729,29.1148782702775,29.1148509436082,94.1606049420415,93.6346864053701,106.79066194759,206.614254582249,131.247532265828
"26",1997,"wheat",29.3428953511711,120.715745252857,209.042364940365,92.9210511745731,64.4648759076859,103.714655112334,108.698314152704,191.708584189015,90.5816893265071,109.036478602896,29.1486351667593,68.1243534791087,106.500228269664,106.500228269664,209.390896385196,29.148636933893,29.1486390533761,94.1026786461544,93.6606081346325,106.500228269664,215.066985955231,141.773069018563
"27",1998,"wheat",29.3766795940019,120.749529495688,209.076149183196,92.9548354174039,64.4986601505166,103.748439355164,108.732098395535,191.742368431845,90.6154735693378,109.070262845727,29.18241940959,67.9392530703178,106.175557060766,106.175557060766,209.236546768991,29.1824189972972,29.1824188953077,93.9307655909887,93.540871677314,106.175557060766,199.657242005327,126.818090723488
"28",1999,"oats",26.601750565269,103.651839321827,89.4388445095146,43.8491666325168,36.1877861583423,42.8668676346607,13.6640004761553,60.755629002075,41.8194361684429,11.1504460064896,29.0336248896931,34.5635888538159,40.0629450663269,40.0629450663269,55.9150221259392,29.0335751367007,28.1526998750307,35.4315300552573,36.4525222317517,40.0629450663269,121.597216607626,95.579416418938
"29",2000,"silage maize",14.9423860517682,63.3135376863527,65.8694350192637,0.589280211647422,29.6245986616546,43.4838881254174,14.4938966055071,31.9489475244698,10.724415028046,9.79320132761908,15.8606319848314,29.4869668370547,40.7189698541272,40.7189698541272,61.523025525191,15.8606319695632,14.2329393725727,19.6653106757133,28.0240479972311,40.7189698541272,64.1838368521006,48.9301915976988
"30",2001,"wheat",15.1598673935246,53.8282810366868,145.218934910841,79.3482677206638,43.6498264510783,74.1051909736592,102.036849186639,158.296185550081,71.418246119875,98.7212992327651,15.4226684759626,45.229094114317,75.0355100791704,75.0354940000127,160.23461313582,15.4226711735261,15.4226686171019,70.5884134351665,70.4255524658491,75.0354940000127,134.413278365202,54.848321297947
"31",2002,"wheat",19.7564084768278,92.7129561033021,198.045832665342,104.2252987726,50.1743963282025,85.8500492451057,138.308522485306,204.986076983181,106.828632392632,140.192937527147,20.531740388629,53.8837662559006,87.2174356228224,151.077363781161,180.557382054761,20.5318146496043,20.5317442655787,122.509376867344,121.744268956073,151.077363781161,152.29736322746,96.4545195388846
"32",2003,"wheat",19.7901927196581,92.7467403461324,198.079616908172,104.25908301543,50.2081805710327,85.883833487936,138.342306728136,205.019861226011,106.862416635463,140.226721769977,20.5655246314593,53.6989381687748,86.8174247722621,150.281052946301,179.593357067771,20.5655227028946,20.5655189498533,121.625689155624,120.874482615072,150.281052946301,150.940541564484,101.369219825969
"33",2004,"oats",15.8625205308972,74.4963070122438,77.289569074463,54.0006710705152,20.7445634188305,23.8495186074043,42.1214656487282,72.880378636213,56.9136360745398,41.1541617707119,19.2639869515344,20.8581396878913,22.452282856657,25.6406298046777,27.2347868812115,19.2639289045587,19.1915263297188,24.8891016162526,24.8785303046662,25.6406298046777,25.6406382210802,75.3480851674223
"34",2005,"silage maize",0.505558293250942,30.4604076526245,50.0225618600662,7.04318692550045,10.4837781979982,20.7689413740156,39.2537640539342,40.3760994344637,22.1210172099975,36.0993193676955,2.39339632252815,11.481873303285,20.2434867029286,36.448394727516,39.9910972180202,2.39339892587902,2.39340180664081,19.2054122173866,26.5127625385179,36.448394727516,35.2022083322929,27.4978319119308
"35",2006,"wheat",19.8915454481489,92.8480930746232,198.180969636663,104.360435743921,50.3095332995236,85.9851862164268,138.443659456627,205.121213954502,106.963769363954,140.328074498468,20.6668773599502,53.1439419930586,85.6193468634904,148.233190778712,176.972668622708,20.6668880629237,20.6668870221836,120.543830780239,119.799034635597,148.233190778712,148.617490453952,89.3023018925684
"36",2007,"wheat",28.1829143415753,104.337013871267,196.872552572387,119.679505590147,59.1093732178124,94.6066447662642,144.822977119945,209.681374762319,112.133907102809,149.285264650265,29.32550318059,62.4518578789146,95.4766784213115,158.561878326273,186.641998739358,29.325597521999,29.3255522109744,125.336659823778,124.470234302132,158.561878326273,158.645068205649,99.1408882805337
"37",2008,"wheat",28.2166985844055,104.370798114097,196.906336815217,119.713289832978,59.1431574606427,94.6404290090944,144.856761362775,209.715159005149,112.16769134564,149.319048893096,29.3592874234203,62.2670753884249,95.0528279262201,157.748633662125,185.298725369278,29.3592874104035,29.3592788377009,124.314215346916,123.452509153776,157.748633662125,157.645626627503,86.1716659749307
"38",2009,"oats",23.1362832356181,84.9676216201818,74.9635458214806,68.302134728036,28.5267971484138,31.4533709685362,47.4831771233408,76.4229332553243,61.0661676246902,49.0937457338039,26.9050065834688,29.961258456328,33.017507933413,39.1264088743376,41.9896052672423,26.904973783845,26.2522528289322,34.4098893240279,35.5672257625431,39.1264088743376,39.1226574732783,81.1792902502803
"39",2010,"silage maize",4.08172327382636,37.2341245364175,43.9989408829397,17.6470528588758,14.5684142034356,24.6751960110016,40.9178778044017,40.2210563294291,22.5759510360024,40.3413056066425,6.33681823031658,15.459061362162,23.7182730120768,39.7202928073965,41.5431922302229,6.33684051903092,6.32222067296241,18.743894917999,26.8755774431785,39.7202928073965,37.6846954156215,38.7386443888191
"40",2011,"wheat",28.3180513128964,104.472150842588,197.007689543708,119.814642561469,59.2445101891335,94.7417817375853,144.958114091266,209.81651173364,112.269044074131,149.420401621586,29.4606401519111,61.7120240457216,93.8950941044771,155.675940755122,183.279980765711,29.4606522794134,29.4602910619249,123.210302246177,122.294825591369,155.675940755122,155.693868884673,84.3523553341881
"41",2012,"wheat",28.3518355557267,104.505935085418,197.041473786538,119.848426804299,59.2782944319638,94.7755659804156,144.991898334096,209.85029597647,112.302828316961,149.454185864417,29.4944243947414,61.5268699375845,93.457198525397,154.843256702496,181.607133245395,29.4944244203825,29.4931544012656,122.037610089094,121.14231126397,154.843256702496,154.533573620866,107.392986515325
"42",2013,"wheat",28.3856197985565,104.539719328248,197.075258029368,119.882211047129,59.3120786747937,94.8093502232454,145.025682576926,209.8840802193,112.336612559791,149.487970107247,29.5282086375712,61.3419608395448,93.0356607851844,154.036543788621,180.316493995615,29.5282086374221,29.5257886876513,121.013047637451,120.129722575542,154.036543788621,153.565152465874,113.877537058634
"43",2014,"oats",22.1524612897415,83.9837996743052,73.9797238756041,67.3183127821595,27.5429752025372,30.4695490226596,46.4993551774642,75.4391113094478,60.0823456788136,48.1099237879273,25.9211846375922,29.5711907313538,33.221188585397,40.514004864109,43.8039938504616,25.9211786497434,25.3098655476896,34.9701048681361,36.362107872063,40.514004864109,40.4790418037848,84.6536850486317
"44",2015,"silage maize",-0.599696396195213,32.552704866396,39.3175212129182,12.9656331888542,9.88699453341407,19.99377634098,36.2364581343802,35.5396366594075,17.8945313659808,35.6598859366209,1.65539856029501,9.98190259783844,18.0836718955427,33.5094242782053,36.6099103145612,1.65538684381628,1.65539264569152,18.3013096179334,24.4865444940333,33.5094242782053,32.0228387977778,33.2707865168356
