"","Year","Crop","Control","FYM","FYMN","FYMNK","FYMNP","FYMNPK","FYMNPKMg","FYMPK","N","NK","NP","NPK","NPKMg","PK","pred_N_UP_NPK","pred_N_UP_PK","pred_N_UP_NK","pred_N_UP_Control","pred_N_UP_N","pred_N_UP_NP","pred_N_UP_NPKMg","pred_N_UP_FYMNPK","pred_N_UP_FYM","pred_N_UP_FYMPK","pred_N_UP_FYMNK","pred_N_UP_FYMNP","pred_N_UP_FYMNPKMg"
"1",1961,"potato",27.7666723658402,56.3889315068926,98.0175731051532,104.627911747425,100.210878511103,102.388170694788,99.304061380051,56.7122459832094,53.5906739401532,75.9450728474196,59.424525154788,73.2371204189985,81.6261056989986,30.2056593789986,63.2757163137298,30.2056594051385,62.4106822057058,30.2056600639253,62.4107279349232,63.2741940911939,63.2757163137298,68.2182692738785,32.6878807291583,32.6878815347713,67.5500461301638,68.2182781286454,68.2182692738785
"2",1962,"rye",24.4448595088647,39.4260797864839,88.4473480760134,88.3080410345791,94.7191116693409,91.4902908250552,91.0991868574362,42.536852774103,74.0378958390132,81.804409411722,78.9248789055315,84.4353108545791,86.7075398474363,31.2843872793411,48.500327030625,31.2843851349801,48.5003275322777,31.2843726136155,48.5003325843418,48.5003344299478,48.500327030625,48.5003264962863,31.2842983824479,31.2843790286809,48.5003297265249,48.5003287218374,48.5003264962863
"3",1963,"oats",19.5321857763282,28.4631659304452,69.9513960639748,73.844601088092,75.3608643210332,75.8524043522097,74.1936501163274,31.0484457904452,52.5215129855671,61.9181831016217,55.8116164386805,62.4493447069158,65.350890607504,22.908143489857,49.5175162870423,22.9081436871858,49.2753475556573,22.9081483313477,49.2752999358823,49.5175209322664,49.5175162870423,49.5617465204405,22.9081495142435,22.908145512029,49.5218272426503,49.5617454283204,49.5617465204405
"4",1964,"potato",27.4021378340524,56.0243969751048,97.6530385733654,104.263377215637,99.8463439793155,102.023636163,98.9395268482632,56.3477114514216,53.2261394083654,75.5805383156318,59.0599906230002,72.8725858872107,81.2615711672108,29.8411248472108,63.1129171458325,29.8411318803891,62.0441978420851,29.8411254845827,62.0441965582099,62.9571588963923,63.1129171458325,72.2320204222865,36.4838787157351,36.4838791580689,71.3113301840329,72.2320678701814,72.2320204222865
"5",1965,"rye",24.673277624766,39.6544979023852,88.6757661919147,88.5364591504805,94.9475297852422,91.7187089409565,91.3276049733375,42.7652708900043,74.2663139549146,82.0328275276234,79.1532970214329,84.6637289704804,86.9359579633376,31.5128053952424,49.6432659010422,31.5127944828943,49.6432640902826,31.5127887591229,49.6432638631952,49.6432638837948,49.6432659010422,49.6432637951802,31.512798741279,31.512805394039,49.6432638254485,49.6432645298697,49.6432637951802
"6",1966,"oats",19.6341697815805,28.5651499356976,70.0533800692272,73.9465850933443,75.4628483262856,75.954388357462,74.2956341215798,31.1504297956976,52.6234969908194,62.020167106874,55.9136004439328,62.5513287121681,65.4528746127563,23.0101274951093,51.3704081924188,23.0101292609686,51.0104101115301,23.0101299757388,51.0103990072313,51.3703443726648,51.3704081924188,51.4330516241022,23.0101283804641,23.0101289815023,51.3809479273162,51.4330520980623,51.4330516241022
"7",1967,"potato",27.0376033022646,55.6598624433171,97.2885040415777,103.89884268385,99.4818094475278,101.659101631212,98.5749923164755,55.9831769196338,52.8616048765776,75.216003783844,58.6954560912125,72.508051355423,80.897036635423,29.4765903154231,62.8889059805009,29.4765903431341,61.6772382661089,29.4765903155246,61.6772305049221,62.5373200784868,62.8889059805009,76.1868243532855,40.2798668087341,40.2798756283822,75.0174247815998,76.1868552195688,76.1868243532855
"8",1968,"rye",24.9016957406674,39.8829160182866,88.9041843078161,88.7648772663818,95.1759479011436,91.9471270568578,91.5560230892388,42.9936890059057,74.4947320708159,82.2612456435247,79.3817151373342,84.8921470863818,87.164376079239,31.7412235111438,50.7862021728156,31.7412210753522,50.7862055129482,31.7412171161807,50.7862360195253,50.7862433297304,50.7862021728156,50.7862127198994,31.7412235032568,31.7412235104515,50.7862028231654,50.7862059366953,50.7862127198994
"9",1969,"oats",19.7361537868329,28.6671339409499,70.1553640744795,74.0485690985967,75.5648323315379,76.0563723627144,74.3976181268321,31.2524138009499,52.7254809960718,62.1221511121264,56.0155844491852,62.6533127174204,65.5548586180087,23.1121115003617,53.2139052879997,23.1121121554476,52.7177527329201,23.1121144934703,52.7177439923217,53.2034660963482,53.2139052879997,53.304348876024,23.1121126507448,23.1121115451933,53.2344134073297,53.3043605792402,53.304348876024
"10",1970,"potato",26.6730687704768,55.2953279115293,96.9239695097899,103.534308152062,99.11727491574,101.294567099425,98.2104577846877,55.618642387846,52.4970703447898,74.8514692520562,58.3309215594247,72.1435168236352,80.5325021036352,29.1120557836353,62.6314817135497,29.1120558091649,61.3101314864216,29.1120632951604,61.3101278394122,62.1007263307803,62.6314817135497,80.0973412469764,44.075876960303,44.0758766998052,78.6668781285734,80.0973635200357,80.0973412469764
"11",1971,"rye",25.1301138565687,40.1113341341879,89.1326024237174,88.9932953822832,95.4043660170449,92.1755451727592,91.7844412051402,43.222107121807,74.7231501867172,82.489663759426,79.6101332532356,85.1205652022831,87.3927941951403,31.9696416270451,51.9291396681443,31.9696410736062,51.9291541079833,31.9696182297511,51.9291398264859,51.9291397947402,51.9291396681443,51.92913968929,31.9696238096754,31.9696371920133,51.9291406855101,51.9291484557333,51.92913968929
"12",1972,"oats",19.8381377920852,28.7691179462023,70.2573480797319,74.150553103849,75.6668163367903,76.1583563679667,74.4996021320844,31.3543978062023,52.8274650013241,62.2241351173787,56.1175684544375,62.7552967226728,65.656842623261,23.214095505614,55.0483980843704,23.2140977509664,54.3968085165894,23.2140962656054,54.3967947993802,55.0069655102913,55.0483980843704,55.17566547211,23.2140988906641,23.2141029352511,55.0814686330573,55.1756559158209,55.17566547211
"13",1973,"potato",26.308534238689,54.9307933797415,96.5594349780021,103.169773620274,98.7527403839522,100.930032567637,97.8459232528999,55.2541078560582,52.132535813002,74.4869347202684,57.9663870276369,71.7789822918474,80.1679675718474,28.7475212518475,62.3542187486856,28.7475230727919,60.943073790844,28.747522990996,60.943083627152,61.6587606640022,62.3542187486856,83.9709217399813,47.8718414428821,47.8718593111762,82.2583122158176,83.9708869287517,83.9709217399813
"14",1974,"rye",25.35853197247,40.3397522500892,89.3610205396187,89.2217134981845,95.6327841329462,92.4039632886605,92.0128593210415,43.4505252377083,74.9515683026185,82.7180818753273,79.8385513691369,85.3489833181844,87.6212123110416,32.1980597429464,53.0720830558816,32.1980189989901,53.0720785604019,32.1980500308745,53.0720794870036,53.072079948825,53.0720830558816,53.0720849495066,32.1980358489735,32.1980460182689,53.0720784662171,53.072085249457,53.0720849495066
"15",1975,"oats",19.9401217973376,28.8711019514546,70.3593320849842,74.2525371091014,75.7688003420426,76.2603403732191,74.6015861373368,31.4563818114546,52.9294490065765,62.326119122631,56.2195524596899,62.8572807279251,65.7588266285134,23.3160795108664,56.874141873461,23.3160796041261,56.0470165759245,23.3160807256638,56.0470293176035,56.7885046773154,56.874141873461,57.0469836852599,23.3160819862214,23.3160799658768,56.9210582734075,57.0469583034968,57.0469836852599
"16",1976,"potato",25.9439997069013,54.5662588479538,96.1949004462144,102.805239088486,98.3882058521644,100.565498035849,97.4813887211122,54.8895733242705,51.7680012812143,74.1224001884807,57.6018524958491,71.4144477600596,79.8034330400597,28.3829867200597,62.0641190237341,28.3829867512055,60.5761348517308,28.3829971257571,60.5761393909927,61.2142179085948,62.0641190237341,87.811559708006,51.661922828553,51.6678669281444,85.7903261852641,87.8116029723201,87.811559708006
"17",1977,"rye",25.5869500883714,40.5681703659906,89.5894386555201,89.4501316140858,95.8612022488476,92.6323814045618,92.2412774369428,43.6789433536097,75.1799864185199,82.9464999912287,80.0669694850382,85.5774014340858,87.849630426943,32.4264778588477,54.2150686001478,32.4264664763622,54.2150162082454,32.4264329519382,54.2150251353885,54.2150245351319,54.2150686001478,54.2150160632004,32.4264431987392,32.4264584353646,54.2150178172001,54.2150189417458,54.2150160632004
"18",1978,"oats",20.0421058025899,28.973085956707,70.4613160902365,74.3545211143537,75.870784347295,76.3623243784714,74.7035701425891,31.558365816707,53.0314330118288,62.4281031278834,56.3215364649422,62.9592647331775,65.8608106337657,23.4180635161187,58.6915639983263,23.4180668626099,57.6678612162586,23.4180635949723,57.6678583407058,58.5489256152713,58.6915639983263,58.9182587422345,23.418088060937,23.4180706312035,58.7527317771056,58.9183167674887,58.9182587422345
"19",1979,"potato",30.663882699849,59.2861418409015,100.914783439162,107.525122081434,103.108088845112,105.285381028797,102.20127171406,59.6094563172182,56.487884274162,78.8422831814284,62.3217354887968,76.1343307530073,84.5233160330074,33.1028697130074,79.3275996043129,33.1028727267235,75.6476327078622,33.1028715267744,75.6481121688326,77.3769571691795,79.3275996043129,108.203279613327,60.3504289829395,60.5480419629923,104.156453500769,108.203472280756,108.203279613327
"20",1980,"rye",30.8997857290082,45.8810060066274,94.9022742961569,94.7629672547227,101.174037889484,97.9452170451987,97.5541130775797,48.9917789942465,80.4928220591567,88.2593356318655,85.3798051256751,90.8902370747226,93.1624660675798,37.7393134994846,91.3993167989711,37.7392239782072,89.0869248215484,37.7393038507988,89.0876670098243,90.8083366689462,91.3993167989711,91.9087101084782,37.7393121148406,37.7393035855318,91.6038128225014,91.9087632593203,91.9087101084782
"21",1981,"oats",25.2285073325778,34.1594874866948,75.6477176202244,79.5409226443416,81.0571858772828,81.5487259084593,79.889971672577,36.7447673466948,58.2178345418167,67.6145046578713,61.5079379949301,68.1456662631654,71.0472121637536,28.6044650461066,66.047437810182,28.6044650892251,64.2736082804189,28.6044661489571,64.2740333919064,65.8501244340943,66.047437810182,66.6900941891534,28.6044857333404,28.6044663977723,66.170667488817,66.6811799469815,66.6900941891534
"22",1982,"potato",30.2993481680612,58.9216073091137,100.550248907374,107.160587549646,102.743554313324,104.920846497009,101.836737182272,59.2449217854304,56.1233497423742,78.4777486496406,61.957200957009,75.7697962212196,84.1587815012196,32.7383351812196,79.0953138659054,32.7383496402198,75.2275377239171,32.7383452796758,75.2289162718299,76.724499055398,79.0953138659054,111.881236305319,63.9973060193828,64.3403626986946,107.315780774892,111.782368580787,111.881236305319
"23",1983,"rye",31.1282038449096,46.1094241225288,95.1306924120583,94.991385370624,101.402456005386,98.1736351611,97.782531193481,49.2201971101479,80.7212401750581,88.4877537477669,85.6082232415764,91.118655190624,93.3908841834812,37.967731615386,93.6540677391228,37.9677241830794,90.9312632000692,37.9676862537544,90.9326616089352,92.8472058440145,93.6540677391228,94.2710599190743,37.9677231405055,37.9677305212928,93.8863634286077,94.2672029660328,94.2710599190743
"24",1984,"oats",25.3304913378301,34.2614714919472,75.7497016254768,79.6429066495939,81.1591698825352,81.6507099137116,79.9919556778294,36.8467513519472,58.319818547069,67.7164886631236,61.6099220001824,68.2476502684177,71.1491961690059,28.7064490513589,67.8056514766859,28.7064497041393,65.7366558672526,28.7064539292312,65.7375678006058,67.4996686597289,67.8056514766859,68.5489680976047,28.7064538324898,28.706453840745,67.9419923344371,68.5102042916296,68.5489680976047
"25",1985,"potato",29.9348136362735,58.5570727773259,100.185714375587,106.796053017858,102.379019781537,104.556311965221,101.472202650484,58.8803872536427,55.7588152105865,78.1132141178528,61.5926664252213,75.4052616894318,83.7942469694319,32.3738006494319,78.8657366887506,32.3738218595531,74.8212357954241,32.3738046399162,74.823554381879,76.1330432532323,78.8657366887506,115.539238313497,67.6023091499453,68.1174858296616,110.416932373135,115.111193285613,115.539238313497
"26",1986,"rye",31.3566219608109,46.3378422384301,95.3591105279596,95.2198034865254,101.630874121287,98.4020532770014,98.0109493093824,49.4486152260492,80.9496582909594,88.7161718636682,85.8366413574778,91.3470733065253,93.6193022993825,38.1961497312873,95.9032310683206,38.1961239282696,92.7369687031047,38.1961490896186,92.7395024524516,94.8612037119684,95.9032310683206,96.6333506707056,38.1959968919201,38.1961147474961,96.1577887596666,96.6086276856743,96.6333506707056
"27",1987,"oats",25.4324753430825,34.3634554971995,75.8516856307291,79.7448906548463,81.2611538877875,81.752693918964,80.0939396830817,36.9487353571995,58.4218025523214,67.818472668376,61.7119060054348,68.34963427367,71.2511801742583,28.8084330566113,69.5587434936506,28.8084364811402,67.170329292173,28.8084345198439,67.1718617346679,69.1293292927196,69.5587434936506,70.4058313664559,28.808433486344,28.8084376096472,69.7030731645472,70.3271054376591,70.4058313664559
"28",1988,"potato",29.5702791044857,58.1925382455381,99.8211798437987,106.431518486071,102.014485249749,104.191777433433,101.107668118697,58.5158527218549,55.3942806787987,77.7486795860651,61.2281318934335,75.040727157644,83.4297124376441,32.0092661176441,78.6345638227462,32.0092694287957,74.4230279044094,32.0092711573562,74.4262853236348,75.5560943190203,78.6345638227462,119.173096194833,71.1648117473751,71.8749493137644,113.45401525203,118.223200415047,119.173096194833
"29",1989,"rye",31.5850400767122,46.5662603543314,95.5875286438609,95.4482216024267,101.859292237188,98.6304713929027,98.2393674252837,49.6770333419505,81.1780764068607,88.9445899795695,86.0650594733791,91.5754914224266,93.8477204152838,38.4245678471886,98.1460293522223,38.4244285818696,94.5013191708723,38.4245665056248,94.5049646112965,96.8375962078802,98.1460293522223,98.9955724280758,38.4244722409724,38.4245614012653,98.4167526144698,98.9324854149808,98.9955724280758
"30",1990,"oats",25.5344593483348,34.4654395024519,75.9536696359814,79.8468746600986,81.3631378930399,81.8546779242163,80.195923688334,37.0507193624519,58.5237865575737,67.9204566736283,61.8138900106871,68.4516182789224,71.3531641795106,28.9104170618636,71.3061285867178,28.9104185829942,68.5728098758224,28.9104179052636,68.5750483179255,70.7332646294277,71.3061285867178,72.2603613559853,28.9104254639291,28.9104200958863,71.4531123612145,72.1330931676664,72.2603613559853
"31",1991,"potato",29.2057445726979,57.8280037137503,99.4566453120109,106.066983954283,101.649950717961,103.827242901646,100.743133586909,58.1513181900671,55.0297461470109,77.3841450542773,60.8635973616457,74.6761926258562,83.0651779058563,31.6447315858563,78.3996645997902,31.6447321757799,74.0296420460955,31.6447531267827,74.0338151204008,74.9808648562241,78.3996645997902,122.781156954244,74.6842358821207,75.6128094700352,116.423751995833,121.238426520834,122.781156954244
"32",1992,"rye",31.8134581926136,46.7946784702328,95.8159467597623,95.676639718328,102.08771035309,98.858889508804,98.467785541185,49.9054514578519,81.4064945227621,89.1730080954709,86.2934775892804,91.803909538328,94.0761385311852,38.6529859630899,100.38192712126,38.652973313724,96.2220260951373,38.6529664803102,96.2269719568246,98.7711426247373,100.38192712126,101.357817327372,38.652956539508,38.6528756296983,100.66247265076,101.239540777007,101.357817327372
"33",1993,"oats",25.6364433535872,34.5674235077042,76.0556536412338,79.948858665351,81.4651218982922,81.9566619294687,80.2979076935864,37.1527033677042,58.6257705628261,68.0224406788807,61.9158740159395,68.5536022841747,71.455148184763,29.012401067116,73.0474176261573,29.0124022321656,69.9426595524923,29.0124019699529,69.9457257829236,72.3087985274658,73.0474176261573,74.112375943507,29.0124213417562,29.0124527211661,73.1916078071465,73.9277837245092,74.112375943507
"34",1994,"potato",28.8412100409101,57.4634691819626,99.0921107802232,105.702449422495,101.285416186173,103.462708369858,100.378599055121,57.7867836582793,54.6652116152231,77.0196105224895,60.499062829858,74.3116580940685,82.7006433740685,31.2801970540686,78.1598917252774,31.2801978191536,73.6392214877362,31.2802132411803,73.6443453460358,74.4039552053013,78.1598917252774,126.362236949312,78.1600296424612,79.3313196290864,119.324362679724,124.169824203971,126.362236949312
"35",1995,"rye",32.0418763085149,47.0230965861341,96.0443648756636,95.9050578342294,102.316128468991,99.0873076247053,98.6962036570864,50.1338695737532,81.6349126386634,89.4014262113722,86.5218957051817,92.0323276542293,94.3045566470865,38.8814040789913,102.610771864692,38.8814040712854,97.897348188738,38.881341484909,97.9040637704957,100.658948786067,102.610771864692,103.720245751082,38.8813947954637,38.8814021875974,102.8941519715,103.529911501476,103.720245751082
"36",1996,"oats",25.7384273588395,34.6694075129566,76.1576376464861,80.0508426706033,81.5671059035446,82.058645934721,80.3998916988387,37.2546873729566,58.7277545680784,68.124424684133,62.0178580211918,68.6555862894271,71.5571321900153,29.1143850723683,74.7824830932421,29.1143865653683,71.2787404217551,29.1143851674022,71.2827839353805,73.8542091415842,74.7824830932421,75.9616137147398,29.1143873145766,29.1143908996665,74.9181634968388,75.7108764168752,75.9616137147398
"37",1997,"potato",28.4766755091223,57.0989346501748,98.7275762484354,105.337914890707,100.920881654385,103.09817383807,100.014064523333,57.4222491264915,54.3006770834353,76.6550759907017,60.1345282980702,73.9471235622807,82.3361088422807,30.9156625222808,77.9148034905512,30.9156625302595,73.250770334231,30.9156664658183,73.2570261084903,73.8244505184369,77.9148034905512,129.916348696018,81.5920206990088,83.0306336400903,122.155097684786,127.016205166353,129.916348696018
"38",1998,"rye",32.2702944244162,47.2515147020354,96.272782991565,96.1334759501307,102.544546584892,99.3157257406067,98.9246217729877,50.3622876896545,81.8633307545648,89.6298443272736,86.7503138210831,92.2607457701307,94.5329747629878,39.1098221948926,104.83225593122,39.1098033982502,99.5261837283614,39.1098219587776,99.534557379101,102.498238105266,104.83225593122,106.082398452257,39.1098218748939,39.1098140622189,105.111398005638,105.803560808559,106.082398452257
"39",1999,"oats",25.8404113640919,34.7713915182089,76.2596216517385,80.1528266758557,81.6690899087969,82.1606299399733,80.5018757040911,37.3566713782089,58.8297385733308,68.2264086893854,62.1198420264442,68.7575702946794,71.6591161952677,29.2163690776207,76.5111814157561,29.2163699868064,72.5800980378304,29.2163721735692,72.5852938380941,75.3680213302747,76.5111814157561,77.8080790175522,29.2163716615721,29.2163829789111,76.6324396257972,77.4822020503284,77.8080790175522
"40",2000,"potato",28.1121409773345,56.734400118387,98.3630417166476,104.97338035892,100.556347122598,102.733639306282,99.6495299915454,57.0577145947037,53.9361425516475,76.2905414589139,59.7699937662824,73.5825890304929,81.9715743104929,30.551127990493,77.6642337317882,30.5511478287875,72.8637218762367,30.5511301051836,72.8709073339983,73.2421393285239,77.6642337317882,133.443640650565,84.9797968063931,86.7111989148829,124.915746719726,129.774664788956,133.443640650565
"41",2001,"rye",32.4987125403176,47.4799328179368,96.5012011074663,96.361894066032,102.772964700794,99.544143856508,99.153039888889,50.5907058055559,82.0917488704661,89.8582624431749,86.9787319369844,92.489163886032,94.7613928788892,39.3382403107939,107.046414364101,39.338237502855,101.107148276843,39.3382385588685,101.118083726385,104.288006724809,107.046414364101,108.443661781839,39.3381789715566,39.3381714366189,107.313881453502,108.060222537387,108.443661781839
"42",2002,"oats",25.9423953693442,34.8733755234612,76.3616056569908,80.254810681108,81.7710739140493,82.2626139452257,80.6038597093434,37.4586553834612,58.9317225785831,68.3283926946377,62.2218260316965,68.8595542999318,71.76110020052,29.318353082873,78.2335665378122,29.3183549747901,73.8458966869714,29.3183530842632,73.8529738685171,76.8487898082127,78.2335665378122,79.6517494477062,29.3183543844733,29.3184130467789,78.334277608197,79.2415530582249,79.6517494477062
"43",2003,"potato",27.7476064455467,56.3698655865992,97.9985071848598,104.608845827132,100.19181259081,102.369104774494,99.2849954597575,56.6931800629159,53.5716080198597,75.9260069271261,59.4054592344945,73.218054498705,81.6070397787051,30.1865934587051,77.4082457276393,30.1866044602863,72.4776385307319,30.1865995005231,72.4865724963794,72.6568986930489,77.4082457276393,136.944616150187,88.3234562944218,90.3732924432222,127.606507940507,132.442748842686,136.944616150187
"44",2004,"rye",32.7271306562189,47.7083509338381,96.7296192233676,96.5903121819333,103.001382816695,99.7725619724094,99.3814580047904,50.8191239214572,82.3201669863674,90.0866805590762,87.2071500528858,92.7175820019333,94.9898109947905,39.5666584266953,109.253263830617,39.5666442183893,102.639157645462,39.5666514152323,102.654037219788,106.024950284378,109.253263830617,110.80298615594,39.5666564417435,39.5666492444206,109.501063287288,110.300140458258,110.80298615594
"45",2005,"oats",26.0443793745966,34.9753595287136,76.4635896622432,80.3567946863603,81.8730579193016,82.364597950478,80.7058437145958,37.5606393887136,59.0337065838355,68.43037669989,62.3238100369488,68.9615383051841,71.8630842057723,29.4203370881253,79.9496375513469,29.4203370963468,75.0753560771967,29.4203372481685,75.0857728054618,78.2950438445055,79.9496375513469,81.4923756348452,29.420342616144,29.4203374449072,80.0239297742728,80.9886593311971,81.4923756348452
"46",2006,"potato",27.383071913759,56.0053310548114,97.6339726530721,104.244311295344,99.8272780590221,102.004570242707,98.9204609279698,56.3286455311281,53.2070734880719,75.5614723953383,59.0409247027068,72.8535199669173,81.2425052469173,29.8220589269174,77.1468950228401,29.8220814756137,72.0925536759298,29.8221280835434,72.083679132316,72.0688461938701,77.1468950228401,140.420324182207,91.622959590977,94.0172952565221,130.22774289105,135.01848406724,140.420324182207
"47",2007,"rye",32.9555487721202,47.9367690497394,96.9580373392689,96.8187302978347,103.229800932596,100.000980088311,99.6098761206917,51.0475420373585,82.5485851022687,90.3150986749775,87.4355681687871,92.9460001178346,95.2182291106918,39.7950765425966,111.452779882807,39.7950593534175,104.121162285626,39.7950183677998,104.14224460275,107.707205920567,111.452779882807,113.160430466675,39.7950573092577,39.7950758188225,111.673726230573,112.522771182184,113.160430466675
"48",2008,"oats",26.1463633798489,35.0773435339659,76.5655736674955,80.4587786916127,81.9750419245539,82.4665819557304,80.8078277198481,37.6626233939659,59.1356905890878,68.5323607051424,62.4257940422012,69.0635223104365,71.9650682110247,29.5223210933777,81.65931633053,29.5222572945685,76.2677576463066,29.522253498468,76.2829774009435,79.7049696182811,81.65931633053,83.3295382631272,29.5222440609944,29.5223202871771,81.7006325514026,82.7231060288547,83.3295382631272
