"","Year","Crop","Control","FYM","FYMN","FYMNK","FYMNP","FYMNPK","FYMNPKMg","FYMPK","N","NK","NP","NPK","NPKMg","PK","pred_K_UP_NPK","pred_K_UP_PK","pred_K_UP_NK","pred_K_UP_Control","pred_K_UP_N","pred_K_UP_NP","pred_K_UP_NPKMg","pred_K_UP_FYMNPK","pred_K_UP_FYM","pred_K_UP_FYMPK","pred_K_UP_FYMNK","pred_K_UP_FYMNP","pred_K_UP_FYMNPKMg"
"1",1961,"potato",67.7175417708172,126.579335010816,143.692125031605,178.85423324663,158.709151626083,177.427869790294,176.606774530818,133.367154395028,70.4079004449379,139.641852490818,85.5169197871341,134.254536629766,144.852932309766,83.4620803981867,108.243649393564,65.0141475577336,104.187338955902,63.4349530119554,83.5394820536935,83.5394706346611,108.243649393564,132.336233765395,71.2189329939405,71.2196603038086,128.735238510943,111.512485229314,132.336233765395
"2",1962,"rye",28.1733599784981,38.9169841460228,71.6948842939346,83.0571891194513,78.0850482542132,85.8783746432606,86.6409632051655,44.4395831380227,50.3570525519344,74.2715488818323,56.8291014742132,77.1002640108798,80.4136200689752,34.7252602170704,45.5003453234968,28.2843874272883,45.5003617537022,28.2843882910676,43.7206444222141,43.7206438384665,45.5003453234968,45.500339781706,28.2843934118436,28.2843878485209,45.5004107097383,45.5003705394483,45.500339781706
"3",1963,"oats",33.3348063438764,45.5956080711099,73.1143745187568,96.5263250893439,83.8164014864034,103.556207120521,101.838622586403,51.3495381064036,44.7406958119103,77.4031340481684,53.337865892286,80.7248715999331,86.6191411916978,40.7098145993449,62.798155061601,28.8622162378604,62.8826916453537,28.8622391682752,51.3288781641698,51.3288913575234,62.798155061601,67.9807707710491,28.8622381300084,28.8622229577726,68.0238693447898,61.4864647304959,67.9807707710491
"4",1964,"potato",63.6988496574668,122.560642897466,139.673432918254,174.835541133279,154.690459512732,173.409177676943,172.588082417468,129.348462281678,66.3892083315874,135.623160377468,81.4982276737836,130.235844516415,140.834240196415,79.4433882848363,110.347848568454,64.1026623820105,105.474119228929,62.9008983785639,82.9881497411326,82.9881453533335,110.347848568454,140.244813521174,80.660079372583,80.7096821285126,134.328091621902,116.068888789966,140.244813521174
"5",1965,"rye",26.9962334682976,37.7398576358224,70.5177577837342,81.8800626092509,76.9079217440127,84.7012481330602,85.463836694965,43.2624566278223,49.179926041734,73.0944223716319,55.6519749640128,75.9231375006794,79.2364935587747,33.5481337068699,46.6432849467786,28.5128060400016,46.6432677136966,28.5128063781957,44.2358728800615,44.2358731442226,46.6432849467786,46.6432640232396,28.5128057883839,28.5128053953151,46.6432644484932,46.6432710230856,46.6432640232396
"6",1966,"oats",31.2295468945715,43.490348621805,71.0091150694519,94.421065640039,81.7111420370986,101.450947671216,99.7333631370985,49.2442786570987,42.6354363626054,75.2978745988636,51.2326064429811,78.6196121506282,84.513881742393,38.60455515004,64.6465503936301,29.0152005755837,64.7622526934592,29.0152040323393,51.4090503119427,51.4090615004917,64.6465503936301,70.7553090221196,29.0151943069068,29.0151965087952,70.8170209262931,63.3150384822237,70.7553090221196
"7",1967,"potato",59.6801575441164,118.541950784115,135.654740804904,170.816849019929,150.671767399382,169.390485563593,168.569390304117,125.329770168327,62.370516218237,131.604468264117,77.4795355604332,126.217152403065,136.815548083065,75.4246961714859,111.167040769727,63.1914753671096,105.816055351083,62.121282107965,81.7383582527965,81.738362653468,111.167040769727,146.186399626807,89.7805119585718,90.1996724181769,138.365645843323,118.85908978434,146.186399626807
"8",1968,"rye",25.8191069580969,36.5627311256216,69.3406312735334,80.7029360990501,75.730795233812,83.5241216228595,84.2867101847643,42.0853301176215,48.0027995315333,71.9172958614311,54.4748484538121,74.7460109904786,78.059367048574,32.3710071966692,47.7862049949196,28.7412236316594,47.7862363110688,28.7412238275662,44.5519457057129,44.5519444856905,47.7862049949196,47.7863127474929,28.7412235115218,28.7412235111736,47.7862131810761,47.786231062018,47.7863127474929
"9",1969,"oats",29.1242874452664,41.3850891724999,68.9038556201468,92.3158061907339,79.6058825877935,99.3456882219113,97.6281036877934,47.1390192077936,40.5301769133003,73.1926151495585,49.127346993676,76.5143527013231,82.4086222930879,36.4992957007349,66.2236687921333,29.1681708658067,66.3724081039666,29.168183379718,51.2377820193861,51.2377928801883,66.2236687921333,73.3284587608875,29.1681709144628,29.1681674014027,73.4239155043315,64.6802600663483,73.3284587608875
"10",1970,"potato",55.6614654307659,114.523258670765,131.636048691553,166.798156906579,146.653075286031,165.371793450242,164.550698190767,121.311078054977,58.3518241048866,127.585776150767,73.4608434470828,122.198460289715,132.796855969714,71.4060040581355,111.60136725529,62.2801391616182,105.870665377752,61.2726347717133,80.3083074644889,80.3083072304724,111.60136725529,151.105228466161,97.7213583604732,99.6896900189327,141.572581021798,120.642140437551,151.105228466161
"11",1971,"rye",24.6419804478963,35.3856046154211,68.1635047633329,79.5258095888496,74.5536687236114,82.3469951126589,83.1095836745637,40.908203607421,46.8256730213327,70.7401693512305,53.2977219436115,73.5688844802781,76.8822405383734,31.1938806864686,48.9291396801451,28.9696416492613,48.9292445656074,28.9696425663728,44.7368547910163,44.7368551278641,48.9291396801451,48.9291398604817,28.9696423423665,28.9696418051124,48.9291483349162,48.9291870566538,48.9291398604817
"12",1972,"oats",27.0190279959616,39.2798297231951,66.798596170842,90.2105467414291,77.5006231384886,97.2404287726064,95.5228442384886,45.0337597584888,38.4249174639955,71.0873557002536,47.0220875443711,74.4090932520182,80.303362843783,34.3940362514301,67.6684735646335,29.3211562627469,67.851360737328,29.3211475576841,50.9358917939163,50.9359178246797,67.6684735646335,75.7611282519479,29.3211532251867,29.3211673206089,75.9042432143949,65.7277795202135,75.7611282519479
"13",1973,"potato",51.6427733174153,110.504566557414,127.617356578203,162.779464793228,142.634383172681,161.353101336892,160.532006077416,117.292385941626,54.3331319915359,123.567084037416,69.4421513337321,118.179768176364,128.778163856364,67.3873119447848,111.906925122581,61.3687861519222,105.81916605917,60.4036991382604,78.843040872271,78.843035449508,111.906925122581,155.367353613498,104.366891285615,109.179585878238,144.235660724466,121.757977175739,155.367353613498
"14",1974,"rye",23.4648539376958,34.2084781052205,66.9863782531324,78.3486830786491,73.3765422134109,81.1698686024584,81.9324571643632,39.7310770972205,45.6485465111322,69.56304284103,52.120595433411,72.3917579700775,75.7051140281729,30.0167541762681,50.0721034179287,29.1980610093071,50.0720834053479,29.1980600447607,44.8205339163895,44.8205337950938,50.0721034179287,50.0721290553336,29.1980604855846,29.1980601695073,50.0720838418659,50.0721107204319,50.0721290553336
"15",1975,"oats",24.9137685466567,37.1745702738902,64.6933367215371,88.1052872921242,75.3953636891838,95.1351693233015,93.4175847891837,42.9285003091839,36.3196580146906,68.9820962509487,44.9168280950663,72.3038338027134,78.1981033944781,32.2887768021252,69.0284753066608,29.4741198364972,69.2473755558034,29.4741265226384,50.5476246838576,50.5475358570475,69.0284753066608,78.0712413993464,29.4741260286469,29.4741206946094,78.2748682833054,66.531490039866,78.0712413993464
"16",1976,"potato",47.6240812040649,106.485874444064,123.598664464852,158.760772679878,138.61569105933,157.334409223541,156.513313964066,113.273693828276,50.3144398781855,119.548391924066,65.4234592203817,114.161076063013,124.759471743013,63.3686198314344,112.158250230948,60.4574665608391,105.714351017059,59.5286466617475,77.3827022512318,77.382458498528,112.158250230948,159.150550893538,109.863311565682,118.618355200371,146.503108442432,122.397393457213,159.150550893538
"17",1977,"rye",22.2877274274952,33.0313515950199,65.8092517429317,77.1715565684484,72.1994157032102,79.9927420922577,80.7553306541625,38.5539505870198,44.4714200009315,68.3859163308294,50.9434689232103,71.2146314598769,74.5279875179722,28.8396276660674,51.2152303435524,29.4264781123194,51.2150189663481,29.4264788589218,44.8186007352265,44.8186080044805,51.2152303435524,51.2150186807926,29.426478630724,29.4264782914165,51.215030081784,51.2150276172953,51.2150186807926
"18",1978,"oats",22.8085090973518,35.0693108245853,62.5880772722322,86.0000278428193,73.2901042398789,93.0299098739967,91.3123253398788,40.823240859879,34.2143985653857,66.8768368016439,42.8115686457614,70.1985743534085,76.0928439451733,30.1835173528203,70.3224177333539,29.6271100046088,70.119222060423,29.6270955788115,50.0928706348006,50.0928855407527,70.3224177333539,80.2683103875079,29.6271524168109,29.6271157285573,80.5457392311508,67.1392552536816,80.2683103875079
"19",1979,"potato",51.3558829675446,110.217676207544,127.330466228332,162.492574443357,142.34749282281,161.066210987021,160.245115727546,117.005495591756,54.0462416416653,123.280193687546,69.1552609838615,117.892877826493,128.491273506493,67.1004215949142,119.368877302503,72.2571498953574,105.57562142786,66.4257990065129,76.3107141678194,78.5777421217848,119.368877302503,163.628571739407,119.365271143638,138.634977988578,148.461964013353,125.876531362343,163.628571739407
"20",1980,"rye",28.8610947941246,39.6047189616493,72.3826191095612,83.7449239350779,78.7727830698397,86.5661094588872,87.328698020792,45.1273179536492,51.044787367561,74.9592836974588,57.5168362898398,77.7879988265063,81.1013548846017,35.4129950326969,74.7108501968942,34.7393396397775,73.3603861532099,34.7393160424866,52.1316640050245,52.0265313235395,74.7108501968942,86.4827562082883,34.7393139038282,34.7393163943609,86.8763623527776,72.4488697692194,86.4827562082883
"21",1981,"oats",28.4537435248767,40.7145452521102,68.2333116997571,91.6452622703442,78.9353386674038,98.6751443015216,96.9575597674037,46.4684752874039,39.8596329929106,72.5220712291687,48.4568030732863,75.8438087809334,81.7380783726981,35.8287517803452,73.4032867117649,37.4066979231229,69.555681798788,37.1500310014391,49.5040780769412,50.0416893288385,73.4032867117649,86.7380931392788,37.406744350446,37.4067015507877,87.282339916845,68.9431769451952,86.7380931392788
"22",1982,"potato",47.3371908541942,106.198984094193,123.311774114982,158.473882330007,138.32880070946,157.047518873671,156.226423614195,112.986803478405,50.0275495283148,119.261501574195,65.1365688705111,113.874185713143,124.472581393143,63.0817294815637,119.026392561471,71.3457373693896,104.902204415931,65.0929559199431,74.5350672742065,76.4873936672515,119.026392561471,164.139568987125,121.627530012387,145.720594126458,148.951516416033,123.961019042433,164.139568987125
"23",1983,"rye",27.6839682839241,38.4275924514488,71.2054925993606,82.5677974248773,77.5956565596392,85.3889829486866,86.1515715105915,43.9501914434487,49.8676608573604,73.7821571872583,56.3397097796392,76.6108723163058,79.9242283744012,34.2358685224963,75.319253550314,34.9677336954421,73.0668516083094,34.9677421222412,51.0748352257478,51.1762891976202,75.319253550314,87.9711773911701,34.967733987231,34.9677319215817,88.4731344632511,72.2412837909198,87.9711773911701
"24",1984,"oats",26.3484840755718,38.6092858028054,66.1280522504522,89.5400028210394,76.8300792180989,96.5698848522167,94.8523003180988,44.363215838099,37.7543735436057,70.4168117798639,46.3515436239814,73.7385493316285,79.6328189233933,33.7234923310403,74.0478596572133,37.5596794287444,69.358235034372,37.1253325122349,48.5146651548953,49.2460675915912,74.0478596572133,88.0366532850149,37.5596835990016,37.5596870692525,88.6868224358657,68.6170529181425,88.0366532850149
"25",1985,"potato",43.3184987408436,102.180291980843,119.293082001631,154.455190216656,134.310108596109,153.02882676032,152.207731500845,108.968111365055,46.0088574149642,115.242809460845,61.1178767571604,109.855493599792,120.453889279792,59.0630373682131,119.383840054261,70.4343732548194,104.540524256569,64.0262660582836,73.0721060089418,74.8110453532351,119.383840054261,165.291922246497,123.599946126411,152.222422969537,149.784786107969,122.697455088642,165.291922246497
"26",1986,"rye",26.5068417737233,37.250465941248,70.0283660891599,81.3906709146766,76.4185300494384,84.2118564384859,84.9744450003907,42.7730649332479,48.6905343471597,72.6050306770575,55.1625832694385,75.433745806105,78.7471018642004,33.0587420122956,76.1332275480986,35.1961566481562,72.9400930632226,35.1958235863323,50.1126024642589,50.4397029966209,76.1332275480986,89.5109225774175,35.196190701842,35.1961591091834,90.1108503188538,72.1771641099815,89.5109225774175
"27",1987,"oats",24.243224626267,36.5040263535005,64.0227928011474,87.4347433717345,74.724819768794,94.4646254029118,92.747040868794,42.2579563887942,35.6491140943009,68.311552330559,44.2462841746766,71.6332898823237,77.5275594740884,31.6182328817355,74.8303724190841,37.7126836185789,69.2664506076297,37.09342877973,47.6192997022878,48.5172424132965,74.8303724190841,89.4119663711094,37.7126504245646,37.7126618889724,90.1588010220499,68.4079467194679,89.4119663711094
"28",1988,"potato",39.2998066274934,98.1615998674923,115.274389888281,150.436498103306,130.291416482759,149.01013464697,148.189039387494,104.949419251704,41.990165301614,111.224117347494,57.0991846438102,105.836801486442,116.435197166442,55.0443452548629,119.936810665102,69.5231476947224,104.260460736429,63.0471875728784,71.7092537620822,73.2618731746769,119.936810665102,166.62605226248,125.246781680211,158.216321487649,150.696125803083,121.652014028681,166.62605226248
"29",1989,"rye",25.3297152635228,36.0733394310475,68.8512395789593,80.213544404476,75.2414035392379,83.0347299282853,83.7973184901902,41.5959384230474,47.5134078369591,71.427904166857,53.9854567592379,74.2566192959045,77.5699753539999,31.881615502095,76.982433982711,35.4246035786545,72.8566711063715,35.4009153122972,49.19933656918,49.7165330203212,76.982433982711,91.0415031372786,35.424592376943,35.4245695010079,91.7370296104175,72.1400709994428,91.0415031372786
"30",1990,"oats",22.1379651769619,34.3987669041954,61.9175333518423,85.3294839224294,72.6195603194889,92.3593659536067,90.6417814194889,40.1526969394891,33.5438546449958,66.2062928812539,42.1410247253715,69.5280304330186,75.4223000247833,29.5129734324304,75.6268481368665,37.8656426973041,69.2002616631167,37.0444111364736,46.758481907558,47.7923663117979,75.6268481368665,90.7866130719828,37.8656409607238,37.8656334780746,91.6287681342161,68.2238739714424,90.7866130719828
"31",1991,"potato",35.2811145141429,94.1429077541419,111.25569777493,146.417805989956,126.272724369408,144.991442533619,144.170347274144,100.930727138354,37.9714731882636,107.205425234144,53.0804925304598,101.818109373092,112.416505053091,51.0256531415125,120.536606721544,68.6118261901206,103.991080055328,62.0981542021017,70.38669384144,71.7648780425196,120.536606721544,167.994066059379,126.595453070286,163.769285369512,151.598659575142,120.687174002398,167.994066059379
"32",1992,"rye",24.1525887533223,34.896212920847,67.6741130687589,79.0364178942756,74.0642770290374,81.8576034180849,82.6201919799897,40.418811912847,46.3362813267587,70.2507776566565,52.8083302490375,73.0794927857041,76.3928488437994,30.7044889918946,77.817743842714,35.6529890669916,72.7787901217759,35.5671543903242,48.3085271579956,48.9829324879275,77.817743842714,92.5412914909656,35.652993183061,35.6530130367588,93.3340928161705,72.0930719622537,92.5412914909656
"33",1993,"oats",20.032705727657,32.2935074548905,59.8122739025374,83.2242244731245,70.5143008701841,90.2541065043019,88.536521970184,38.0474374901842,31.4385951956909,64.101033431949,40.0357652760666,67.4227709837137,73.3170405754784,27.4077139831255,76.4026849869168,38.0186168496084,69.1343736323302,36.974470507669,45.9157036914028,47.0575017712967,76.4026849869168,92.1352046249548,38.0186364408029,38.0187309967071,93.0732472038527,68.0349599780487,92.1352046249548
"34",1994,"potato",31.2624224007923,90.1242156407912,107.23700566158,142.399113876605,122.254032256058,140.972750420269,140.151655160793,96.9120350250032,33.9527810749129,103.186733120793,49.0618004171091,97.7994172597408,108.397812939741,47.0069610281618,120.95370407267,67.7004894323398,103.708976656289,61.1616784065675,69.0873845518818,70.3004399677963,120.95370407267,169.344849237764,127.6864155808,168.941784188119,152.464601359419,119.754440197593,169.344849237764
"35",1995,"rye",22.9754622431218,33.7190864106465,66.4969865585584,77.8592913840751,72.8871505188369,80.6804769078844,81.4430654697892,39.2416854026464,45.1591548165582,69.073651146456,51.631203738837,71.9023662755035,75.2157223335989,29.5273624816941,78.6331964297679,35.881404080833,72.6939011906552,35.6969960452339,47.4327090517151,48.2351484445547,78.6331964297679,94.0038485527969,35.8814062558311,35.8814045224966,94.8961324022732,72.0241093797138,94.0038485527969
"36",1996,"oats",17.9274462783521,30.1882480055857,57.7070144532325,81.1189650238197,68.4090414208792,88.148847054997,86.4312625208791,35.9421780408793,29.333335746386,61.9957739826442,37.9305058267617,65.3175115344088,71.2117811261736,25.3024545338206,77.1551522506569,38.1716013283755,69.0606390083305,36.8827368927575,45.0862334346792,46.3113750547063,77.1551522506569,93.4489749782903,38.1715812399392,38.1715917074723,94.4849918698025,67.8309539939646,93.4489749782903
"37",1997,"potato",27.2437302874418,86.1055235274408,103.218313548229,138.380421763255,118.235340142707,136.954058306918,136.132963047443,92.8933429116528,29.9340889615625,99.1680410074429,45.0431083037587,93.7807251463904,104.37912082639,42.9882689148114,121.120872150828,66.7891562757244,103.405021192058,60.2323206741644,67.8065135005337,68.8633143215925,121.120872150828,170.662075190408,128.560029255724,173.786349539479,153.287312772828,118.834111344271,170.662075190408
"38",1998,"rye",21.798335732921,32.5419599004457,65.3198600483576,76.6821648738743,71.7100240086361,79.5033503976836,80.2659389595884,38.0645588924457,43.9820283063574,67.8965246362552,50.4540772286362,70.7252397653028,74.0385958233981,28.3502359714933,79.4303420242183,36.1098264026926,72.5974148516164,35.7920724353897,46.5696681483081,47.4744295037929,79.4303420242183,95.4272758468235,36.1098222665487,36.1098240154663,96.4218009513278,71.9295878295778,95.4272758468235
"39",1999,"oats",15.8221868290473,28.0829885562808,55.6017550039277,79.0137055745148,66.3037819715743,86.0435876056921,84.3260030715743,33.8369185915745,27.2280762970812,59.8905145333393,35.8252463774569,63.212252085104,69.1065216768687,23.1971950845158,77.8851112863204,38.3245723847419,68.975810127342,36.769632669294,44.2686717972022,45.5558035649377,77.8851112863204,94.7253349747989,38.3245575717058,38.324586161365,95.8614281143379,67.6085671907937,94.7253349747989
"40",2000,"potato",23.2250381740914,82.0868314140904,99.1996214348788,134.361729649904,114.216648029357,132.935366193568,132.114270934092,88.8746507983024,25.9153968482121,95.1493488940925,41.0244161904083,89.76203303304,100.36042871304,38.969576801461,121.273223253543,65.8777532859138,103.075444627892,59.3085439764126,66.5430042687056,67.4519390028771,121.273223253543,171.939243079088,129.24892681412,178.347562511655,154.066552625041,117.918346742854,171.939243079088
"41",2001,"rye",20.6212092227205,31.3648333902452,64.1427335381571,75.5050383636738,70.5328974984356,78.3262238874831,79.0888124493879,36.8874323822451,42.8049017961569,66.7193981260547,49.2769507184357,69.5481132551022,72.8614693131976,27.1731094612928,80.2038529644685,36.3382409103518,72.4872696171603,35.8539541572614,45.7188869333899,46.7032289921635,80.2038529644685,96.8109734896098,36.3382534069898,36.3382550157828,97.9111767414563,71.8089655551524,96.8109734896098
"42",2002,"oats",13.7169273797422,25.9777291069757,53.4964955546226,76.9084461252097,64.1985225222692,83.938328156387,82.2207436222692,31.7316591422694,25.1228168477761,57.7852550840342,33.7199869281518,61.1069926357989,67.0012622275636,21.0919356352107,78.590619883664,38.4775873446701,68.8783136625237,36.6357579746408,43.4627999203532,44.7930877019977,78.590619883664,95.9636295875903,38.4775315121458,38.4776656957483,97.2023652801909,67.3671755820203,95.9636295875903
"43",2003,"potato",19.2063460607408,78.0681393007397,95.1809293215282,130.343037536553,110.197955916006,128.916674080217,128.095578820742,84.8559586849517,21.8967047348614,91.1306567807418,37.0057240770576,85.7433409196893,96.3417365996893,34.9508846881103,121.415968762574,64.9664503375292,102.717657545736,58.3900185457145,65.2964565648811,66.0657687654154,121.415968762574,173.175544196464,129.780882528886,182.661997545658,154.80502789337,117.003518206613,173.175544196464
"44",2004,"rye",19.44408271252,30.1877068800447,62.9656070279565,74.3279118534732,69.3557709882351,77.1490973772825,77.9116859391874,35.7103058720446,41.6277752859563,65.5422716158542,48.0998242082351,68.3709867449017,71.6843428029971,25.9959829510922,80.9527289823251,36.5666613167862,72.3623768356272,35.8841480074484,44.8802232554389,45.9238771620814,80.9527289823251,98.1560159733821,36.5666588304415,36.5666602944311,99.3649117473937,71.6631689219798,98.1560159733821
"45",2005,"oats",11.6116679304373,23.8724696576708,51.3912361053177,74.8031866759048,62.0932630729644,81.8330687070822,80.1154841729643,29.6263996929645,23.0175573984712,55.6799956347294,31.6147274788469,59.001733186494,64.8960027782587,18.9866761859058,79.2709348927669,38.6305061530657,68.7671431415897,36.4822180105709,42.6685134377684,44.0254666715007,79.2709348927669,97.1642296742305,38.6305132332222,38.6305064181751,98.5040105140821,67.107368728553,97.1642296742305
"46",2006,"potato",15.1876539473903,74.0494471873893,91.1622372081777,126.324345423203,106.179263802656,124.897981966867,124.076886707391,80.8372665716013,17.878012621511,87.1119646673914,32.9870319637072,81.7246488063389,92.3230444863389,30.9321925747599,121.547272293267,64.0550856831398,102.330013140648,57.4766552961981,64.0672152454276,64.7043961205225,121.547272293267,174.37228853252,130.161592185511,186.759266344106,155.505952010136,116.088585900073,174.37228853252
"47",2007,"rye",18.2669562023193,29.010580369844,61.7884805177559,73.1507853432726,68.1786444780344,75.9719708670819,76.7345594289867,34.533179361844,40.4506487757557,64.3651451056535,46.9226976980345,67.193860234701,70.5072162927964,24.8188564408916,81.6777234600733,36.7950798697517,72.2219534172734,35.8841475989204,44.0536891444602,45.1386531537923,81.6777234600733,99.4629570716068,36.7950802654259,36.7950766826952,100.783427105634,71.4936839475025,99.4629570716068
"48",2008,"oats",9.50640848113244,21.767210208366,49.2859766560128,72.6979272266,59.9880036236595,79.7278092577773,78.0102247236594,27.5211402436596,20.9122979491664,53.5747361854245,29.509468029542,56.8964737371891,62.7907433289539,16.8814167366009,79.9270633913388,38.7833978275527,68.6416914317666,36.309831456557,41.8857277605098,43.2548134708184,79.9270633913388,98.3271013609334,38.7833804426027,38.7834805809606,99.0943819416972,66.8301677916883,98.3271013609334
