"","Dataset","Season","Crop","Treatment","Measured_N_Uptake.kg.ha","Measured_P_Uptake.kg.ha","Measured_K_Uptake.kg.ha","Predicted_N_Uptake.kg.ha","Predicted_P_Uptake.kg.ha","Predicted_K_Uptake.kg.ha","cols","pchs"
"1","Siaya","LR2016","maize","NPK",81.2583186559387,9.70447641372342,82.8803385359353,NA,NA,NA,"green",1
"2","Siaya","LR2016","maize","NPK",78.6991095519004,8.89261443064043,53.3053002656592,78.6991095519005,10.0198112543816,51.5914480349456,"green",1
"3","Siaya","LR2016","maize","NPK",66.9888382552261,7.01842619972138,51.9968678844097,66.9888382552261,8.3977882405334,49.6860377017711,"green",1
"4","Siaya","LR2016","maize","NPK",60.7680769891149,7.28252764097086,41.7321002196815,60.7680769891147,8.45307133796117,40.887304011666,"green",1
"5","Siaya","LR2016","maize","NPK",78.7868848156779,9.16466147519798,65.5104630906943,78.7870272604692,10.4060555795341,62.117438281068,"green",1
"6","Siaya","LR2016","maize","NPK",91.5538854373585,12.7241323538933,87.282087949881,91.553737850418,13.6334825564894,82.074020619707,"green",1
"7","Siaya","LR2016","maize","NPK",77.9319687572657,7.99758022514032,51.5476762852382,77.931851038732,9.23453181186553,49.7537167372878,"green",1
"8","Siaya","LR2016","maize","NPK",62.5016210863619,6.43492690472916,42.5744339547595,62.5016210863621,7.7625587121101,41.4269662101293,"green",1
"9","Siaya","LR2016","maize","NPK",58.5554835975512,4.71848800503367,29.6564404159588,NA,NA,NA,"green",1
"10","Siaya","LR2016","maize","NPK",76.2346885602287,8.52291241744477,63.027092578753,NA,NA,NA,"green",1
"11","Siaya","LR2016","maize","NPK",76.6255508330311,9.06089409521138,83.2664011902987,76.6261139933057,10.2874750865227,76.5141540148022,"green",1
"12","Siaya","LR2016","maize","NPK",49.5732763136465,4.62563253341337,25.1325958028557,NA,NA,NA,"green",1
"13","Siaya","LR2016","maize","NPK",54.5935124090994,4.72810314131624,27.3877678716633,NA,NA,NA,"green",1
"14","Siaya","LR2016","maize","NPK",73.0082825971859,7.33213834082607,44.5956289862745,NA,NA,NA,"green",1
"15","Siaya","LR2016","maize","NPK",68.8833500386754,7.00127548584899,43.5411463534787,68.8833500386754,8.25627118575638,42.4835272612276,"green",1
"16","Siaya","LR2016","maize","NPK",73.6101030103641,10.2835432978063,51.1289663586061,NA,NA,NA,"green",1
"17","Siaya","LR2016","maize","NPK",62.9078412650815,5.3191140532016,32.179830329475,62.9080633363634,6.39729001415897,30.6048402578969,"green",1
"18","Siaya","LR2016","maize","NPK",56.6732625082145,5.14292161721148,34.9645660135193,56.6730303881205,6.30725595543149,32.9505955529351,"green",1
"19","Siaya","LR2016","maize","NPK",93.0863134378309,10.8640545941071,75.3582055092818,NA,NA,NA,"green",1
"20","Siaya","LR2016","maize","NPK",74.7799370793423,9.8891573148662,64.7250249801177,74.779269824414,10.988497897756,61.6429564601101,"green",1
"21","Siaya","LR2016","maize","NPK",74.767693019324,8.09097929489449,48.3474362187899,74.7675838183338,9.25709062774172,47.0303908150621,"green",1
"22","Siaya","LR2018","maize","NPK",NA,NA,NA,NA,NA,NA,"green",1
"23","Siaya","LR2018","maize","NPK",NA,NA,NA,NA,NA,NA,"green",1
"24","Siaya","LR2018","maize","NPK",NA,NA,NA,NA,NA,NA,"green",1
"25","Siaya","LR2018","maize","NPK",NA,NA,NA,NA,NA,NA,"green",1
"26","Siaya","LR2018","maize","NPK",NA,NA,NA,NA,NA,NA,"green",1
"27","Siaya","LR2018","maize","NPK",NA,NA,NA,NA,NA,NA,"green",1
"28","Siaya","LR2018","maize","NPK",NA,NA,NA,NA,NA,NA,"green",1
"29","Siaya","LR2018","maize","NPK",NA,NA,NA,NA,NA,NA,"green",1
"30","Siaya","LR2018","maize","NPK",NA,NA,NA,NA,NA,NA,"green",1
"31","Siaya","LR2016","maize","NPK",NA,NA,NA,NA,NA,NA,"green",1
"32","Siaya","LR2016","maize","NPK",NA,NA,NA,NA,NA,NA,"green",1
"33","Siaya","LR2016","maize","NPK",NA,NA,NA,NA,NA,NA,"green",1
"34","Siaya","LR2016","maize","NPK",NA,NA,NA,NA,NA,NA,"green",1
"35","Siaya","LR2016","maize","NPK",NA,NA,NA,NA,NA,NA,"green",1
"36","Siaya","LR2016","maize","NPK",NA,NA,NA,NA,NA,NA,"green",1
"37","Siaya","LR2016","maize","NPK",NA,NA,NA,NA,NA,NA,"green",1
"38","Siaya","LR2016","maize","NPK",NA,NA,NA,NA,NA,NA,"green",1
"39","Siaya","LR2016","maize","NPK",NA,NA,NA,NA,NA,NA,"green",1
"40","Siaya","LR2016","maize","NPK",NA,NA,NA,NA,NA,NA,"green",1
"41","Siaya","LR2016","maize","NPK",NA,NA,NA,NA,NA,NA,"green",1
"42","Siaya","LR2016","maize","NPK",NA,NA,NA,NA,NA,NA,"green",1
"43","Siaya","LR2016","maize","NPK",NA,NA,NA,NA,NA,NA,"green",1
"44","Siaya","LR2016","maize","NPK",NA,NA,NA,NA,NA,NA,"green",1
"45","Siaya","LR2016","maize","NPK",NA,NA,NA,NA,NA,NA,"green",1
"46","Siaya","LR2016","maize","NPK",NA,NA,NA,NA,NA,NA,"green",1
"47","Siaya","LR2016","maize","NPK",NA,NA,NA,NA,NA,NA,"green",1
"48","Siaya","LR2016","maize","NPK",NA,NA,NA,NA,NA,NA,"green",1
"49","Siaya","LR2016","maize","NPK",NA,NA,NA,NA,NA,NA,"green",1
"50","Siaya","LR2016","maize","NPK",NA,NA,NA,NA,NA,NA,"green",1
"51","Siaya","LR2016","maize","NPK",NA,NA,NA,NA,NA,NA,"green",1
"52","Siaya","LR2018","maize","NPK",80.9401093562105,15.0894568537912,58.392417958413,80.9401093562105,11.3569786518655,80.8696270767135,"green",1
"53","Siaya","LR2018","maize","NPK",80.5891755315009,11.6770163064135,44.0769747250963,80.588397330371,6.47468732062734,33.8464389726351,"green",1
"54","Siaya","LR2018","maize","NPK",71.287556458854,11.2299948827648,48.5934620612105,71.2879753840435,10.2362146495915,64.1725426776205,"green",1
"55","Siaya","LR2018","maize","NPK",60.8248214122949,9.08272011630608,27.4535581714613,60.8245752117241,6.31135806008771,30.0055365291481,"green",1
"56","Siaya","LR2018","maize","NPK",63.0765546683918,8.33525146023415,33.944586081285,63.0765546683919,6.43972020503198,31.9197172114176,"green",1
"57","Siaya","LR2018","maize","NPK",92.103776669609,10.9567067317933,51.1306976365847,92.1034494716087,9.11328805746573,48.5403114324325,"green",1
"58","Siaya","LR2018","maize","NPK",62.1172765430984,8.61056471563325,31.2635601387299,NA,NA,NA,"green",1
"59","Siaya","LR2018","maize","NPK",83.5955115691298,13.2662375862785,57.8976643796603,83.5951578019851,11.6552359521577,54.9240486569724,"green",1
"60","Siaya","LR2018","maize","NPK",89.127427820124,16.0572937310458,66.2106668250342,89.127427820124,12.424203287253,75.3339765204149,"green",1
"61","Siaya","LR2016","maize","PK",NA,NA,NA,NA,NA,NA,"green",1
"62","Siaya","LR2016","maize","PK",NA,NA,NA,NA,NA,NA,"green",1
"63","Siaya","LR2016","maize","PK",NA,NA,NA,NA,NA,NA,"green",1
"64","Siaya","LR2016","maize","PK",NA,NA,NA,NA,NA,NA,"green",1
"65","Siaya","LR2016","maize","PK",NA,NA,NA,NA,NA,NA,"green",1
"66","Siaya","LR2016","maize","PK",NA,NA,NA,NA,NA,NA,"green",1
"67","Siaya","LR2016","maize","PK",NA,NA,NA,NA,NA,NA,"green",1
"68","Siaya","LR2016","maize","PK",NA,NA,NA,NA,NA,NA,"green",1
"69","Siaya","LR2016","maize","PK",NA,NA,NA,NA,NA,NA,"green",1
"70","Siaya","LR2016","maize","PK",NA,NA,NA,NA,NA,NA,"green",1
"71","Siaya","LR2016","maize","PK",NA,NA,NA,NA,NA,NA,"green",1
"72","Siaya","LR2016","maize","PK",NA,NA,NA,NA,NA,NA,"green",1
"73","Siaya","LR2016","maize","PK",NA,NA,NA,NA,NA,NA,"green",1
"74","Siaya","LR2016","maize","PK",NA,NA,NA,NA,NA,NA,"green",1
"75","Siaya","LR2016","maize","PK",NA,NA,NA,NA,NA,NA,"green",1
"76","Siaya","LR2016","maize","PK",NA,NA,NA,NA,NA,NA,"green",1
"77","Siaya","LR2016","maize","PK",NA,NA,NA,NA,NA,NA,"green",1
"78","Siaya","LR2016","maize","PK",NA,NA,NA,NA,NA,NA,"green",1
"79","Siaya","LR2016","maize","PK",NA,NA,NA,NA,NA,NA,"green",1
"80","Siaya","LR2016","maize","PK",NA,NA,NA,NA,NA,NA,"green",1
"81","Siaya","LR2016","maize","PK",NA,NA,NA,NA,NA,NA,"green",1
"82","Siaya","LR2018","maize","PK",NA,NA,NA,NA,NA,NA,"green",1
"83","Siaya","LR2018","maize","PK",NA,NA,NA,NA,NA,NA,"green",1
"84","Siaya","LR2018","maize","PK",NA,NA,NA,NA,NA,NA,"green",1
"85","Siaya","LR2018","maize","PK",17.8544194462882,3.5142471968455,5.16077564678675,17.8544508232423,4.93280643103274,24.7440982444839,"green",1
"86","Siaya","LR2018","maize","PK",20.1061527023852,2.76677854077356,11.6518035566104,20.1061527023851,5.31966406991123,27.1938261790523,"green",1
"87","Siaya","LR2018","maize","PK",49.1333747036024,5.38823381233273,28.8379151119101,49.1333747036022,8.82910453545369,47.1342444934911,"green",1
"88","Siaya","LR2018","maize","PK",NA,NA,NA,NA,NA,NA,"green",1
"89","Siaya","LR2018","maize","PK",NA,NA,NA,NA,NA,NA,"green",1
"90","Siaya","LR2018","maize","PK",NA,NA,NA,NA,NA,NA,"green",1
"91","Siaya","LR2016","maize","NK",NA,NA,NA,NA,NA,NA,"green",1
"92","Siaya","LR2016","maize","NK",NA,NA,NA,NA,NA,NA,"green",1
"93","Siaya","LR2016","maize","NK",NA,NA,NA,NA,NA,NA,"green",1
"94","Siaya","LR2016","maize","NK",NA,NA,NA,NA,NA,NA,"green",1
"95","Siaya","LR2016","maize","NK",NA,NA,NA,NA,NA,NA,"green",1
"96","Siaya","LR2016","maize","NK",NA,NA,NA,NA,NA,NA,"green",1
"97","Siaya","LR2016","maize","NK",NA,NA,NA,NA,NA,NA,"green",1
"98","Siaya","LR2016","maize","NK",NA,NA,NA,NA,NA,NA,"green",1
"99","Siaya","LR2016","maize","NK",NA,NA,NA,NA,NA,NA,"green",1
"100","Siaya","LR2016","maize","NK",NA,NA,NA,NA,NA,NA,"green",1
"101","Siaya","LR2016","maize","NK",NA,NA,NA,NA,NA,NA,"green",1
"102","Siaya","LR2016","maize","NK",NA,NA,NA,NA,NA,NA,"green",1
"103","Siaya","LR2016","maize","NK",NA,NA,NA,NA,NA,NA,"green",1
"104","Siaya","LR2016","maize","NK",NA,NA,NA,NA,NA,NA,"green",1
"105","Siaya","LR2016","maize","NK",NA,NA,NA,NA,NA,NA,"green",1
"106","Siaya","LR2016","maize","NK",NA,NA,NA,NA,NA,NA,"green",1
"107","Siaya","LR2016","maize","NK",NA,NA,NA,NA,NA,NA,"green",1
"108","Siaya","LR2016","maize","NK",NA,NA,NA,NA,NA,NA,"green",1
"109","Siaya","LR2016","maize","NK",NA,NA,NA,NA,NA,NA,"green",1
"110","Siaya","LR2016","maize","NK",NA,NA,NA,NA,NA,NA,"green",1
"111","Siaya","LR2016","maize","NK",NA,NA,NA,NA,NA,NA,"green",1
"112","Siaya","LR2018","maize","NK",NA,NA,NA,NA,NA,NA,"green",1
"113","Siaya","LR2018","maize","NK",NA,NA,NA,NA,NA,NA,"green",1
"114","Siaya","LR2018","maize","NK",NA,NA,NA,NA,NA,NA,"green",1
"115","Siaya","LR2018","maize","NK",42.9129567581323,5.36928488291409,18.4215171181876,42.9129567581324,3.10696813985108,26.5307647757176,"green",1
"116","Siaya","LR2018","maize","NK",45.1646900142293,4.62181622684216,24.9125450280112,45.164785771689,3.20076608147998,28.066874258281,"green",1
"117","Siaya","LR2018","maize","NK",74.1919120154465,7.24327149840133,42.0986565833109,74.191776727786,5.88179580072079,45.2689626295524,"green",1
"118","Siaya","LR2018","maize","NK",44.2054118889359,4.89712948224126,22.2315190854561,NA,NA,NA,"green",1
"119","Siaya","LR2018","maize","NK",NA,NA,NA,NA,NA,NA,"green",1
"120","Siaya","LR2018","maize","NK",NA,NA,NA,NA,NA,NA,"green",1
"121","Siaya","LR2016","maize","NP",NA,NA,NA,NA,NA,NA,"green",1
"122","Siaya","LR2016","maize","NP",NA,NA,NA,NA,NA,NA,"green",1
"123","Siaya","LR2016","maize","NP",NA,NA,NA,NA,NA,NA,"green",1
"124","Siaya","LR2016","maize","NP",NA,NA,NA,NA,NA,NA,"green",1
"125","Siaya","LR2016","maize","NP",NA,NA,NA,NA,NA,NA,"green",1
"126","Siaya","LR2016","maize","NP",NA,NA,NA,NA,NA,NA,"green",1
"127","Siaya","LR2016","maize","NP",NA,NA,NA,NA,NA,NA,"green",1
"128","Siaya","LR2016","maize","NP",NA,NA,NA,NA,NA,NA,"green",1
"129","Siaya","LR2016","maize","NP",NA,NA,NA,NA,NA,NA,"green",1
"130","Siaya","LR2016","maize","NP",NA,NA,NA,NA,NA,NA,"green",1
"131","Siaya","LR2016","maize","NP",NA,NA,NA,NA,NA,NA,"green",1
"132","Siaya","LR2016","maize","NP",NA,NA,NA,NA,NA,NA,"green",1
"133","Siaya","LR2016","maize","NP",NA,NA,NA,NA,NA,NA,"green",1
"134","Siaya","LR2016","maize","NP",NA,NA,NA,NA,NA,NA,"green",1
"135","Siaya","LR2016","maize","NP",NA,NA,NA,NA,NA,NA,"green",1
"136","Siaya","LR2016","maize","NP",NA,NA,NA,NA,NA,NA,"green",1
"137","Siaya","LR2016","maize","NP",NA,NA,NA,NA,NA,NA,"green",1
"138","Siaya","LR2016","maize","NP",NA,NA,NA,NA,NA,NA,"green",1
"139","Siaya","LR2016","maize","NP",NA,NA,NA,NA,NA,NA,"green",1
"140","Siaya","LR2016","maize","NP",NA,NA,NA,NA,NA,NA,"green",1
"141","Siaya","LR2016","maize","NP",NA,NA,NA,NA,NA,NA,"green",1
"142","Siaya","LR2018","maize","NP",NA,NA,NA,NA,NA,NA,"green",1
"143","Siaya","LR2018","maize","NP",NA,NA,NA,NA,NA,NA,"green",1
"144","Siaya","LR2018","maize","NP",NA,NA,NA,NA,NA,NA,"green",1
"145","Siaya","LR2018","maize","NP",44.8837165968305,6.83049516190113,11.2966093159376,44.8839530525506,6.09709189791531,24.4193748715996,"green",1
"146","Siaya","LR2018","maize","NP",47.1354498529275,6.08302650582919,17.7876372257613,47.1354848283597,6.25489840307272,26.4173144353685,"green",1
"147","Siaya","LR2018","maize","NP",76.1626718541447,8.70448177738837,34.973748781061,76.1626718541449,8.98049126183438,43.2695565014666,"green",1
"148","Siaya","LR2018","maize","NP",46.1761717276341,6.35833976122829,15.1066112832062,NA,NA,NA,"green",1
"149","Siaya","LR2018","maize","NP",NA,NA,NA,NA,NA,NA,"green",1
"150","Siaya","LR2018","maize","NP",NA,NA,NA,NA,NA,NA,"green",1
"151","Siaya","LR2016","maize","PK",33.438324543537,6.13042236946547,53.4269811286114,NA,NA,NA,"blue",1
"152","Siaya","LR2016","maize","PK",30.8791154394987,5.31856038638248,23.8519428583353,30.8791154394987,8.48256225569822,44.518065613629,"blue",1
"153","Siaya","LR2016","maize","PK",19.1688441428244,3.44437215546343,22.5435104770858,19.1688441428243,5.82980822531966,33.4800760175303,"blue",1
"154","Siaya","LR2016","maize","PK",12.9480828767132,3.70847359671291,12.2787428123577,12.9480828767132,3.57923315068528,19.8831864726047,"blue",1
"155","Siaya","LR2016","maize","PK",30.9668907032762,5.59060743094003,36.0571056833704,30.9670706860601,8.63089528029488,50.9237495564973,"blue",1
"156","Siaya","LR2016","maize","PK",43.7338913249569,9.15007830963533,57.8287305425572,43.7338913249571,11.8295523269276,70.2139119703755,"blue",1
"157","Siaya","LR2016","maize","PK",30.1119746448641,4.42352618088237,22.0943188779143,30.1119060013365,7.97217559769278,43.5599215700766,"blue",1
"158","Siaya","LR2016","maize","PK",14.6816269739603,2.86087286047121,13.1210765474356,14.6817202541609,4.26702662228277,23.7817576120374,"blue",1
"159","Siaya","LR2016","maize","PK",19.2952045460894,2.5932130680763,14.4870511551641,NA,NA,NA,"blue",1
"160","Siaya","LR2016","maize","PK",28.414694447827,4.94885837318682,33.5737351714292,NA,NA,NA,"blue",1
"161","Siaya","LR2016","maize","PK",28.8055567206294,5.48684005095343,53.8130437829749,28.8054718495456,8.37653199962217,54.8199371477116,"blue",1
"162","Siaya","LR2016","maize","PK",10.3129972621846,2.50035759645601,9.96320654206101,NA,NA,NA,"blue",1
"163","Siaya","LR2016","maize","PK",15.3332333576375,2.60282820435888,12.2183786108686,NA,NA,NA,"blue",1
"164","Siaya","LR2016","maize","PK",NA,NA,NA,NA,NA,NA,"blue",1
"165","Siaya","LR2016","maize","PK",21.0633559262737,3.42722144159104,14.0877889461548,21.0633891572283,6.24503410355738,33.3811855645074,"blue",1
"166","Siaya","LR2016","maize","PK",25.7901088979624,6.70948925354837,21.6756089512822,NA,NA,NA,"blue",1
"167","Siaya","LR2016","maize","PK",23.6475622136196,3.19383911624424,17.0104410686803,23.6475926244441,5.69377335934324,27.7485559267981,"blue",1
"168","Siaya","LR2016","maize","PK",17.4129834567527,3.01764668025412,19.7951767527246,17.4129834567528,4.84439334335999,26.1999579805816,"blue",1
"169","Siaya","LR2016","maize","PK",45.2663193254292,7.29000054984912,45.904848101958,NA,NA,NA,"blue",1
"170","Siaya","LR2016","maize","PK",26.9599429669407,6.31510327060825,35.2716675727938,26.9599429669408,8.3746716523099,47.2232741433174,"blue",1
"171","Siaya","LR2016","maize","PK",26.9476989069223,4.51692525063654,18.8940788114661,26.9476647490251,7.67166877976537,40.1340153471376,"blue",1
"172","Siaya","LR2018","maize","PK",NA,NA,NA,NA,NA,NA,"blue",1
"173","Siaya","LR2018","maize","PK",NA,NA,NA,NA,NA,NA,"blue",1
"174","Siaya","LR2018","maize","PK",NA,NA,NA,NA,NA,NA,"blue",1
"175","Siaya","LR2018","maize","PK",NA,NA,NA,NA,NA,NA,"blue",1
"176","Siaya","LR2018","maize","PK",NA,NA,NA,NA,NA,NA,"blue",1
"177","Siaya","LR2018","maize","PK",NA,NA,NA,NA,NA,NA,"blue",1
"178","Siaya","LR2018","maize","PK",NA,NA,NA,NA,NA,NA,"blue",1
"179","Siaya","LR2018","maize","PK",NA,NA,NA,NA,NA,NA,"blue",1
"180","Siaya","LR2018","maize","PK",NA,NA,NA,NA,NA,NA,"blue",1
"181","Siaya","LR2016","maize","NPK",NA,NA,NA,NA,NA,NA,"blue",1
"182","Siaya","LR2016","maize","NPK",NA,NA,NA,NA,NA,NA,"blue",1
"183","Siaya","LR2016","maize","NPK",NA,NA,NA,NA,NA,NA,"blue",1
"184","Siaya","LR2016","maize","NPK",NA,NA,NA,NA,NA,NA,"blue",1
"185","Siaya","LR2016","maize","NPK",NA,NA,NA,NA,NA,NA,"blue",1
"186","Siaya","LR2016","maize","NPK",NA,NA,NA,NA,NA,NA,"blue",1
"187","Siaya","LR2016","maize","NPK",NA,NA,NA,NA,NA,NA,"blue",1
"188","Siaya","LR2016","maize","NPK",NA,NA,NA,NA,NA,NA,"blue",1
"189","Siaya","LR2016","maize","NPK",NA,NA,NA,NA,NA,NA,"blue",1
"190","Siaya","LR2016","maize","NPK",NA,NA,NA,NA,NA,NA,"blue",1
"191","Siaya","LR2016","maize","NPK",NA,NA,NA,NA,NA,NA,"blue",1
"192","Siaya","LR2016","maize","NPK",NA,NA,NA,NA,NA,NA,"blue",1
"193","Siaya","LR2016","maize","NPK",NA,NA,NA,NA,NA,NA,"blue",1
"194","Siaya","LR2016","maize","NPK",NA,NA,NA,NA,NA,NA,"blue",1
"195","Siaya","LR2016","maize","NPK",NA,NA,NA,NA,NA,NA,"blue",1
"196","Siaya","LR2016","maize","NPK",NA,NA,NA,NA,NA,NA,"blue",1
"197","Siaya","LR2016","maize","NPK",NA,NA,NA,NA,NA,NA,"blue",1
"198","Siaya","LR2016","maize","NPK",NA,NA,NA,NA,NA,NA,"blue",1
"199","Siaya","LR2016","maize","NPK",NA,NA,NA,NA,NA,NA,"blue",1
"200","Siaya","LR2016","maize","NPK",NA,NA,NA,NA,NA,NA,"blue",1
"201","Siaya","LR2016","maize","NPK",NA,NA,NA,NA,NA,NA,"blue",1
"202","Siaya","LR2018","maize","NPK",79.0825024109715,15.1823620639445,75.3333367172289,79.0825024109713,11.4141516757066,84.0940494109495,"blue",1
"203","Siaya","LR2018","maize","NPK",91.2427823162057,13.1956594316818,55.8919702848376,91.2425218559028,6.53956039823556,34.6211813684788,"blue",1
"204","Siaya","LR2018","maize","NPK",69.429949513615,11.3229000929181,65.5343808200265,69.4303678750868,10.2580960358199,65.4330645352766,"blue",1
"205","Siaya","LR2018","maize","NPK",71.4784281969997,10.6013632415744,39.2685537312027,71.4784123431635,6.36673224954449,30.5701545854457,"blue",1
"206","Siaya","LR2018","maize","NPK",73.7301614530966,9.8538945855025,45.7595816410264,73.7299423096409,6.4968137181829,32.4607673907341,"blue",1
"207","Siaya","LR2018","maize","NPK",90.2461697243701,11.0496119419466,68.0716163954006,90.2461697243704,9.1345765559699,48.7840602426286,"blue",1
"208","Siaya","LR2018","maize","NPK",72.7708833278032,10.1292078409016,43.0785556984712,NA,NA,NA,"blue",1
"209","Siaya","LR2018","maize","NPK",81.7379046238909,13.3591427964318,74.8385831384762,81.7379917395032,11.8740424886027,57.2575697321382,"blue",1
"210","Siaya","LR2018","maize","NPK",87.2698208748851,16.1501989411991,83.1515855838501,87.2699632392365,12.4406331185022,76.2583446430714,"blue",1
"211","Siaya","LR2016","maize","PK",NA,NA,NA,NA,NA,NA,"blue",1
"212","Siaya","LR2016","maize","PK",NA,NA,NA,NA,NA,NA,"blue",1
"213","Siaya","LR2016","maize","PK",NA,NA,NA,NA,NA,NA,"blue",1
"214","Siaya","LR2016","maize","PK",NA,NA,NA,NA,NA,NA,"blue",1
"215","Siaya","LR2016","maize","PK",NA,NA,NA,NA,NA,NA,"blue",1
"216","Siaya","LR2016","maize","PK",NA,NA,NA,NA,NA,NA,"blue",1
"217","Siaya","LR2016","maize","PK",NA,NA,NA,NA,NA,NA,"blue",1
"218","Siaya","LR2016","maize","PK",NA,NA,NA,NA,NA,NA,"blue",1
"219","Siaya","LR2016","maize","PK",NA,NA,NA,NA,NA,NA,"blue",1
"220","Siaya","LR2016","maize","PK",NA,NA,NA,NA,NA,NA,"blue",1
"221","Siaya","LR2016","maize","PK",NA,NA,NA,NA,NA,NA,"blue",1
"222","Siaya","LR2016","maize","PK",NA,NA,NA,NA,NA,NA,"blue",1
"223","Siaya","LR2016","maize","PK",NA,NA,NA,NA,NA,NA,"blue",1
"224","Siaya","LR2016","maize","PK",NA,NA,NA,NA,NA,NA,"blue",1
"225","Siaya","LR2016","maize","PK",NA,NA,NA,NA,NA,NA,"blue",1
"226","Siaya","LR2016","maize","PK",NA,NA,NA,NA,NA,NA,"blue",1
"227","Siaya","LR2016","maize","PK",NA,NA,NA,NA,NA,NA,"blue",1
"228","Siaya","LR2016","maize","PK",NA,NA,NA,NA,NA,NA,"blue",1
"229","Siaya","LR2016","maize","PK",NA,NA,NA,NA,NA,NA,"blue",1
"230","Siaya","LR2016","maize","PK",NA,NA,NA,NA,NA,NA,"blue",1
"231","Siaya","LR2016","maize","PK",NA,NA,NA,NA,NA,NA,"blue",1
"232","Siaya","LR2018","maize","PK",NA,NA,NA,NA,NA,NA,"blue",1
"233","Siaya","LR2018","maize","PK",NA,NA,NA,NA,NA,NA,"blue",1
"234","Siaya","LR2018","maize","PK",NA,NA,NA,NA,NA,NA,"blue",1
"235","Siaya","LR2018","maize","PK",28.508026230993,5.03289032211385,16.9757712065281,28.5082763047835,5.98492506690257,28.8409984191194,"blue",1
"236","Siaya","LR2018","maize","PK",30.75975948709,4.28542166604192,23.4667991163518,30.7594960042811,6.1808961353872,30.9574359318318,"blue",1
"237","Siaya","LR2018","maize","PK",NA,NA,NA,43.5921840625832,8.66935785677411,46.4656563470947,"blue",1
"238","Siaya","LR2018","maize","PK",29.8004813617966,4.56073492144102,20.7857731737967,NA,NA,NA,"blue",1
"239","Siaya","LR2018","maize","PK",NA,NA,NA,NA,NA,NA,"blue",1
"240","Siaya","LR2018","maize","PK",NA,NA,NA,NA,NA,NA,"blue",1
"241","Siaya","LR2016","maize","NK",NA,NA,NA,NA,NA,NA,"blue",1
"242","Siaya","LR2016","maize","NK",NA,NA,NA,NA,NA,NA,"blue",1
"243","Siaya","LR2016","maize","NK",NA,NA,NA,NA,NA,NA,"blue",1
"244","Siaya","LR2016","maize","NK",NA,NA,NA,NA,NA,NA,"blue",1
"245","Siaya","LR2016","maize","NK",NA,NA,NA,NA,NA,NA,"blue",1
"246","Siaya","LR2016","maize","NK",NA,NA,NA,NA,NA,NA,"blue",1
"247","Siaya","LR2016","maize","NK",NA,NA,NA,NA,NA,NA,"blue",1
"248","Siaya","LR2016","maize","NK",NA,NA,NA,NA,NA,NA,"blue",1
"249","Siaya","LR2016","maize","NK",NA,NA,NA,NA,NA,NA,"blue",1
"250","Siaya","LR2016","maize","NK",NA,NA,NA,NA,NA,NA,"blue",1
"251","Siaya","LR2016","maize","NK",NA,NA,NA,NA,NA,NA,"blue",1
"252","Siaya","LR2016","maize","NK",NA,NA,NA,NA,NA,NA,"blue",1
"253","Siaya","LR2016","maize","NK",NA,NA,NA,NA,NA,NA,"blue",1
"254","Siaya","LR2016","maize","NK",NA,NA,NA,NA,NA,NA,"blue",1
"255","Siaya","LR2016","maize","NK",NA,NA,NA,NA,NA,NA,"blue",1
"256","Siaya","LR2016","maize","NK",NA,NA,NA,NA,NA,NA,"blue",1
"257","Siaya","LR2016","maize","NK",NA,NA,NA,NA,NA,NA,"blue",1
"258","Siaya","LR2016","maize","NK",NA,NA,NA,NA,NA,NA,"blue",1
"259","Siaya","LR2016","maize","NK",NA,NA,NA,NA,NA,NA,"blue",1
"260","Siaya","LR2016","maize","NK",NA,NA,NA,NA,NA,NA,"blue",1
"261","Siaya","LR2016","maize","NK",NA,NA,NA,NA,NA,NA,"blue",1
"262","Siaya","LR2018","maize","NK",NA,NA,NA,NA,NA,NA,"blue",1
"263","Siaya","LR2018","maize","NK",NA,NA,NA,NA,NA,NA,"blue",1
"264","Siaya","LR2018","maize","NK",NA,NA,NA,NA,NA,NA,"blue",1
"265","Siaya","LR2018","maize","NK",53.5665635428371,6.88792800818245,30.2365126779289,53.5667250785398,3.15487700925168,27.0280070197982,"blue",1
"266","Siaya","LR2018","maize","NK",55.8182967989341,6.14045935211052,36.7275405877526,55.8182967989344,3.25261786486581,28.5582053371403,"blue",1
"267","Siaya","LR2018","maize","NK",72.3343050702075,7.33617670855465,59.0395753421269,72.3345528231052,5.90102458000149,45.4914224588036,"blue",1
"268","Siaya","LR2018","maize","NK",54.8590186736407,6.41577260750962,34.0465146451975,NA,NA,NA,"blue",1
"269","Siaya","LR2018","maize","NK",NA,NA,NA,NA,NA,NA,"blue",1
"270","Siaya","LR2018","maize","NK",NA,NA,NA,NA,NA,NA,"blue",1
"271","Siaya","LR2016","maize","NP",NA,NA,NA,NA,NA,NA,"blue",1
"272","Siaya","LR2016","maize","NP",NA,NA,NA,NA,NA,NA,"blue",1
"273","Siaya","LR2016","maize","NP",NA,NA,NA,NA,NA,NA,"blue",1
"274","Siaya","LR2016","maize","NP",NA,NA,NA,NA,NA,NA,"blue",1
"275","Siaya","LR2016","maize","NP",NA,NA,NA,NA,NA,NA,"blue",1
"276","Siaya","LR2016","maize","NP",NA,NA,NA,NA,NA,NA,"blue",1
"277","Siaya","LR2016","maize","NP",NA,NA,NA,NA,NA,NA,"blue",1
"278","Siaya","LR2016","maize","NP",NA,NA,NA,NA,NA,NA,"blue",1
"279","Siaya","LR2016","maize","NP",NA,NA,NA,NA,NA,NA,"blue",1
"280","Siaya","LR2016","maize","NP",NA,NA,NA,NA,NA,NA,"blue",1
"281","Siaya","LR2016","maize","NP",NA,NA,NA,NA,NA,NA,"blue",1
"282","Siaya","LR2016","maize","NP",NA,NA,NA,NA,NA,NA,"blue",1
"283","Siaya","LR2016","maize","NP",NA,NA,NA,NA,NA,NA,"blue",1
"284","Siaya","LR2016","maize","NP",NA,NA,NA,NA,NA,NA,"blue",1
"285","Siaya","LR2016","maize","NP",NA,NA,NA,NA,NA,NA,"blue",1
"286","Siaya","LR2016","maize","NP",NA,NA,NA,NA,NA,NA,"blue",1
"287","Siaya","LR2016","maize","NP",NA,NA,NA,NA,NA,NA,"blue",1
"288","Siaya","LR2016","maize","NP",NA,NA,NA,NA,NA,NA,"blue",1
"289","Siaya","LR2016","maize","NP",NA,NA,NA,NA,NA,NA,"blue",1
"290","Siaya","LR2016","maize","NP",NA,NA,NA,NA,NA,NA,"blue",1
"291","Siaya","LR2016","maize","NP",NA,NA,NA,NA,NA,NA,"blue",1
"292","Siaya","LR2018","maize","NP",NA,NA,NA,NA,NA,NA,"blue",1
"293","Siaya","LR2018","maize","NP",NA,NA,NA,NA,NA,NA,"blue",1
"294","Siaya","LR2018","maize","NP",NA,NA,NA,NA,NA,NA,"blue",1
"295","Siaya","LR2018","maize","NP",55.5373233815353,8.34913828716949,23.111604875679,55.5376073125439,6.16011534640353,25.0818641018624,"blue",1
"296","Siaya","LR2018","maize","NP",57.7890566376323,7.60166963109755,29.6026327855027,57.7887510623687,6.31740069866986,27.0450689796308,"blue",1
"297","Siaya","LR2018","maize","NP",74.3050649089058,8.79738698754168,51.9146675398769,74.3050649089053,9.00301586550987,43.5146748817335,"blue",1
"298","Siaya","LR2018","maize","NP",56.8297785123389,7.87698288649665,26.9216068429475,NA,NA,NA,"blue",1
"299","Siaya","LR2018","maize","NP",NA,NA,NA,NA,NA,NA,"blue",1
"300","Siaya","LR2018","maize","NP",NA,NA,NA,NA,NA,NA,"blue",1
"301","Siaya","LR2016","maize","NK",57.976355627445,6.11551621496145,81.2988930824822,NA,NA,NA,"orange",1
"302","Siaya","LR2016","maize","NK",55.4171465234067,5.30365423187846,51.7238548122061,55.4171973355696,5.11391185068134,46.2584063796333,"orange",1
"303","Siaya","LR2016","maize","NK",43.7068752267325,3.4294660009594,50.4154224309566,43.7069375708351,3.32403674682036,38.3164924089739,"orange",1
"304","Siaya","LR2016","maize","NK",37.4861139606213,3.69356744220889,40.1506547662285,37.4861939858089,3.55607512935889,35.0669539948196,"orange",1
"305","Siaya","LR2016","maize","NK",55.5049217871843,5.57570127643601,63.9290176372412,55.5050832415452,5.36262175712708,54.2707263081718,"orange",1
"306","Siaya","LR2016","maize","NK",68.2719224088649,9.13517215513131,85.700642496428,68.2720204545398,8.64860865452209,76.4272363963481,"orange",1
"307","Siaya","LR2016","maize","NK",54.6500057287721,4.40862002637834,49.9662308317851,54.6504509249522,4.27108548021715,42.7630607058873,"orange",1
"308","Siaya","LR2016","maize","NK",39.2196580578683,2.84596670596719,40.9929885013064,39.2197155523638,2.7617560493623,31.4046451525277,"orange",1
"309","Siaya","LR2016","maize","NK",19.8782043710228,0.884134369911824,9.60135798455228,NA,NA,NA,"orange",1
"310","Siaya","LR2016","maize","NK",52.9527255317351,4.9339522186828,61.4456471253,NA,NA,NA,"orange",1
"311","Siaya","LR2016","maize","NK",53.3435878045374,5.47193389644941,81.6849557368456,53.3437080147147,5.25739007710882,62.0440030315727,"orange",1
"312","Siaya","LR2016","maize","NK",10.895997087118,0.791278898291529,5.07751337144919,NA,NA,NA,"orange",1
"313","Siaya","LR2016","maize","NK",15.9162331825709,0.893749506194402,7.33268544025681,NA,NA,NA,"orange",1
"314","Siaya","LR2016","maize","NK",49.7263195686923,3.7431781420641,43.0141835328214,NA,NA,NA,"orange",1
"315","Siaya","LR2016","maize","NK",45.6013870101817,3.41231528708701,41.9597009000256,45.6015018672606,3.3102032928709,34.9071691830524,"orange",1
"316","Siaya","LR2016","maize","NK",50.3281399818705,6.69458309904435,49.547520905153,NA,NA,NA,"orange",1
"317","Siaya","LR2016","maize","NK",24.230562038553,1.48476041807976,12.1247478980685,24.2305942430912,1.44157838914214,15.7800820883505,"orange",1
"318","Siaya","LR2016","maize","NK",17.9959832816861,1.30856798208964,14.9094835821127,17.9960273444796,1.27020615437852,13.517038826239,"orange",1
"319","Siaya","LR2016","maize","NK",69.8043504093372,7.2750943953451,73.7767600558287,NA,NA,NA,"orange",1
"320","Siaya","LR2016","maize","NK",51.4979740508487,6.30019711610422,63.1435795266646,51.4980485291195,5.99679093849724,55.7918503556153,"orange",1
"321","Siaya","LR2016","maize","NK",51.4857299908303,4.50201909613252,46.7659907653368,51.4858168663444,4.35363246481062,41.2343885525689,"orange",1
"322","Siaya","LR2018","maize","NK",NA,NA,NA,NA,NA,NA,"orange",1
"323","Siaya","LR2018","maize","NK",NA,NA,NA,NA,NA,NA,"orange",1
"324","Siaya","LR2018","maize","NK",NA,NA,NA,NA,NA,NA,"orange",1
"325","Siaya","LR2018","maize","NK",NA,NA,NA,NA,NA,NA,"orange",1
"326","Siaya","LR2018","maize","NK",NA,NA,NA,NA,NA,NA,"orange",1
"327","Siaya","LR2018","maize","NK",NA,NA,NA,NA,NA,NA,"orange",1
"328","Siaya","LR2018","maize","NK",NA,NA,NA,NA,NA,NA,"orange",1
"329","Siaya","LR2018","maize","NK",NA,NA,NA,NA,NA,NA,"orange",1
"330","Siaya","LR2018","maize","NK",NA,NA,NA,NA,NA,NA,"orange",1
"331","Siaya","LR2016","maize","NPK",NA,NA,NA,NA,NA,NA,"orange",1
"332","Siaya","LR2016","maize","NPK",NA,NA,NA,NA,NA,NA,"orange",1
"333","Siaya","LR2016","maize","NPK",NA,NA,NA,NA,NA,NA,"orange",1
"334","Siaya","LR2016","maize","NPK",NA,NA,NA,NA,NA,NA,"orange",1
"335","Siaya","LR2016","maize","NPK",NA,NA,NA,NA,NA,NA,"orange",1
"336","Siaya","LR2016","maize","NPK",NA,NA,NA,NA,NA,NA,"orange",1
"337","Siaya","LR2016","maize","NPK",NA,NA,NA,NA,NA,NA,"orange",1
"338","Siaya","LR2016","maize","NPK",NA,NA,NA,NA,NA,NA,"orange",1
"339","Siaya","LR2016","maize","NPK",NA,NA,NA,NA,NA,NA,"orange",1
"340","Siaya","LR2016","maize","NPK",NA,NA,NA,NA,NA,NA,"orange",1
"341","Siaya","LR2016","maize","NPK",NA,NA,NA,NA,NA,NA,"orange",1
"342","Siaya","LR2016","maize","NPK",NA,NA,NA,NA,NA,NA,"orange",1
"343","Siaya","LR2016","maize","NPK",NA,NA,NA,NA,NA,NA,"orange",1
"344","Siaya","LR2016","maize","NPK",NA,NA,NA,NA,NA,NA,"orange",1
"345","Siaya","LR2016","maize","NPK",NA,NA,NA,NA,NA,NA,"orange",1
"346","Siaya","LR2016","maize","NPK",NA,NA,NA,NA,NA,NA,"orange",1
"347","Siaya","LR2016","maize","NPK",NA,NA,NA,NA,NA,NA,"orange",1
"348","Siaya","LR2016","maize","NPK",NA,NA,NA,NA,NA,NA,"orange",1
"349","Siaya","LR2016","maize","NPK",NA,NA,NA,NA,NA,NA,"orange",1
"350","Siaya","LR2016","maize","NPK",NA,NA,NA,NA,NA,NA,"orange",1
"351","Siaya","LR2016","maize","NPK",NA,NA,NA,NA,NA,NA,"orange",1
"352","Siaya","LR2018","maize","NPK",77.1385272885237,16.7368929865535,73.634346228336,77.1385272885242,9.82555116170568,80.9518511378228,"orange",1
"353","Siaya","LR2018","maize","NPK",80.06319102723,10.7536394644437,51.3600965459715,80.0629789110809,5.03707206512699,36.5861697719778,"orange",1
"354","Siaya","LR2018","maize","NPK",67.4859743911672,12.8774310155271,63.8353903311335,67.4863222060943,8.71149365025078,64.5344979358252,"orange",1
"355","Siaya","LR2018","maize","NPK",60.298836908024,8.15934327433629,34.7366799923365,60.2986188585732,4.27597410660818,32.2836938479122,"orange",1
"356","Siaya","LR2018","maize","NPK",62.550570164121,7.41187461826435,41.2277079021602,62.5504815433334,4.38029003645658,34.129133503296,"orange",1
"357","Siaya","LR2018","maize","NPK",88.3021946019223,12.6041428645556,66.3726259065077,88.3021946019221,7.02431470756279,48.4880027722916,"orange",1
"358","Siaya","LR2018","maize","NPK",61.5912920388276,7.68718787366345,38.5466819596051,NA,NA,NA,"orange",1
"359","Siaya","LR2018","maize","NPK",79.7939295014431,14.9136737190408,73.1395926495833,79.7941580224771,10.2456153623044,54.9564601806539,"orange",1
"360","Siaya","LR2018","maize","NPK",85.3258457524372,17.7047298638081,81.4525950949572,85.3261609402673,10.8976103014094,75.4398456824308,"orange",1
"361","Siaya","LR2016","maize","PK",NA,NA,NA,NA,NA,NA,"orange",1
"362","Siaya","LR2016","maize","PK",NA,NA,NA,NA,NA,NA,"orange",1
"363","Siaya","LR2016","maize","PK",NA,NA,NA,NA,NA,NA,"orange",1
"364","Siaya","LR2016","maize","PK",NA,NA,NA,NA,NA,NA,"orange",1
"365","Siaya","LR2016","maize","PK",NA,NA,NA,NA,NA,NA,"orange",1
"366","Siaya","LR2016","maize","PK",NA,NA,NA,NA,NA,NA,"orange",1
"367","Siaya","LR2016","maize","PK",NA,NA,NA,NA,NA,NA,"orange",1
"368","Siaya","LR2016","maize","PK",NA,NA,NA,NA,NA,NA,"orange",1
"369","Siaya","LR2016","maize","PK",NA,NA,NA,NA,NA,NA,"orange",1
"370","Siaya","LR2016","maize","PK",NA,NA,NA,NA,NA,NA,"orange",1
"371","Siaya","LR2016","maize","PK",NA,NA,NA,NA,NA,NA,"orange",1
"372","Siaya","LR2016","maize","PK",NA,NA,NA,NA,NA,NA,"orange",1
"373","Siaya","LR2016","maize","PK",NA,NA,NA,NA,NA,NA,"orange",1
"374","Siaya","LR2016","maize","PK",NA,NA,NA,NA,NA,NA,"orange",1
"375","Siaya","LR2016","maize","PK",NA,NA,NA,NA,NA,NA,"orange",1
"376","Siaya","LR2016","maize","PK",NA,NA,NA,NA,NA,NA,"orange",1
"377","Siaya","LR2016","maize","PK",NA,NA,NA,NA,NA,NA,"orange",1
"378","Siaya","LR2016","maize","PK",NA,NA,NA,NA,NA,NA,"orange",1
"379","Siaya","LR2016","maize","PK",NA,NA,NA,NA,NA,NA,"orange",1
"380","Siaya","LR2016","maize","PK",NA,NA,NA,NA,NA,NA,"orange",1
"381","Siaya","LR2016","maize","PK",NA,NA,NA,NA,NA,NA,"orange",1
"382","Siaya","LR2018","maize","PK",NA,NA,NA,NA,NA,NA,"orange",1
"383","Siaya","LR2018","maize","PK",NA,NA,NA,NA,NA,NA,"orange",1
"384","Siaya","LR2018","maize","PK",NA,NA,NA,NA,NA,NA,"orange",1
"385","Siaya","LR2018","maize","PK",17.3284349420174,2.5908703548757,12.4438974676619,17.3284349420173,3.69120679376133,26.7341683905687,"orange",1
"386","Siaya","LR2018","maize","PK",19.5801681981143,1.84340169880377,18.9349253774856,19.5801422678212,3.90135104849226,29.6170146112808,"orange",1
"387","Siaya","LR2018","maize","PK",45.3317926359157,7.03566994509503,44.0798433818331,45.3317483917062,6.80145257163868,47.9710571435514,"orange",1
"388","Siaya","LR2018","maize","PK",18.6208900728209,2.11871495420287,16.2538994349305,NA,NA,NA,"orange",1
"389","Siaya","LR2018","maize","PK",NA,NA,NA,NA,NA,NA,"orange",1
"390","Siaya","LR2018","maize","PK",NA,NA,NA,NA,NA,NA,"orange",1
"391","Siaya","LR2016","maize","NK",NA,NA,NA,NA,NA,NA,"orange",1
"392","Siaya","LR2016","maize","NK",NA,NA,NA,NA,NA,NA,"orange",1
"393","Siaya","LR2016","maize","NK",NA,NA,NA,NA,NA,NA,"orange",1
"394","Siaya","LR2016","maize","NK",NA,NA,NA,NA,NA,NA,"orange",1
"395","Siaya","LR2016","maize","NK",NA,NA,NA,NA,NA,NA,"orange",1
"396","Siaya","LR2016","maize","NK",NA,NA,NA,NA,NA,NA,"orange",1
"397","Siaya","LR2016","maize","NK",NA,NA,NA,NA,NA,NA,"orange",1
"398","Siaya","LR2016","maize","NK",NA,NA,NA,NA,NA,NA,"orange",1
"399","Siaya","LR2016","maize","NK",NA,NA,NA,NA,NA,NA,"orange",1
"400","Siaya","LR2016","maize","NK",NA,NA,NA,NA,NA,NA,"orange",1
"401","Siaya","LR2016","maize","NK",NA,NA,NA,NA,NA,NA,"orange",1
"402","Siaya","LR2016","maize","NK",NA,NA,NA,NA,NA,NA,"orange",1
"403","Siaya","LR2016","maize","NK",NA,NA,NA,NA,NA,NA,"orange",1
"404","Siaya","LR2016","maize","NK",NA,NA,NA,NA,NA,NA,"orange",1
"405","Siaya","LR2016","maize","NK",NA,NA,NA,NA,NA,NA,"orange",1
"406","Siaya","LR2016","maize","NK",NA,NA,NA,NA,NA,NA,"orange",1
"407","Siaya","LR2016","maize","NK",NA,NA,NA,NA,NA,NA,"orange",1
"408","Siaya","LR2016","maize","NK",NA,NA,NA,NA,NA,NA,"orange",1
"409","Siaya","LR2016","maize","NK",NA,NA,NA,NA,NA,NA,"orange",1
"410","Siaya","LR2016","maize","NK",NA,NA,NA,NA,NA,NA,"orange",1
"411","Siaya","LR2016","maize","NK",NA,NA,NA,NA,NA,NA,"orange",1
"412","Siaya","LR2018","maize","NK",NA,NA,NA,NA,NA,NA,"orange",1
"413","Siaya","LR2018","maize","NK",NA,NA,NA,NA,NA,NA,"orange",1
"414","Siaya","LR2018","maize","NK",NA,NA,NA,NA,NA,NA,"orange",1
"415","Siaya","LR2018","maize","NK",42.3869722538614,4.4459080409443,25.7046389390627,42.3868152031785,0.75403983815071,6.6839470587339,"orange",1
"416","Siaya","LR2018","maize","NK",NA,NA,NA,38.5097573064187,0.851686710835672,7.97581518435593,"orange",1
"417","Siaya","LR2018","maize","NK",70.3903299477597,8.89070763116363,57.3405848532339,70.3903299477601,3.56751624464601,39.3604261931916,"orange",1
"418","Siaya","LR2018","maize","NK",NA,NA,NA,NA,NA,NA,"orange",1
"419","Siaya","LR2018","maize","NK",NA,NA,NA,NA,NA,NA,"orange",1
"420","Siaya","LR2018","maize","NK",NA,NA,NA,NA,NA,NA,"orange",1
"421","Siaya","LR2016","maize","NP",NA,NA,NA,NA,NA,NA,"orange",1
"422","Siaya","LR2016","maize","NP",NA,NA,NA,NA,NA,NA,"orange",1
"423","Siaya","LR2016","maize","NP",NA,NA,NA,NA,NA,NA,"orange",1
"424","Siaya","LR2016","maize","NP",NA,NA,NA,NA,NA,NA,"orange",1
"425","Siaya","LR2016","maize","NP",NA,NA,NA,NA,NA,NA,"orange",1
"426","Siaya","LR2016","maize","NP",NA,NA,NA,NA,NA,NA,"orange",1
"427","Siaya","LR2016","maize","NP",NA,NA,NA,NA,NA,NA,"orange",1
"428","Siaya","LR2016","maize","NP",NA,NA,NA,NA,NA,NA,"orange",1
"429","Siaya","LR2016","maize","NP",NA,NA,NA,NA,NA,NA,"orange",1
"430","Siaya","LR2016","maize","NP",NA,NA,NA,NA,NA,NA,"orange",1
"431","Siaya","LR2016","maize","NP",NA,NA,NA,NA,NA,NA,"orange",1
"432","Siaya","LR2016","maize","NP",NA,NA,NA,NA,NA,NA,"orange",1
"433","Siaya","LR2016","maize","NP",NA,NA,NA,NA,NA,NA,"orange",1
"434","Siaya","LR2016","maize","NP",NA,NA,NA,NA,NA,NA,"orange",1
"435","Siaya","LR2016","maize","NP",NA,NA,NA,NA,NA,NA,"orange",1
"436","Siaya","LR2016","maize","NP",NA,NA,NA,NA,NA,NA,"orange",1
"437","Siaya","LR2016","maize","NP",NA,NA,NA,NA,NA,NA,"orange",1
"438","Siaya","LR2016","maize","NP",NA,NA,NA,NA,NA,NA,"orange",1
"439","Siaya","LR2016","maize","NP",NA,NA,NA,NA,NA,NA,"orange",1
"440","Siaya","LR2016","maize","NP",NA,NA,NA,NA,NA,NA,"orange",1
"441","Siaya","LR2016","maize","NP",NA,NA,NA,NA,NA,NA,"orange",1
"442","Siaya","LR2018","maize","NP",NA,NA,NA,NA,NA,NA,"orange",1
"443","Siaya","LR2018","maize","NP",NA,NA,NA,NA,NA,NA,"orange",1
"444","Siaya","LR2018","maize","NP",NA,NA,NA,NA,NA,NA,"orange",1
"445","Siaya","LR2018","maize","NP",44.3577320925596,5.90711831993133,18.5797311368128,44.3576510262229,4.23275583198729,27.8331477530825,"orange",1
"446","Siaya","LR2018","maize","NP",46.6094653486566,5.1596496638594,25.0707590466365,46.6094333043615,4.34332798404219,29.7873411911655,"orange",1
"447","Siaya","LR2018","maize","NP",72.3610897864579,10.3519179101507,50.215677050984,72.3608764589916,6.96798945723966,43.7638463197305,"orange",1
"448","Siaya","LR2018","maize","NP",45.6501872233632,5.4349629192585,22.3897331040813,NA,NA,NA,"orange",1
"449","Siaya","LR2018","maize","NP",NA,NA,NA,NA,NA,NA,"orange",1
"450","Siaya","LR2018","maize","NP",NA,NA,NA,NA,NA,NA,"orange",1
"451","Siaya","LR2016","maize","Control",26.0209534643649,3.65308820555563,39.3847844970661,NA,NA,NA,"red",1
"452","Siaya","LR2016","maize","Control",23.4617443603267,2.84122622247264,9.80974622679,23.4617443603267,4.68989482088672,31.1345633092986,"red",1
"453","Siaya","LR2016","maize","Control",11.7514730636524,0.967037991553587,8.5013138455405,11.7514730636524,2.69141529151833,17.1908143932179,"red",1
"454","Siaya","LR2016","maize","Control",5.53071179754117,1.23113943280307,-1.76345381918763,5.53071179754117,0.612284719016468,3.19410154446763,"red",1
"455","Siaya","LR2016","maize","Control",23.5495196241042,3.11327326703019,22.0149090518251,23.5495196241042,4.88611218528404,37.973058616818,"red",1
"456","Siaya","LR2016","maize","Control",36.3165202457848,6.67274414572549,43.7865339110119,36.3165202457848,7.97986053059557,57.3758635089198,"red",1
"457","Siaya","LR2016","maize","Control",22.694603565692,1.94619201697253,8.05212224636898,22.694603565692,3.99667323408068,29.7422715396082,"red",1
"458","Siaya","LR2016","maize","Control",7.26425589478823,0.383538696561371,-0.921120084109713,7.26425589478822,1.30570235791529,7.09457576327351,"red",1
"459","Siaya","LR2016","maize","Control",12.6879649660264,0.675463150885215,3.98497720528703,NA,NA,NA,"red",1
"460","Siaya","LR2016","maize","Control",20.997323368655,2.47152420927698,19.5315385398839,NA,NA,NA,"red",1
"461","Siaya","LR2016","maize","Control",21.3881856414573,3.00950588704359,39.7708471514295,21.3881856414573,4.70106793240045,38.8734176932789,"red",1
"462","Siaya","LR2016","maize","Control",3.70575768212161,0.58260767926492,-0.53886740781606,NA,NA,NA,"red",1
"463","Siaya","LR2016","maize","Control",8.72599377757451,0.685078287167794,1.71630466099156,NA,NA,NA,"red",1
"464","Siaya","LR2016","maize","Control",17.7709174056122,1.28075013265829,1.10007494740536,NA,NA,NA,"red",1
"465","Siaya","LR2016","maize","Control",13.6459848471016,0.949887277681198,0.0455923146094914,13.6459848471016,2.87763819397379,20.0141089053738,"red",1
"466","Siaya","LR2016","maize","Control",18.3727378187904,4.23215508963853,7.63341231973689,NA,NA,NA,"red",1
"467","Siaya","LR2016","maize","Control",17.0403226335566,1.27608919905315,6.50836711880322,17.0403226335566,1.4368414518264,12.1084001950299,"red",1
"468","Siaya","LR2016","maize","Control",10.8057438766897,1.09989676306303,9.29310280284749,10.8057438766897,1.24174825155737,12.7795876446197,"red",1
"469","Siaya","LR2016","maize","Control",37.8489482462571,4.81266638593928,31.8626514704126,NA,NA,NA,"red",1
"470","Siaya","LR2016","maize","Control",19.5425718877686,3.83776910669841,21.2294709412485,19.5425718877686,5.03974832810368,33.533737499168,"red",1
"471","Siaya","LR2016","maize","Control",19.5303278277502,2.0395910867267,4.85188217992074,19.5303278277502,3.94576200268234,26.4485531148658,"red",1
"472","Siaya","LR2018","maize","Control",NA,NA,NA,NA,NA,NA,"red",1
"473","Siaya","LR2018","maize","Control",NA,NA,NA,NA,NA,NA,"red",1
"474","Siaya","LR2018","maize","Control",NA,NA,NA,NA,NA,NA,"red",1
"475","Siaya","LR2018","maize","Control",NA,NA,NA,NA,NA,NA,"red",1
"476","Siaya","LR2018","maize","Control",NA,NA,NA,NA,NA,NA,"red",1
"477","Siaya","LR2018","maize","Control",NA,NA,NA,NA,NA,NA,"red",1
"478","Siaya","LR2018","maize","Control",NA,NA,NA,NA,NA,NA,"red",1
"479","Siaya","LR2018","maize","Control",NA,NA,NA,NA,NA,NA,"red",1
"480","Siaya","LR2018","maize","Control",NA,NA,NA,NA,NA,NA,"red",1
"481","Siaya","LR2016","maize","NPK",NA,NA,NA,NA,NA,NA,"red",1
"482","Siaya","LR2016","maize","NPK",NA,NA,NA,NA,NA,NA,"red",1
"483","Siaya","LR2016","maize","NPK",NA,NA,NA,NA,NA,NA,"red",1
"484","Siaya","LR2016","maize","NPK",NA,NA,NA,NA,NA,NA,"red",1
"485","Siaya","LR2016","maize","NPK",NA,NA,NA,NA,NA,NA,"red",1
"486","Siaya","LR2016","maize","NPK",NA,NA,NA,NA,NA,NA,"red",1
"487","Siaya","LR2016","maize","NPK",NA,NA,NA,NA,NA,NA,"red",1
"488","Siaya","LR2016","maize","NPK",NA,NA,NA,NA,NA,NA,"red",1
"489","Siaya","LR2016","maize","NPK",NA,NA,NA,NA,NA,NA,"red",1
"490","Siaya","LR2016","maize","NPK",NA,NA,NA,NA,NA,NA,"red",1
"491","Siaya","LR2016","maize","NPK",NA,NA,NA,NA,NA,NA,"red",1
"492","Siaya","LR2016","maize","NPK",NA,NA,NA,NA,NA,NA,"red",1
"493","Siaya","LR2016","maize","NPK",NA,NA,NA,NA,NA,NA,"red",1
"494","Siaya","LR2016","maize","NPK",NA,NA,NA,NA,NA,NA,"red",1
"495","Siaya","LR2016","maize","NPK",NA,NA,NA,NA,NA,NA,"red",1
"496","Siaya","LR2016","maize","NPK",NA,NA,NA,NA,NA,NA,"red",1
"497","Siaya","LR2016","maize","NPK",NA,NA,NA,NA,NA,NA,"red",1
"498","Siaya","LR2016","maize","NPK",NA,NA,NA,NA,NA,NA,"red",1
"499","Siaya","LR2016","maize","NPK",NA,NA,NA,NA,NA,NA,"red",1
"500","Siaya","LR2016","maize","NPK",NA,NA,NA,NA,NA,NA,"red",1
"501","Siaya","LR2016","maize","NPK",NA,NA,NA,NA,NA,NA,"red",1
"502","Siaya","LR2018","maize","NPK",78.1355344749353,13.8679097122812,66.5655744336794,78.1355344749352,9.86671662656538,70.5028904961314,"red",1
"503","Siaya","LR2018","maize","NPK",86.0905200862915,11.4348588357745,44.6672202656013,86.090520086291,4.73010054463244,20.3501847528042,"red",1
"504","Siaya","LR2018","maize","NPK",68.4829815775788,10.0084477412548,56.766618536477,68.4833631885251,8.74784907127141,52.6062710502664,"red",1
"505","Siaya","LR2018","maize","NPK",66.3261659670855,8.84056264566714,28.0438037119664,66.3261016245313,3.96021223523045,15.2958892068309,"red",1
"506","Siaya","LR2018","maize","NPK",68.5778992231824,8.09309398959521,34.5348316217901,68.5778992231826,3.97637221183138,15.2542054511293,"red",1
"507","Siaya","LR2018","maize","NPK",89.2992017883339,9.73515959028337,59.3038541118511,89.2988318753305,6.77984048214587,32.6826172856588,"red",1
"508","Siaya","LR2018","maize","NPK",67.618621097889,8.36840724499431,31.8538056792349,NA,NA,NA,"red",1
"509","Siaya","LR2018","maize","NPK",80.7909366878546,12.0446904447686,66.0708208549267,80.7916822280933,9.95573232354775,42.2532292671132,"red",1
"510","Siaya","LR2018","maize","NPK",86.3228529388488,14.8357465895358,74.3838233003006,86.3231325620446,10.8753594954088,62.4993822308885,"red",1
"511","Siaya","LR2016","maize","PK",NA,NA,NA,NA,NA,NA,"red",1
"512","Siaya","LR2016","maize","PK",NA,NA,NA,NA,NA,NA,"red",1
"513","Siaya","LR2016","maize","PK",NA,NA,NA,NA,NA,NA,"red",1
"514","Siaya","LR2016","maize","PK",NA,NA,NA,NA,NA,NA,"red",1
"515","Siaya","LR2016","maize","PK",NA,NA,NA,NA,NA,NA,"red",1
"516","Siaya","LR2016","maize","PK",NA,NA,NA,NA,NA,NA,"red",1
"517","Siaya","LR2016","maize","PK",NA,NA,NA,NA,NA,NA,"red",1
"518","Siaya","LR2016","maize","PK",NA,NA,NA,NA,NA,NA,"red",1
"519","Siaya","LR2016","maize","PK",NA,NA,NA,NA,NA,NA,"red",1
"520","Siaya","LR2016","maize","PK",NA,NA,NA,NA,NA,NA,"red",1
"521","Siaya","LR2016","maize","PK",NA,NA,NA,NA,NA,NA,"red",1
"522","Siaya","LR2016","maize","PK",NA,NA,NA,NA,NA,NA,"red",1
"523","Siaya","LR2016","maize","PK",NA,NA,NA,NA,NA,NA,"red",1
"524","Siaya","LR2016","maize","PK",NA,NA,NA,NA,NA,NA,"red",1
"525","Siaya","LR2016","maize","PK",NA,NA,NA,NA,NA,NA,"red",1
"526","Siaya","LR2016","maize","PK",NA,NA,NA,NA,NA,NA,"red",1
"527","Siaya","LR2016","maize","PK",NA,NA,NA,NA,NA,NA,"red",1
"528","Siaya","LR2016","maize","PK",NA,NA,NA,NA,NA,NA,"red",1
"529","Siaya","LR2016","maize","PK",NA,NA,NA,NA,NA,NA,"red",1
"530","Siaya","LR2016","maize","PK",NA,NA,NA,NA,NA,NA,"red",1
"531","Siaya","LR2016","maize","PK",NA,NA,NA,NA,NA,NA,"red",1
"532","Siaya","LR2018","maize","PK",NA,NA,NA,NA,NA,NA,"red",1
"533","Siaya","LR2018","maize","PK",NA,NA,NA,NA,NA,NA,"red",1
"534","Siaya","LR2018","maize","PK",NA,NA,NA,NA,NA,NA,"red",1
"535","Siaya","LR2018","maize","PK",23.3557640010788,3.27208972620656,5.75102118729181,23.3557640010789,3.96063765178237,15.0181541052041,"red",1
"536","Siaya","LR2018","maize","PK",NA,NA,NA,9.19302559006256,2.06339624704203,10.9091306389365,"red",1
"537","Siaya","LR2018","maize","PK",46.3287998223272,4.16668667082278,37.0110715871765,46.3286992661508,6.78005413965517,32.4827846191873,"red",1
"538","Siaya","LR2018","maize","PK",NA,NA,NA,NA,NA,NA,"red",1
"539","Siaya","LR2018","maize","PK",NA,NA,NA,NA,NA,NA,"red",1
"540","Siaya","LR2018","maize","PK",NA,NA,NA,NA,NA,NA,"red",1
"541","Siaya","LR2016","maize","NK",NA,NA,NA,NA,NA,NA,"red",1
"542","Siaya","LR2016","maize","NK",NA,NA,NA,NA,NA,NA,"red",1
"543","Siaya","LR2016","maize","NK",NA,NA,NA,NA,NA,NA,"red",1
"544","Siaya","LR2016","maize","NK",NA,NA,NA,NA,NA,NA,"red",1
"545","Siaya","LR2016","maize","NK",NA,NA,NA,NA,NA,NA,"red",1
"546","Siaya","LR2016","maize","NK",NA,NA,NA,NA,NA,NA,"red",1
"547","Siaya","LR2016","maize","NK",NA,NA,NA,NA,NA,NA,"red",1
"548","Siaya","LR2016","maize","NK",NA,NA,NA,NA,NA,NA,"red",1
"549","Siaya","LR2016","maize","NK",NA,NA,NA,NA,NA,NA,"red",1
"550","Siaya","LR2016","maize","NK",NA,NA,NA,NA,NA,NA,"red",1
"551","Siaya","LR2016","maize","NK",NA,NA,NA,NA,NA,NA,"red",1
"552","Siaya","LR2016","maize","NK",NA,NA,NA,NA,NA,NA,"red",1
"553","Siaya","LR2016","maize","NK",NA,NA,NA,NA,NA,NA,"red",1
"554","Siaya","LR2016","maize","NK",NA,NA,NA,NA,NA,NA,"red",1
"555","Siaya","LR2016","maize","NK",NA,NA,NA,NA,NA,NA,"red",1
"556","Siaya","LR2016","maize","NK",NA,NA,NA,NA,NA,NA,"red",1
"557","Siaya","LR2016","maize","NK",NA,NA,NA,NA,NA,NA,"red",1
"558","Siaya","LR2016","maize","NK",NA,NA,NA,NA,NA,NA,"red",1
"559","Siaya","LR2016","maize","NK",NA,NA,NA,NA,NA,NA,"red",1
"560","Siaya","LR2016","maize","NK",NA,NA,NA,NA,NA,NA,"red",1
"561","Siaya","LR2016","maize","NK",NA,NA,NA,NA,NA,NA,"red",1
"562","Siaya","LR2018","maize","NK",NA,NA,NA,NA,NA,NA,"red",1
"563","Siaya","LR2018","maize","NK",NA,NA,NA,NA,NA,NA,"red",1
"564","Siaya","LR2018","maize","NK",NA,NA,NA,NA,NA,NA,"red",1
"565","Siaya","LR2018","maize","NK",NA,NA,NA,56.2251719881783,0.826336152206814,7.64042729369617,"red",1
"566","Siaya","LR2018","maize","NK",NA,NA,NA,46.5170461959934,0.852615237827458,7.98796678915263,"red",1
"567","Siaya","LR2018","maize","NK",71.3873371341713,6.02172435689138,50.2718130585773,71.3871269020713,3.58517975126476,29.4854823781293,"red",1
"568","Siaya","LR2018","maize","NK",NA,NA,NA,NA,NA,NA,"red",1
"569","Siaya","LR2018","maize","NK",NA,NA,NA,NA,NA,NA,"red",1
"570","Siaya","LR2018","maize","NK",NA,NA,NA,NA,NA,NA,"red",1
"571","Siaya","LR2016","maize","NP",NA,NA,NA,NA,NA,NA,"red",1
"572","Siaya","LR2016","maize","NP",NA,NA,NA,NA,NA,NA,"red",1
"573","Siaya","LR2016","maize","NP",NA,NA,NA,NA,NA,NA,"red",1
"574","Siaya","LR2016","maize","NP",NA,NA,NA,NA,NA,NA,"red",1
"575","Siaya","LR2016","maize","NP",NA,NA,NA,NA,NA,NA,"red",1
"576","Siaya","LR2016","maize","NP",NA,NA,NA,NA,NA,NA,"red",1
"577","Siaya","LR2016","maize","NP",NA,NA,NA,NA,NA,NA,"red",1
"578","Siaya","LR2016","maize","NP",NA,NA,NA,NA,NA,NA,"red",1
"579","Siaya","LR2016","maize","NP",NA,NA,NA,NA,NA,NA,"red",1
"580","Siaya","LR2016","maize","NP",NA,NA,NA,NA,NA,NA,"red",1
"581","Siaya","LR2016","maize","NP",NA,NA,NA,NA,NA,NA,"red",1
"582","Siaya","LR2016","maize","NP",NA,NA,NA,NA,NA,NA,"red",1
"583","Siaya","LR2016","maize","NP",NA,NA,NA,NA,NA,NA,"red",1
"584","Siaya","LR2016","maize","NP",NA,NA,NA,NA,NA,NA,"red",1
"585","Siaya","LR2016","maize","NP",NA,NA,NA,NA,NA,NA,"red",1
"586","Siaya","LR2016","maize","NP",NA,NA,NA,NA,NA,NA,"red",1
"587","Siaya","LR2016","maize","NP",NA,NA,NA,NA,NA,NA,"red",1
"588","Siaya","LR2016","maize","NP",NA,NA,NA,NA,NA,NA,"red",1
"589","Siaya","LR2016","maize","NP",NA,NA,NA,NA,NA,NA,"red",1
"590","Siaya","LR2016","maize","NP",NA,NA,NA,NA,NA,NA,"red",1
"591","Siaya","LR2016","maize","NP",NA,NA,NA,NA,NA,NA,"red",1
"592","Siaya","LR2018","maize","NP",NA,NA,NA,NA,NA,NA,"red",1
"593","Siaya","LR2018","maize","NP",NA,NA,NA,NA,NA,NA,"red",1
"594","Siaya","LR2018","maize","NP",NA,NA,NA,NA,NA,NA,"red",1
"595","Siaya","LR2018","maize","NP",NA,NA,NA,56.2252040885488,3.31446342521288,9.42793256164463,"red",1
"596","Siaya","LR2018","maize","NP",52.6367944077181,5.84086903519025,18.3778827662664,52.6367229174155,3.31422420783127,9.38040230283603,"red",1
"597","Siaya","LR2018","maize","NP",73.3580969728695,7.48293463587841,43.1469052563274,73.357794728586,6.57853614391303,27.2037576126786,"red",1
"598","Siaya","LR2018","maize","NP",51.6775162824247,6.11618229058936,15.6968568237112,NA,NA,NA,"red",1
"599","Siaya","LR2018","maize","NP",NA,NA,NA,NA,NA,NA,"red",1
"600","Siaya","LR2018","maize","NP",NA,NA,NA,NA,NA,NA,"red",1
"601","Siaya","LR2016","maize","NP",75.555717277983,8.57316064255075,66.6342587794149,NA,NA,NA,"cyan",1
"602","Siaya","LR2016","maize","NP",72.9965081739447,7.76129865946776,37.0592205091388,72.996508173945,9.44021918603871,35.2649850781863,"cyan",1
"603","Siaya","LR2016","maize","NP",61.2862368772704,5.8871104285487,35.7507881278893,61.2862368772703,8.00822151014277,33.9255358164444,"cyan",1
"604","Siaya","LR2016","maize","NP",55.0654756111592,6.15121186979819,25.4860204631612,55.0655469003615,7.62239059476738,24.2797497677978,"cyan",1
"605","Siaya","LR2016","maize","NP",73.0842834377222,8.03334570402531,49.2643833341739,73.0849857275531,10.0987003575785,46.4926264447581,"cyan",1
"606","Siaya","LR2016","maize","NP",85.8512840594029,11.5928165827206,71.0360081933607,85.8512840594029,13.5094420016429,66.4252437769225,"cyan",1
"607","Siaya","LR2016","maize","NP",72.22936737931,6.86626445396764,35.3015965287178,72.2288941435127,8.71555023979478,33.6061868208189,"cyan",1
"608","Siaya","LR2016","maize","NP",56.7990197084063,5.30361113355649,26.3283541982391,56.7992279254267,7.14445326476158,25.1139997820571,"cyan",1
"609","Siaya","LR2016","maize","NP",42.1409919486058,3.26397284733752,11.8057714457765,NA,NA,NA,"cyan",1
"610","Siaya","LR2016","maize","NP",70.532087182273,7.3915966462721,46.7810128222327,NA,NA,NA,"cyan",1
"611","Siaya","LR2016","maize","NP",70.9229494550754,7.92957832403871,67.0203214337783,70.9230901275555,10.211840502114,62.1032468772006,"cyan",1
"612","Siaya","LR2016","maize","NP",33.158784664701,3.17111737571722,7.28192683267344,NA,NA,NA,"cyan",1
"613","Siaya","LR2016","maize","NP",38.1790207601539,3.27358798362009,9.53709890148105,NA,NA,NA,"cyan",1
"614","Siaya","LR2016","maize","NP",67.3056812192302,6.2008225696534,28.3495492297542,NA,NA,NA,"cyan",1
"615","Siaya","LR2016","maize","NP",63.1807486607197,5.86995971467632,27.2950665969583,63.1807486607195,7.58173198200328,26.0479439970717,"cyan",1
"616","Siaya","LR2016","maize","NP",67.9075016324084,9.15222752663365,34.8828866020857,NA,NA,NA,"cyan",1
"617","Siaya","LR2016","maize","NP",46.493349616136,3.86459889550545,14.3291613592927,46.4934457342276,5.10883235216532,13.6903262573485,"cyan",1
"618","Siaya","LR2016","maize","NP",40.2587708592691,3.68840645951533,17.113897043337,40.258770859269,5.43812850662328,16.3521334443861,"cyan",1
"619","Siaya","LR2016","maize","NP",87.3837120598752,9.7327388229344,59.1121257527615,NA,NA,NA,"cyan",1
"620","Siaya","LR2016","maize","NP",69.0773357013867,8.75784154369352,48.4789452235973,69.0773357013867,10.6461239743015,45.684126732527,"cyan",1
"621","Siaya","LR2016","maize","NP",69.0650916413683,6.95966352372182,32.1013564622696,69.0646780017999,8.61298455826315,30.6027486628372,"cyan",1
"622","Siaya","LR2018","maize","NP",NA,NA,NA,NA,NA,NA,"cyan",1
"623","Siaya","LR2018","maize","NP",NA,NA,NA,NA,NA,NA,"cyan",1
"624","Siaya","LR2018","maize","NP",NA,NA,NA,NA,NA,NA,"cyan",1
"625","Siaya","LR2018","maize","NP",NA,NA,NA,NA,NA,NA,"cyan",1
"626","Siaya","LR2018","maize","NP",NA,NA,NA,NA,NA,NA,"cyan",1
"627","Siaya","LR2018","maize","NP",NA,NA,NA,NA,NA,NA,"cyan",1
"628","Siaya","LR2018","maize","NP",NA,NA,NA,NA,NA,NA,"cyan",1
"629","Siaya","LR2018","maize","NP",NA,NA,NA,NA,NA,NA,"cyan",1
"630","Siaya","LR2018","maize","NP",NA,NA,NA,NA,NA,NA,"cyan",1
"631","Siaya","LR2016","maize","NPK",NA,NA,NA,NA,NA,NA,"cyan",1
"632","Siaya","LR2016","maize","NPK",NA,NA,NA,NA,NA,NA,"cyan",1
"633","Siaya","LR2016","maize","NPK",NA,NA,NA,NA,NA,NA,"cyan",1
"634","Siaya","LR2016","maize","NPK",NA,NA,NA,NA,NA,NA,"cyan",1
"635","Siaya","LR2016","maize","NPK",NA,NA,NA,NA,NA,NA,"cyan",1
"636","Siaya","LR2016","maize","NPK",NA,NA,NA,NA,NA,NA,"cyan",1
"637","Siaya","LR2016","maize","NPK",NA,NA,NA,NA,NA,NA,"cyan",1
"638","Siaya","LR2016","maize","NPK",NA,NA,NA,NA,NA,NA,"cyan",1
"639","Siaya","LR2016","maize","NPK",NA,NA,NA,NA,NA,NA,"cyan",1
"640","Siaya","LR2016","maize","NPK",NA,NA,NA,NA,NA,NA,"cyan",1
"641","Siaya","LR2016","maize","NPK",NA,NA,NA,NA,NA,NA,"cyan",1
"642","Siaya","LR2016","maize","NPK",NA,NA,NA,NA,NA,NA,"cyan",1
"643","Siaya","LR2016","maize","NPK",NA,NA,NA,NA,NA,NA,"cyan",1
"644","Siaya","LR2016","maize","NPK",NA,NA,NA,NA,NA,NA,"cyan",1
"645","Siaya","LR2016","maize","NPK",NA,NA,NA,NA,NA,NA,"cyan",1
"646","Siaya","LR2016","maize","NPK",NA,NA,NA,NA,NA,NA,"cyan",1
"647","Siaya","LR2016","maize","NPK",NA,NA,NA,NA,NA,NA,"cyan",1
"648","Siaya","LR2016","maize","NPK",NA,NA,NA,NA,NA,NA,"cyan",1
"649","Siaya","LR2016","maize","NPK",NA,NA,NA,NA,NA,NA,"cyan",1
"650","Siaya","LR2016","maize","NPK",NA,NA,NA,NA,NA,NA,"cyan",1
"651","Siaya","LR2016","maize","NPK",NA,NA,NA,NA,NA,NA,"cyan",1
"652","Siaya","LR2018","maize","NPK",90.8188328636701,17.3490180267439,63.1577400232585,90.8186274682143,11.4491457849705,67.9536365762543,"cyan",1
"653","Siaya","LR2018","maize","NPK",66.1957634369169,9.454009715313,35.7783206072408,66.1956137410284,5.9235295673518,19.5394617763236,"cyan",1
"654","Siaya","LR2018","maize","NPK",81.1662799663136,13.4895560557175,53.358784126056,81.1660785749812,10.1389412555867,50.7621232474468,"cyan",1
"655","Siaya","LR2018","maize","NPK",46.4314093177109,6.8597135252056,19.1549040536058,46.4315316671162,4.95309882638075,12.6693582358036,"cyan",1
"656","Siaya","LR2018","maize","NPK",48.6831425738079,6.11224486913367,25.6459319634295,48.6830423646657,5.39653257862845,14.7366401556965,"cyan",1
"657","Siaya","LR2018","maize","NPK",101.982500177069,13.216267904746,55.8960197014302,101.982018331323,8.57529029690785,31.8201912061854,"cyan",1
"658","Siaya","LR2018","maize","NPK",47.7238644485145,6.38755812453277,22.9649060208744,NA,NA,NA,"cyan",1
"659","Siaya","LR2018","maize","NPK",93.4742350765895,15.5257987592312,62.6629864445058,93.473925858004,11.0996049890385,40.5449752926888,"cyan",1
"660","Siaya","LR2018","maize","NPK",99.0061513275837,18.3168549039985,70.9759888898797,99.0060850372251,12.2749523940304,61.7900425136398,"cyan",1
"661","Siaya","LR2016","maize","PK",NA,NA,NA,NA,NA,NA,"cyan",1
"662","Siaya","LR2016","maize","PK",NA,NA,NA,NA,NA,NA,"cyan",1
"663","Siaya","LR2016","maize","PK",NA,NA,NA,NA,NA,NA,"cyan",1
"664","Siaya","LR2016","maize","PK",NA,NA,NA,NA,NA,NA,"cyan",1
"665","Siaya","LR2016","maize","PK",NA,NA,NA,NA,NA,NA,"cyan",1
"666","Siaya","LR2016","maize","PK",NA,NA,NA,NA,NA,NA,"cyan",1
"667","Siaya","LR2016","maize","PK",NA,NA,NA,NA,NA,NA,"cyan",1
"668","Siaya","LR2016","maize","PK",NA,NA,NA,NA,NA,NA,"cyan",1
"669","Siaya","LR2016","maize","PK",NA,NA,NA,NA,NA,NA,"cyan",1
"670","Siaya","LR2016","maize","PK",NA,NA,NA,NA,NA,NA,"cyan",1
"671","Siaya","LR2016","maize","PK",NA,NA,NA,NA,NA,NA,"cyan",1
"672","Siaya","LR2016","maize","PK",NA,NA,NA,NA,NA,NA,"cyan",1
"673","Siaya","LR2016","maize","PK",NA,NA,NA,NA,NA,NA,"cyan",1
"674","Siaya","LR2016","maize","PK",NA,NA,NA,NA,NA,NA,"cyan",1
"675","Siaya","LR2016","maize","PK",NA,NA,NA,NA,NA,NA,"cyan",1
"676","Siaya","LR2016","maize","PK",NA,NA,NA,NA,NA,NA,"cyan",1
"677","Siaya","LR2016","maize","PK",NA,NA,NA,NA,NA,NA,"cyan",1
"678","Siaya","LR2016","maize","PK",NA,NA,NA,NA,NA,NA,"cyan",1
"679","Siaya","LR2016","maize","PK",NA,NA,NA,NA,NA,NA,"cyan",1
"680","Siaya","LR2016","maize","PK",NA,NA,NA,NA,NA,NA,"cyan",1
"681","Siaya","LR2016","maize","PK",NA,NA,NA,NA,NA,NA,"cyan",1
"682","Siaya","LR2018","maize","PK",NA,NA,NA,NA,NA,NA,"cyan",1
"683","Siaya","LR2018","maize","PK",NA,NA,NA,NA,NA,NA,"cyan",1
"684","Siaya","LR2018","maize","PK",NA,NA,NA,NA,NA,NA,"cyan",1
"685","Siaya","LR2018","maize","PK",3.46100735170424,1.29124060574502,-3.13787847106877,3.46101435193264,7.51555208347358e-07,2.07316510989603e-06,"cyan",1
"686","Siaya","LR2018","maize","PK",5.71274060780123,0.543771949673082,3.35314943875491,5.7127623498302,0.685100655512404,3.60367783652406,"cyan",1
"687","Siaya","LR2018","maize","PK",59.0120982110621,7.64779498528543,33.6032371767556,59.011776135213,8.5756154578971,31.662470067942,"cyan",1
"688","Siaya","LR2018","maize","PK",4.75346248250783,0.819085205072182,0.67212349619977,NA,NA,NA,"cyan",1
"689","Siaya","LR2018","maize","PK",NA,NA,NA,NA,NA,NA,"cyan",1
"690","Siaya","LR2018","maize","PK",NA,NA,NA,NA,NA,NA,"cyan",1
"691","Siaya","LR2016","maize","NK",NA,NA,NA,NA,NA,NA,"cyan",1
"692","Siaya","LR2016","maize","NK",NA,NA,NA,NA,NA,NA,"cyan",1
"693","Siaya","LR2016","maize","NK",NA,NA,NA,NA,NA,NA,"cyan",1
"694","Siaya","LR2016","maize","NK",NA,NA,NA,NA,NA,NA,"cyan",1
"695","Siaya","LR2016","maize","NK",NA,NA,NA,NA,NA,NA,"cyan",1
"696","Siaya","LR2016","maize","NK",NA,NA,NA,NA,NA,NA,"cyan",1
"697","Siaya","LR2016","maize","NK",NA,NA,NA,NA,NA,NA,"cyan",1
"698","Siaya","LR2016","maize","NK",NA,NA,NA,NA,NA,NA,"cyan",1
"699","Siaya","LR2016","maize","NK",NA,NA,NA,NA,NA,NA,"cyan",1
"700","Siaya","LR2016","maize","NK",NA,NA,NA,NA,NA,NA,"cyan",1
"701","Siaya","LR2016","maize","NK",NA,NA,NA,NA,NA,NA,"cyan",1
"702","Siaya","LR2016","maize","NK",NA,NA,NA,NA,NA,NA,"cyan",1
"703","Siaya","LR2016","maize","NK",NA,NA,NA,NA,NA,NA,"cyan",1
"704","Siaya","LR2016","maize","NK",NA,NA,NA,NA,NA,NA,"cyan",1
"705","Siaya","LR2016","maize","NK",NA,NA,NA,NA,NA,NA,"cyan",1
"706","Siaya","LR2016","maize","NK",NA,NA,NA,NA,NA,NA,"cyan",1
"707","Siaya","LR2016","maize","NK",NA,NA,NA,NA,NA,NA,"cyan",1
"708","Siaya","LR2016","maize","NK",NA,NA,NA,NA,NA,NA,"cyan",1
"709","Siaya","LR2016","maize","NK",NA,NA,NA,NA,NA,NA,"cyan",1
"710","Siaya","LR2016","maize","NK",NA,NA,NA,NA,NA,NA,"cyan",1
"711","Siaya","LR2016","maize","NK",NA,NA,NA,NA,NA,NA,"cyan",1
"712","Siaya","LR2018","maize","NK",NA,NA,NA,NA,NA,NA,"cyan",1
"713","Siaya","LR2018","maize","NK",NA,NA,NA,NA,NA,NA,"cyan",1
"714","Siaya","LR2018","maize","NK",NA,NA,NA,NA,NA,NA,"cyan",1
"715","Siaya","LR2018","maize","NK",28.5195446635483,3.14627829181362,10.122863000332,28.5195446635483,3.12133191280494,12.5362215477178,"cyan",1
"716","Siaya","LR2018","maize","NK",30.7712779196453,2.39880963574168,16.6138909101557,30.7712779196453,3.21141761052487,14.4499259261369,"cyan",1
"717","Siaya","LR2018","maize","NK",84.0706355229061,9.50283267135403,46.8639786481564,84.07045818487,5.77095288223967,30.8265849748515,"cyan",1
"718","Siaya","LR2018","maize","NK",29.8119997943519,2.67412289114078,13.9328649676006,NA,NA,NA,"cyan",1
"719","Siaya","LR2018","maize","NK",NA,NA,NA,NA,NA,NA,"cyan",1
"720","Siaya","LR2018","maize","NK",NA,NA,NA,NA,NA,NA,"cyan",1
"721","Siaya","LR2016","maize","NP",NA,NA,NA,NA,NA,NA,"cyan",1
"722","Siaya","LR2016","maize","NP",NA,NA,NA,NA,NA,NA,"cyan",1
"723","Siaya","LR2016","maize","NP",NA,NA,NA,NA,NA,NA,"cyan",1
"724","Siaya","LR2016","maize","NP",NA,NA,NA,NA,NA,NA,"cyan",1
"725","Siaya","LR2016","maize","NP",NA,NA,NA,NA,NA,NA,"cyan",1
"726","Siaya","LR2016","maize","NP",NA,NA,NA,NA,NA,NA,"cyan",1
"727","Siaya","LR2016","maize","NP",NA,NA,NA,NA,NA,NA,"cyan",1
"728","Siaya","LR2016","maize","NP",NA,NA,NA,NA,NA,NA,"cyan",1
"729","Siaya","LR2016","maize","NP",NA,NA,NA,NA,NA,NA,"cyan",1
"730","Siaya","LR2016","maize","NP",NA,NA,NA,NA,NA,NA,"cyan",1
"731","Siaya","LR2016","maize","NP",NA,NA,NA,NA,NA,NA,"cyan",1
"732","Siaya","LR2016","maize","NP",NA,NA,NA,NA,NA,NA,"cyan",1
"733","Siaya","LR2016","maize","NP",NA,NA,NA,NA,NA,NA,"cyan",1
"734","Siaya","LR2016","maize","NP",NA,NA,NA,NA,NA,NA,"cyan",1
"735","Siaya","LR2016","maize","NP",NA,NA,NA,NA,NA,NA,"cyan",1
"736","Siaya","LR2016","maize","NP",NA,NA,NA,NA,NA,NA,"cyan",1
"737","Siaya","LR2016","maize","NP",NA,NA,NA,NA,NA,NA,"cyan",1
"738","Siaya","LR2016","maize","NP",NA,NA,NA,NA,NA,NA,"cyan",1
"739","Siaya","LR2016","maize","NP",NA,NA,NA,NA,NA,NA,"cyan",1
"740","Siaya","LR2016","maize","NP",NA,NA,NA,NA,NA,NA,"cyan",1
"741","Siaya","LR2016","maize","NP",NA,NA,NA,NA,NA,NA,"cyan",1
"742","Siaya","LR2018","maize","NP",NA,NA,NA,NA,NA,NA,"cyan",1
"743","Siaya","LR2018","maize","NP",NA,NA,NA,NA,NA,NA,"cyan",1
"744","Siaya","LR2018","maize","NP",NA,NA,NA,NA,NA,NA,"cyan",1
"745","Siaya","LR2018","maize","NP",NA,NA,NA,56.6334877356649,2.5284933061846,6.66774847847499,"cyan",1
"746","Siaya","LR2018","maize","NP",32.7420377583435,3.86001991472871,9.48898310790578,32.742204295755,3.47059296023932,8.73509820794921,"cyan",1
"747","Siaya","LR2018","maize","NP",86.0413953616044,10.9640429503411,39.7390708459065,86.0413953616045,8.1398983005427,26.011400370223,"cyan",1
"748","Siaya","LR2018","maize","NP",31.7827596330501,4.13533317012781,6.80795716535065,NA,NA,NA,"cyan",1
"749","Siaya","LR2018","maize","NP",NA,NA,NA,NA,NA,NA,"cyan",1
"750","Siaya","LR2018","maize","NP",NA,NA,NA,NA,NA,NA,"cyan",1
